filename,filepath,class_id,class_name,split,group_id,is_augmented,source_original
ls_0001.jpg,C:\Users\mance\Documents\Steffi\Lichen-Dreams\backend\ia\datasets\liquenes_saludables\ls_0001.jpg,0,saludable,train,ls_0001,false,ls_0001.jpg
ls_0002.jpg,C:\Users\mance\Documents\Steffi\Lichen-Dreams\backend\ia\datasets\liquenes_saludables\ls_0002.jpg,0,saludable,train,ls_0002,false,ls_0002.jpg
ls_0003.jpg,C:\Users\mance\Documents\Steffi\Lichen-Dreams\backend\ia\datasets\liquenes_saludables\ls_0003.jpg,0,saludable,train,ls_0003,false,ls_0003.jpg
ls_0004.jpg,C:\Users\mance\Documents\Steffi\Lichen-Dreams\backend\ia\datasets\liquenes_saludables\ls_0004.jpg,0,saludable,test,ls_0004,false,ls_0004.jpg
ls_0005.jpg,C:\Users\mance\Documents\Steffi\Lichen-Dreams\backend\ia\datasets\liquenes_saludables\ls_0005.jpg,0,saludable,train,ls_0005,false,ls_0005.jpg
ls_0006.jpg,C:\Users\mance\Documents\Steffi\Lichen-Dreams\backend\ia\datasets\liquenes_saludables\ls_0006.jpg,0,saludable,train,ls_0006,false,ls_0006.jpg
ls_0007.jpg,C:\Users\mance\Documents\Steffi\Lichen-Dreams\backend\ia\datasets\liquenes_saludables\ls_0007.jpg,0,saludable,train,ls_0007,false,ls_0007.jpg
ls_0008.jpg,C:\Users\mance\Documents\Steffi\Lichen-Dreams\backend\ia\datasets\liquenes_saludables\ls_0008.jpg,0,saludable,train,ls_0008,false,ls_0008.jpg
ls_0009.jpg,C:\Users\mance\Documents\Steffi\Lichen-Dreams\backend\ia\datasets\liquenes_saludables\ls_0009.jpg,0,saludable,train,ls_0009,false,ls_0009.jpg
ls_0010.jpg,C:\Users\mance\Documents\Steffi\Lichen-Dreams\backend\ia\datasets\liquenes_saludables\ls_0010.jpg,0,saludable,train,ls_0010,false,ls_0010.jpg
ls_0011.jpg,C:\Users\mance\Documents\Steffi\Lichen-Dreams\backend\ia\datasets\liquenes_saludables\ls_0011.jpg,0,saludable,train,ls_0011,false,ls_0011.jpg
ls_0012.jpg,C:\Users\mance\Documents\Steffi\Lichen-Dreams\backend\ia\datasets\liquenes_saludables\ls_0012.jpg,0,saludable,train,ls_0012,false,ls_0012.jpg
ls_0013.jpg,C:\Users\mance\Documents\Steffi\Lichen-Dreams\backend\ia\datasets\liquenes_saludables\ls_0013.jpg,0,saludable,test,ls_0013,false,ls_0013.jpg
ls_0014.jpg,C:\Users\mance\Documents\Steffi\Lichen-Dreams\backend\ia\datasets\liquenes_saludables\ls_0014.jpg,0,saludable,test,ls_0014,false,ls_0014.jpg
ls_0015.jpg,C:\Users\mance\Documents\Steffi\Lichen-Dreams\backend\ia\datasets\liquenes_saludables\ls_0015.jpg,0,saludable,train,ls_0015,false,ls_0015.jpg
ls_0016.jpg,C:\Users\mance\Documents\Steffi\Lichen-Dreams\backend\ia\datasets\liquenes_saludables\ls_0016.jpg,0,saludable,test,ls_0016,false,ls_0016.jpg
ls_0017.jpg,C:\Users\mance\Documents\Steffi\Lichen-Dreams\backend\ia\datasets\liquenes_saludables\ls_0017.jpg,0,saludable,test,ls_0017,false,ls_0017.jpg
ls_0018.jpg,C:\Users\mance\Documents\Steffi\Lichen-Dreams\backend\ia\datasets\liquenes_saludables\ls_0018.jpg,0,saludable,train,ls_0018,false,ls_0018.jpg
ls_0019.jpg,C:\Users\mance\Documents\Steffi\Lichen-Dreams\backend\ia\datasets\liquenes_saludables\ls_0019.jpg,0,saludable,train,ls_0019,false,ls_0019.jpg
ls_0020.jpg,C:\Users\mance\Documents\Steffi\Lichen-Dreams\backend\ia\datasets\liquenes_saludables\ls_0020.jpg,0,saludable,train,ls_0020,false,ls_0020.jpg
ls_0021.jpg,C:\Users\mance\Documents\Steffi\Lichen-Dreams\backend\ia\datasets\liquenes_saludables\ls_0021.jpg,0,saludable,train,ls_0021,false,ls_0021.jpg
ls_0022.jpg,C:\Users\mance\Documents\Steffi\Lichen-Dreams\backend\ia\datasets\liquenes_saludables\ls_0022.jpg,0,saludable,train,ls_0022,false,ls_0022.jpg
ls_0023.jpg,C:\Users\mance\Documents\Steffi\Lichen-Dreams\backend\ia\datasets\liquenes_saludables\ls_0023.jpg,0,saludable,test,ls_0023,false,ls_0023.jpg
ls_0024.jpg,C:\Users\mance\Documents\Steffi\Lichen-Dreams\backend\ia\datasets\liquenes_saludables\ls_0024.jpg,0,saludable,val,ls_0024,false,ls_0024.jpg
ls_0025.jpg,C:\Users\mance\Documents\Steffi\Lichen-Dreams\backend\ia\datasets\liquenes_saludables\ls_0025.jpg,0,saludable,train,ls_0025,false,ls_0025.jpg
ls_0026.jpg,C:\Users\mance\Documents\Steffi\Lichen-Dreams\backend\ia\datasets\liquenes_saludables\ls_0026.jpg,0,saludable,train,ls_0026,false,ls_0026.jpg
ls_0027.jpg,C:\Users\mance\Documents\Steffi\Lichen-Dreams\backend\ia\datasets\liquenes_saludables\ls_0027.jpg,0,saludable,train,ls_0027,false,ls_0027.jpg
ls_0028.jpg,C:\Users\mance\Documents\Steffi\Lichen-Dreams\backend\ia\datasets\liquenes_saludables\ls_0028.jpg,0,saludable,train,ls_0028,false,ls_0028.jpg
ls_0029.jpg,C:\Users\mance\Documents\Steffi\Lichen-Dreams\backend\ia\datasets\liquenes_saludables\ls_0029.jpg,0,saludable,val,ls_0029,false,ls_0029.jpg
ls_0030.jpg,C:\Users\mance\Documents\Steffi\Lichen-Dreams\backend\ia\datasets\liquenes_saludables\ls_0030.jpg,0,saludable,train,ls_0030,false,ls_0030.jpg
ls_0031.jpg,C:\Users\mance\Documents\Steffi\Lichen-Dreams\backend\ia\datasets\liquenes_saludables\ls_0031.jpg,0,saludable,train,ls_0031,false,ls_0031.jpg
ls_0032.jpg,C:\Users\mance\Documents\Steffi\Lichen-Dreams\backend\ia\datasets\liquenes_saludables\ls_0032.jpg,0,saludable,train,ls_0032,false,ls_0032.jpg
ls_0033.jpg,C:\Users\mance\Documents\Steffi\Lichen-Dreams\backend\ia\datasets\liquenes_saludables\ls_0033.jpg,0,saludable,train,ls_0033,false,ls_0033.jpg
ls_0034.jpg,C:\Users\mance\Documents\Steffi\Lichen-Dreams\backend\ia\datasets\liquenes_saludables\ls_0034.jpg,0,saludable,val,ls_0034,false,ls_0034.jpg
ls_0035.jpg,C:\Users\mance\Documents\Steffi\Lichen-Dreams\backend\ia\datasets\liquenes_saludables\ls_0035.jpg,0,saludable,train,ls_0035,false,ls_0035.jpg
ls_0036.jpg,C:\Users\mance\Documents\Steffi\Lichen-Dreams\backend\ia\datasets\liquenes_saludables\ls_0036.jpg,0,saludable,val,ls_0036,false,ls_0036.jpg
ls_0037.jpg,C:\Users\mance\Documents\Steffi\Lichen-Dreams\backend\ia\datasets\liquenes_saludables\ls_0037.jpg,0,saludable,val,ls_0037,false,ls_0037.jpg
ls_0038.jpg,C:\Users\mance\Documents\Steffi\Lichen-Dreams\backend\ia\datasets\liquenes_saludables\ls_0038.jpg,0,saludable,train,ls_0038,false,ls_0038.jpg
ls_0039.jpg,C:\Users\mance\Documents\Steffi\Lichen-Dreams\backend\ia\datasets\liquenes_saludables\ls_0039.jpg,0,saludable,train,ls_0039,false,ls_0039.jpg
ls_0040.jpg,C:\Users\mance\Documents\Steffi\Lichen-Dreams\backend\ia\datasets\liquenes_saludables\ls_0040.jpg,0,saludable,train,ls_0040,false,ls_0040.jpg
ls_0041.jpg,C:\Users\mance\Documents\Steffi\Lichen-Dreams\backend\ia\datasets\liquenes_saludables\ls_0041.jpg,0,saludable,test,ls_0041,false,ls_0041.jpg
ls_0042.jpg,C:\Users\mance\Documents\Steffi\Lichen-Dreams\backend\ia\datasets\liquenes_saludables\ls_0042.jpg,0,saludable,train,ls_0042,false,ls_0042.jpg
ls_0043.jpg,C:\Users\mance\Documents\Steffi\Lichen-Dreams\backend\ia\datasets\liquenes_saludables\ls_0043.jpg,0,saludable,train,ls_0043,false,ls_0043.jpg
ls_0044.jpg,C:\Users\mance\Documents\Steffi\Lichen-Dreams\backend\ia\datasets\liquenes_saludables\ls_0044.jpg,0,saludable,train,ls_0044,false,ls_0044.jpg
ls_0045.jpg,C:\Users\mance\Documents\Steffi\Lichen-Dreams\backend\ia\datasets\liquenes_saludables\ls_0045.jpg,0,saludable,test,ls_0045,false,ls_0045.jpg
ls_0046.jpg,C:\Users\mance\Documents\Steffi\Lichen-Dreams\backend\ia\datasets\liquenes_saludables\ls_0046.jpg,0,saludable,train,ls_0046,false,ls_0046.jpg
ls_0047.jpg,C:\Users\mance\Documents\Steffi\Lichen-Dreams\backend\ia\datasets\liquenes_saludables\ls_0047.jpg,0,saludable,val,ls_0047,false,ls_0047.jpg
ls_0048.jpg,C:\Users\mance\Documents\Steffi\Lichen-Dreams\backend\ia\datasets\liquenes_saludables\ls_0048.jpg,0,saludable,test,ls_0048,false,ls_0048.jpg
ls_0049.jpg,C:\Users\mance\Documents\Steffi\Lichen-Dreams\backend\ia\datasets\liquenes_saludables\ls_0049.jpg,0,saludable,train,ls_0049,false,ls_0049.jpg
ls_0050.jpg,C:\Users\mance\Documents\Steffi\Lichen-Dreams\backend\ia\datasets\liquenes_saludables\ls_0050.jpg,0,saludable,test,ls_0050,false,ls_0050.jpg
ls_0051.jpg,C:\Users\mance\Documents\Steffi\Lichen-Dreams\backend\ia\datasets\liquenes_saludables\ls_0051.jpg,0,saludable,train,ls_0051,false,ls_0051.jpg
ls_0052.jpg,C:\Users\mance\Documents\Steffi\Lichen-Dreams\backend\ia\datasets\liquenes_saludables\ls_0052.jpg,0,saludable,val,ls_0052,false,ls_0052.jpg
ls_0053.jpg,C:\Users\mance\Documents\Steffi\Lichen-Dreams\backend\ia\datasets\liquenes_saludables\ls_0053.jpg,0,saludable,test,ls_0053,false,ls_0053.jpg
ls_0054.jpg,C:\Users\mance\Documents\Steffi\Lichen-Dreams\backend\ia\datasets\liquenes_saludables\ls_0054.jpg,0,saludable,train,ls_0054,false,ls_0054.jpg
ls_0055.jpg,C:\Users\mance\Documents\Steffi\Lichen-Dreams\backend\ia\datasets\liquenes_saludables\ls_0055.jpg,0,saludable,train,ls_0055,false,ls_0055.jpg
ls_0056.jpg,C:\Users\mance\Documents\Steffi\Lichen-Dreams\backend\ia\datasets\liquenes_saludables\ls_0056.jpg,0,saludable,train,ls_0056,false,ls_0056.jpg
ls_0057.jpg,C:\Users\mance\Documents\Steffi\Lichen-Dreams\backend\ia\datasets\liquenes_saludables\ls_0057.jpg,0,saludable,train,ls_0057,false,ls_0057.jpg
ls_0058.jpg,C:\Users\mance\Documents\Steffi\Lichen-Dreams\backend\ia\datasets\liquenes_saludables\ls_0058.jpg,0,saludable,test,ls_0058,false,ls_0058.jpg
ls_0059.jpg,C:\Users\mance\Documents\Steffi\Lichen-Dreams\backend\ia\datasets\liquenes_saludables\ls_0059.jpg,0,saludable,train,ls_0059,false,ls_0059.jpg
ls_0060.jpg,C:\Users\mance\Documents\Steffi\Lichen-Dreams\backend\ia\datasets\liquenes_saludables\ls_0060.jpg,0,saludable,train,ls_0060,false,ls_0060.jpg
ls_0061.jpg,C:\Users\mance\Documents\Steffi\Lichen-Dreams\backend\ia\datasets\liquenes_saludables\ls_0061.jpg,0,saludable,train,ls_0061,false,ls_0061.jpg
ls_0062.jpg,C:\Users\mance\Documents\Steffi\Lichen-Dreams\backend\ia\datasets\liquenes_saludables\ls_0062.jpg,0,saludable,train,ls_0062,false,ls_0062.jpg
ls_0063.jpg,C:\Users\mance\Documents\Steffi\Lichen-Dreams\backend\ia\datasets\liquenes_saludables\ls_0063.jpg,0,saludable,train,ls_0063,false,ls_0063.jpg
ls_0064.jpg,C:\Users\mance\Documents\Steffi\Lichen-Dreams\backend\ia\datasets\liquenes_saludables\ls_0064.jpg,0,saludable,test,ls_0064,false,ls_0064.jpg
ls_0065.jpg,C:\Users\mance\Documents\Steffi\Lichen-Dreams\backend\ia\datasets\liquenes_saludables\ls_0065.jpg,0,saludable,train,ls_0065,false,ls_0065.jpg
ls_0066.jpg,C:\Users\mance\Documents\Steffi\Lichen-Dreams\backend\ia\datasets\liquenes_saludables\ls_0066.jpg,0,saludable,train,ls_0066,false,ls_0066.jpg
ls_0067.jpg,C:\Users\mance\Documents\Steffi\Lichen-Dreams\backend\ia\datasets\liquenes_saludables\ls_0067.jpg,0,saludable,train,ls_0067,false,ls_0067.jpg
ls_0068.jpg,C:\Users\mance\Documents\Steffi\Lichen-Dreams\backend\ia\datasets\liquenes_saludables\ls_0068.jpg,0,saludable,train,ls_0068,false,ls_0068.jpg
ls_0069.jpg,C:\Users\mance\Documents\Steffi\Lichen-Dreams\backend\ia\datasets\liquenes_saludables\ls_0069.jpg,0,saludable,train,ls_0069,false,ls_0069.jpg
ls_0070.jpg,C:\Users\mance\Documents\Steffi\Lichen-Dreams\backend\ia\datasets\liquenes_saludables\ls_0070.jpg,0,saludable,train,ls_0070,false,ls_0070.jpg
ls_0071.jpg,C:\Users\mance\Documents\Steffi\Lichen-Dreams\backend\ia\datasets\liquenes_saludables\ls_0071.jpg,0,saludable,val,ls_0071,false,ls_0071.jpg
ls_0072.jpg,C:\Users\mance\Documents\Steffi\Lichen-Dreams\backend\ia\datasets\liquenes_saludables\ls_0072.jpg,0,saludable,test,ls_0072,false,ls_0072.jpg
ls_0073.jpg,C:\Users\mance\Documents\Steffi\Lichen-Dreams\backend\ia\datasets\liquenes_saludables\ls_0073.jpg,0,saludable,train,ls_0073,false,ls_0073.jpg
ls_0074.jpg,C:\Users\mance\Documents\Steffi\Lichen-Dreams\backend\ia\datasets\liquenes_saludables\ls_0074.jpg,0,saludable,val,ls_0074,false,ls_0074.jpg
ls_0075.jpg,C:\Users\mance\Documents\Steffi\Lichen-Dreams\backend\ia\datasets\liquenes_saludables\ls_0075.jpg,0,saludable,train,ls_0075,false,ls_0075.jpg
ls_0076.jpg,C:\Users\mance\Documents\Steffi\Lichen-Dreams\backend\ia\datasets\liquenes_saludables\ls_0076.jpg,0,saludable,train,ls_0076,false,ls_0076.jpg
ls_0077.jpg,C:\Users\mance\Documents\Steffi\Lichen-Dreams\backend\ia\datasets\liquenes_saludables\ls_0077.jpg,0,saludable,train,ls_0077,false,ls_0077.jpg
ls_0078.jpg,C:\Users\mance\Documents\Steffi\Lichen-Dreams\backend\ia\datasets\liquenes_saludables\ls_0078.jpg,0,saludable,train,ls_0078,false,ls_0078.jpg
ls_0079.jpg,C:\Users\mance\Documents\Steffi\Lichen-Dreams\backend\ia\datasets\liquenes_saludables\ls_0079.jpg,0,saludable,train,ls_0079,false,ls_0079.jpg
ls_0080.jpg,C:\Users\mance\Documents\Steffi\Lichen-Dreams\backend\ia\datasets\liquenes_saludables\ls_0080.jpg,0,saludable,test,ls_0080,false,ls_0080.jpg
ls_0081.jpg,C:\Users\mance\Documents\Steffi\Lichen-Dreams\backend\ia\datasets\liquenes_saludables\ls_0081.jpg,0,saludable,train,ls_0081,false,ls_0081.jpg
ls_0082.jpg,C:\Users\mance\Documents\Steffi\Lichen-Dreams\backend\ia\datasets\liquenes_saludables\ls_0082.jpg,0,saludable,test,ls_0082,false,ls_0082.jpg
ls_0083.jpg,C:\Users\mance\Documents\Steffi\Lichen-Dreams\backend\ia\datasets\liquenes_saludables\ls_0083.jpg,0,saludable,train,ls_0083,false,ls_0083.jpg
ls_0084.jpg,C:\Users\mance\Documents\Steffi\Lichen-Dreams\backend\ia\datasets\liquenes_saludables\ls_0084.jpg,0,saludable,val,ls_0084,false,ls_0084.jpg
ls_0085.jpg,C:\Users\mance\Documents\Steffi\Lichen-Dreams\backend\ia\datasets\liquenes_saludables\ls_0085.jpg,0,saludable,train,ls_0085,false,ls_0085.jpg
ls_0086.jpg,C:\Users\mance\Documents\Steffi\Lichen-Dreams\backend\ia\datasets\liquenes_saludables\ls_0086.jpg,0,saludable,train,ls_0086,false,ls_0086.jpg
ls_0087.jpg,C:\Users\mance\Documents\Steffi\Lichen-Dreams\backend\ia\datasets\liquenes_saludables\ls_0087.jpg,0,saludable,train,ls_0087,false,ls_0087.jpg
ls_0088.jpg,C:\Users\mance\Documents\Steffi\Lichen-Dreams\backend\ia\datasets\liquenes_saludables\ls_0088.jpg,0,saludable,val,ls_0088,false,ls_0088.jpg
ls_0089.jpg,C:\Users\mance\Documents\Steffi\Lichen-Dreams\backend\ia\datasets\liquenes_saludables\ls_0089.jpg,0,saludable,train,ls_0089,false,ls_0089.jpg
ls_0090.jpg,C:\Users\mance\Documents\Steffi\Lichen-Dreams\backend\ia\datasets\liquenes_saludables\ls_0090.jpg,0,saludable,train,ls_0090,false,ls_0090.jpg
ls_0091.jpg,C:\Users\mance\Documents\Steffi\Lichen-Dreams\backend\ia\datasets\liquenes_saludables\ls_0091.jpg,0,saludable,train,ls_0091,false,ls_0091.jpg
ls_0092.jpg,C:\Users\mance\Documents\Steffi\Lichen-Dreams\backend\ia\datasets\liquenes_saludables\ls_0092.jpg,0,saludable,train,ls_0092,false,ls_0092.jpg
ls_0093.jpg,C:\Users\mance\Documents\Steffi\Lichen-Dreams\backend\ia\datasets\liquenes_saludables\ls_0093.jpg,0,saludable,train,ls_0093,false,ls_0093.jpg
ls_0094.jpg,C:\Users\mance\Documents\Steffi\Lichen-Dreams\backend\ia\datasets\liquenes_saludables\ls_0094.jpg,0,saludable,train,ls_0094,false,ls_0094.jpg
ls_0095.jpg,C:\Users\mance\Documents\Steffi\Lichen-Dreams\backend\ia\datasets\liquenes_saludables\ls_0095.jpg,0,saludable,train,ls_0095,false,ls_0095.jpg
ls_0096.jpg,C:\Users\mance\Documents\Steffi\Lichen-Dreams\backend\ia\datasets\liquenes_saludables\ls_0096.jpg,0,saludable,train,ls_0096,false,ls_0096.jpg
ls_0097.jpg,C:\Users\mance\Documents\Steffi\Lichen-Dreams\backend\ia\datasets\liquenes_saludables\ls_0097.jpg,0,saludable,train,ls_0097,false,ls_0097.jpg
ls_0098.jpg,C:\Users\mance\Documents\Steffi\Lichen-Dreams\backend\ia\datasets\liquenes_saludables\ls_0098.jpg,0,saludable,train,ls_0098,false,ls_0098.jpg
ls_0099.jpg,C:\Users\mance\Documents\Steffi\Lichen-Dreams\backend\ia\datasets\liquenes_saludables\ls_0099.jpg,0,saludable,test,ls_0099,false,ls_0099.jpg
ls_0100.jpg,C:\Users\mance\Documents\Steffi\Lichen-Dreams\backend\ia\datasets\liquenes_saludables\ls_0100.jpg,0,saludable,train,ls_0100,false,ls_0100.jpg
ls_0101.jpg,C:\Users\mance\Documents\Steffi\Lichen-Dreams\backend\ia\datasets\liquenes_saludables\ls_0101.jpg,0,saludable,train,ls_0101,false,ls_0101.jpg
ls_0102.jpg,C:\Users\mance\Documents\Steffi\Lichen-Dreams\backend\ia\datasets\liquenes_saludables\ls_0102.jpg,0,saludable,test,ls_0102,false,ls_0102.jpg
ls_0103.jpg,C:\Users\mance\Documents\Steffi\Lichen-Dreams\backend\ia\datasets\liquenes_saludables\ls_0103.jpg,0,saludable,train,ls_0103,false,ls_0103.jpg
ls_0104.jpg,C:\Users\mance\Documents\Steffi\Lichen-Dreams\backend\ia\datasets\liquenes_saludables\ls_0104.jpg,0,saludable,train,ls_0104,false,ls_0104.jpg
ls_0105.jpg,C:\Users\mance\Documents\Steffi\Lichen-Dreams\backend\ia\datasets\liquenes_saludables\ls_0105.jpg,0,saludable,train,ls_0105,false,ls_0105.jpg
ls_0106.jpg,C:\Users\mance\Documents\Steffi\Lichen-Dreams\backend\ia\datasets\liquenes_saludables\ls_0106.jpg,0,saludable,train,ls_0106,false,ls_0106.jpg
ls_0107.jpg,C:\Users\mance\Documents\Steffi\Lichen-Dreams\backend\ia\datasets\liquenes_saludables\ls_0107.jpg,0,saludable,train,ls_0107,false,ls_0107.jpg
ls_0108.jpg,C:\Users\mance\Documents\Steffi\Lichen-Dreams\backend\ia\datasets\liquenes_saludables\ls_0108.jpg,0,saludable,val,ls_0108,false,ls_0108.jpg
ls_0109.jpg,C:\Users\mance\Documents\Steffi\Lichen-Dreams\backend\ia\datasets\liquenes_saludables\ls_0109.jpg,0,saludable,val,ls_0109,false,ls_0109.jpg
ls_0110.jpg,C:\Users\mance\Documents\Steffi\Lichen-Dreams\backend\ia\datasets\liquenes_saludables\ls_0110.jpg,0,saludable,train,ls_0110,false,ls_0110.jpg
ls_0111.jpg,C:\Users\mance\Documents\Steffi\Lichen-Dreams\backend\ia\datasets\liquenes_saludables\ls_0111.jpg,0,saludable,test,ls_0111,false,ls_0111.jpg
ls_0112.jpg,C:\Users\mance\Documents\Steffi\Lichen-Dreams\backend\ia\datasets\liquenes_saludables\ls_0112.jpg,0,saludable,test,ls_0112,false,ls_0112.jpg
ls_0113.jpg,C:\Users\mance\Documents\Steffi\Lichen-Dreams\backend\ia\datasets\liquenes_saludables\ls_0113.jpg,0,saludable,test,ls_0113,false,ls_0113.jpg
ls_0114.jpg,C:\Users\mance\Documents\Steffi\Lichen-Dreams\backend\ia\datasets\liquenes_saludables\ls_0114.jpg,0,saludable,train,ls_0114,false,ls_0114.jpg
ls_0115.jpg,C:\Users\mance\Documents\Steffi\Lichen-Dreams\backend\ia\datasets\liquenes_saludables\ls_0115.jpg,0,saludable,test,ls_0115,false,ls_0115.jpg
ls_0116.jpg,C:\Users\mance\Documents\Steffi\Lichen-Dreams\backend\ia\datasets\liquenes_saludables\ls_0116.jpg,0,saludable,train,ls_0116,false,ls_0116.jpg
ls_0117.jpg,C:\Users\mance\Documents\Steffi\Lichen-Dreams\backend\ia\datasets\liquenes_saludables\ls_0117.jpg,0,saludable,val,ls_0117,false,ls_0117.jpg
ls_0118.jpg,C:\Users\mance\Documents\Steffi\Lichen-Dreams\backend\ia\datasets\liquenes_saludables\ls_0118.jpg,0,saludable,val,ls_0118,false,ls_0118.jpg
ls_0119.jpg,C:\Users\mance\Documents\Steffi\Lichen-Dreams\backend\ia\datasets\liquenes_saludables\ls_0119.jpg,0,saludable,train,ls_0119,false,ls_0119.jpg
ls_0120.jpg,C:\Users\mance\Documents\Steffi\Lichen-Dreams\backend\ia\datasets\liquenes_saludables\ls_0120.jpg,0,saludable,test,ls_0120,false,ls_0120.jpg
ls_0121.jpg,C:\Users\mance\Documents\Steffi\Lichen-Dreams\backend\ia\datasets\liquenes_saludables\ls_0121.jpg,0,saludable,train,ls_0121,false,ls_0121.jpg
ls_0122.jpg,C:\Users\mance\Documents\Steffi\Lichen-Dreams\backend\ia\datasets\liquenes_saludables\ls_0122.jpg,0,saludable,train,ls_0122,false,ls_0122.jpg
ls_0123.jpg,C:\Users\mance\Documents\Steffi\Lichen-Dreams\backend\ia\datasets\liquenes_saludables\ls_0123.jpg,0,saludable,train,ls_0123,false,ls_0123.jpg
ls_0124.jpg,C:\Users\mance\Documents\Steffi\Lichen-Dreams\backend\ia\datasets\liquenes_saludables\ls_0124.jpg,0,saludable,train,ls_0124,false,ls_0124.jpg
ls_0125.jpg,C:\Users\mance\Documents\Steffi\Lichen-Dreams\backend\ia\datasets\liquenes_saludables\ls_0125.jpg,0,saludable,train,ls_0125,false,ls_0125.jpg
ls_0126.jpg,C:\Users\mance\Documents\Steffi\Lichen-Dreams\backend\ia\datasets\liquenes_saludables\ls_0126.jpg,0,saludable,test,ls_0126,false,ls_0126.jpg
ls_0127.jpg,C:\Users\mance\Documents\Steffi\Lichen-Dreams\backend\ia\datasets\liquenes_saludables\ls_0127.jpg,0,saludable,val,ls_0127,false,ls_0127.jpg
ls_0128.jpg,C:\Users\mance\Documents\Steffi\Lichen-Dreams\backend\ia\datasets\liquenes_saludables\ls_0128.jpg,0,saludable,train,ls_0128,false,ls_0128.jpg
ls_0129.jpg,C:\Users\mance\Documents\Steffi\Lichen-Dreams\backend\ia\datasets\liquenes_saludables\ls_0129.jpg,0,saludable,train,ls_0129,false,ls_0129.jpg
ls_0130.jpg,C:\Users\mance\Documents\Steffi\Lichen-Dreams\backend\ia\datasets\liquenes_saludables\ls_0130.jpg,0,saludable,train,ls_0130,false,ls_0130.jpg
ls_0131.jpg,C:\Users\mance\Documents\Steffi\Lichen-Dreams\backend\ia\datasets\liquenes_saludables\ls_0131.jpg,0,saludable,train,ls_0131,false,ls_0131.jpg
ls_0132.jpg,C:\Users\mance\Documents\Steffi\Lichen-Dreams\backend\ia\datasets\liquenes_saludables\ls_0132.jpg,0,saludable,train,ls_0132,false,ls_0132.jpg
ls_0133.jpg,C:\Users\mance\Documents\Steffi\Lichen-Dreams\backend\ia\datasets\liquenes_saludables\ls_0133.jpg,0,saludable,train,ls_0133,false,ls_0133.jpg
ls_0134.jpg,C:\Users\mance\Documents\Steffi\Lichen-Dreams\backend\ia\datasets\liquenes_saludables\ls_0134.jpg,0,saludable,train,ls_0134,false,ls_0134.jpg
ls_0135.jpg,C:\Users\mance\Documents\Steffi\Lichen-Dreams\backend\ia\datasets\liquenes_saludables\ls_0135.jpg,0,saludable,val,ls_0135,false,ls_0135.jpg
ls_0136.jpg,C:\Users\mance\Documents\Steffi\Lichen-Dreams\backend\ia\datasets\liquenes_saludables\ls_0136.jpg,0,saludable,test,ls_0136,false,ls_0136.jpg
ls_0137.jpg,C:\Users\mance\Documents\Steffi\Lichen-Dreams\backend\ia\datasets\liquenes_saludables\ls_0137.jpg,0,saludable,val,ls_0137,false,ls_0137.jpg
ls_0138.jpg,C:\Users\mance\Documents\Steffi\Lichen-Dreams\backend\ia\datasets\liquenes_saludables\ls_0138.jpg,0,saludable,val,ls_0138,false,ls_0138.jpg
ls_0139.jpg,C:\Users\mance\Documents\Steffi\Lichen-Dreams\backend\ia\datasets\liquenes_saludables\ls_0139.jpg,0,saludable,val,ls_0139,false,ls_0139.jpg
ls_0140.jpg,C:\Users\mance\Documents\Steffi\Lichen-Dreams\backend\ia\datasets\liquenes_saludables\ls_0140.jpg,0,saludable,train,ls_0140,false,ls_0140.jpg
ls_0141.jpg,C:\Users\mance\Documents\Steffi\Lichen-Dreams\backend\ia\datasets\liquenes_saludables\ls_0141.jpg,0,saludable,test,ls_0141,false,ls_0141.jpg
ls_0142.jpg,C:\Users\mance\Documents\Steffi\Lichen-Dreams\backend\ia\datasets\liquenes_saludables\ls_0142.jpg,0,saludable,train,ls_0142,false,ls_0142.jpg
ls_0143.jpg,C:\Users\mance\Documents\Steffi\Lichen-Dreams\backend\ia\datasets\liquenes_saludables\ls_0143.jpg,0,saludable,test,ls_0143,false,ls_0143.jpg
ls_0144.jpg,C:\Users\mance\Documents\Steffi\Lichen-Dreams\backend\ia\datasets\liquenes_saludables\ls_0144.jpg,0,saludable,train,ls_0144,false,ls_0144.jpg
ls_0145.jpg,C:\Users\mance\Documents\Steffi\Lichen-Dreams\backend\ia\datasets\liquenes_saludables\ls_0145.jpg,0,saludable,train,ls_0145,false,ls_0145.jpg
ls_0146.jpg,C:\Users\mance\Documents\Steffi\Lichen-Dreams\backend\ia\datasets\liquenes_saludables\ls_0146.jpg,0,saludable,train,ls_0146,false,ls_0146.jpg
ls_0147.jpg,C:\Users\mance\Documents\Steffi\Lichen-Dreams\backend\ia\datasets\liquenes_saludables\ls_0147.jpg,0,saludable,train,ls_0147,false,ls_0147.jpg
ls_0148.jpg,C:\Users\mance\Documents\Steffi\Lichen-Dreams\backend\ia\datasets\liquenes_saludables\ls_0148.jpg,0,saludable,train,ls_0148,false,ls_0148.jpg
ls_0149.jpg,C:\Users\mance\Documents\Steffi\Lichen-Dreams\backend\ia\datasets\liquenes_saludables\ls_0149.jpg,0,saludable,val,ls_0149,false,ls_0149.jpg
ls_0150.jpg,C:\Users\mance\Documents\Steffi\Lichen-Dreams\backend\ia\datasets\liquenes_saludables\ls_0150.jpg,0,saludable,train,ls_0150,false,ls_0150.jpg
ls_0151.jpg,C:\Users\mance\Documents\Steffi\Lichen-Dreams\backend\ia\datasets\liquenes_saludables\ls_0151.jpg,0,saludable,test,ls_0151,false,ls_0151.jpg
ls_0152.jpg,C:\Users\mance\Documents\Steffi\Lichen-Dreams\backend\ia\datasets\liquenes_saludables\ls_0152.jpg,0,saludable,train,ls_0152,false,ls_0152.jpg
ls_0153.jpg,C:\Users\mance\Documents\Steffi\Lichen-Dreams\backend\ia\datasets\liquenes_saludables\ls_0153.jpg,0,saludable,train,ls_0153,false,ls_0153.jpg
ls_0154.jpg,C:\Users\mance\Documents\Steffi\Lichen-Dreams\backend\ia\datasets\liquenes_saludables\ls_0154.jpg,0,saludable,train,ls_0154,false,ls_0154.jpg
ls_0155.jpg,C:\Users\mance\Documents\Steffi\Lichen-Dreams\backend\ia\datasets\liquenes_saludables\ls_0155.jpg,0,saludable,train,ls_0155,false,ls_0155.jpg
ls_0156.jpg,C:\Users\mance\Documents\Steffi\Lichen-Dreams\backend\ia\datasets\liquenes_saludables\ls_0156.jpg,0,saludable,train,ls_0156,false,ls_0156.jpg
ls_0157.jpg,C:\Users\mance\Documents\Steffi\Lichen-Dreams\backend\ia\datasets\liquenes_saludables\ls_0157.jpg,0,saludable,train,ls_0157,false,ls_0157.jpg
ls_0158.jpg,C:\Users\mance\Documents\Steffi\Lichen-Dreams\backend\ia\datasets\liquenes_saludables\ls_0158.jpg,0,saludable,train,ls_0158,false,ls_0158.jpg
ls_0159.jpg,C:\Users\mance\Documents\Steffi\Lichen-Dreams\backend\ia\datasets\liquenes_saludables\ls_0159.jpg,0,saludable,train,ls_0159,false,ls_0159.jpg
ls_0160.jpg,C:\Users\mance\Documents\Steffi\Lichen-Dreams\backend\ia\datasets\liquenes_saludables\ls_0160.jpg,0,saludable,train,ls_0160,false,ls_0160.jpg
ls_0161.jpg,C:\Users\mance\Documents\Steffi\Lichen-Dreams\backend\ia\datasets\liquenes_saludables\ls_0161.jpg,0,saludable,train,ls_0161,false,ls_0161.jpg
ls_0162.jpg,C:\Users\mance\Documents\Steffi\Lichen-Dreams\backend\ia\datasets\liquenes_saludables\ls_0162.jpg,0,saludable,val,ls_0162,false,ls_0162.jpg
ls_0163.jpg,C:\Users\mance\Documents\Steffi\Lichen-Dreams\backend\ia\datasets\liquenes_saludables\ls_0163.jpg,0,saludable,train,ls_0163,false,ls_0163.jpg
ls_0164.jpg,C:\Users\mance\Documents\Steffi\Lichen-Dreams\backend\ia\datasets\liquenes_saludables\ls_0164.jpg,0,saludable,train,ls_0164,false,ls_0164.jpg
ls_0165.jpg,C:\Users\mance\Documents\Steffi\Lichen-Dreams\backend\ia\datasets\liquenes_saludables\ls_0165.jpg,0,saludable,train,ls_0165,false,ls_0165.jpg
ls_0166.jpg,C:\Users\mance\Documents\Steffi\Lichen-Dreams\backend\ia\datasets\liquenes_saludables\ls_0166.jpg,0,saludable,train,ls_0166,false,ls_0166.jpg
ls_0167.jpg,C:\Users\mance\Documents\Steffi\Lichen-Dreams\backend\ia\datasets\liquenes_saludables\ls_0167.jpg,0,saludable,val,ls_0167,false,ls_0167.jpg
ls_0168.jpg,C:\Users\mance\Documents\Steffi\Lichen-Dreams\backend\ia\datasets\liquenes_saludables\ls_0168.jpg,0,saludable,train,ls_0168,false,ls_0168.jpg
ls_0169.jpg,C:\Users\mance\Documents\Steffi\Lichen-Dreams\backend\ia\datasets\liquenes_saludables\ls_0169.jpg,0,saludable,train,ls_0169,false,ls_0169.jpg
ls_0170.jpg,C:\Users\mance\Documents\Steffi\Lichen-Dreams\backend\ia\datasets\liquenes_saludables\ls_0170.jpg,0,saludable,train,ls_0170,false,ls_0170.jpg
ls_0171.jpg,C:\Users\mance\Documents\Steffi\Lichen-Dreams\backend\ia\datasets\liquenes_saludables\ls_0171.jpg,0,saludable,train,ls_0171,false,ls_0171.jpg
ls_0172.jpg,C:\Users\mance\Documents\Steffi\Lichen-Dreams\backend\ia\datasets\liquenes_saludables\ls_0172.jpg,0,saludable,train,ls_0172,false,ls_0172.jpg
ls_0173.jpg,C:\Users\mance\Documents\Steffi\Lichen-Dreams\backend\ia\datasets\liquenes_saludables\ls_0173.jpg,0,saludable,test,ls_0173,false,ls_0173.jpg
ls_0174.jpg,C:\Users\mance\Documents\Steffi\Lichen-Dreams\backend\ia\datasets\liquenes_saludables\ls_0174.jpg,0,saludable,train,ls_0174,false,ls_0174.jpg
ls_0175.jpg,C:\Users\mance\Documents\Steffi\Lichen-Dreams\backend\ia\datasets\liquenes_saludables\ls_0175.jpg,0,saludable,test,ls_0175,false,ls_0175.jpg
ls_0176.jpg,C:\Users\mance\Documents\Steffi\Lichen-Dreams\backend\ia\datasets\liquenes_saludables\ls_0176.jpg,0,saludable,train,ls_0176,false,ls_0176.jpg
ls_0177.jpg,C:\Users\mance\Documents\Steffi\Lichen-Dreams\backend\ia\datasets\liquenes_saludables\ls_0177.jpg,0,saludable,test,ls_0177,false,ls_0177.jpg
ls_0178.jpg,C:\Users\mance\Documents\Steffi\Lichen-Dreams\backend\ia\datasets\liquenes_saludables\ls_0178.jpg,0,saludable,train,ls_0178,false,ls_0178.jpg
ls_0179.jpg,C:\Users\mance\Documents\Steffi\Lichen-Dreams\backend\ia\datasets\liquenes_saludables\ls_0179.jpg,0,saludable,train,ls_0179,false,ls_0179.jpg
ls_0180.jpg,C:\Users\mance\Documents\Steffi\Lichen-Dreams\backend\ia\datasets\liquenes_saludables\ls_0180.jpg,0,saludable,train,ls_0180,false,ls_0180.jpg
ls_0181.jpg,C:\Users\mance\Documents\Steffi\Lichen-Dreams\backend\ia\datasets\liquenes_saludables\ls_0181.jpg,0,saludable,train,ls_0181,false,ls_0181.jpg
ls_0182.jpg,C:\Users\mance\Documents\Steffi\Lichen-Dreams\backend\ia\datasets\liquenes_saludables\ls_0182.jpg,0,saludable,val,ls_0182,false,ls_0182.jpg
ls_0183.jpg,C:\Users\mance\Documents\Steffi\Lichen-Dreams\backend\ia\datasets\liquenes_saludables\ls_0183.jpg,0,saludable,train,ls_0183,false,ls_0183.jpg
ls_0184.jpg,C:\Users\mance\Documents\Steffi\Lichen-Dreams\backend\ia\datasets\liquenes_saludables\ls_0184.jpg,0,saludable,test,ls_0184,false,ls_0184.jpg
ls_0185.jpg,C:\Users\mance\Documents\Steffi\Lichen-Dreams\backend\ia\datasets\liquenes_saludables\ls_0185.jpg,0,saludable,train,ls_0185,false,ls_0185.jpg
ls_0186.jpg,C:\Users\mance\Documents\Steffi\Lichen-Dreams\backend\ia\datasets\liquenes_saludables\ls_0186.jpg,0,saludable,test,ls_0186,false,ls_0186.jpg
ls_0187.jpg,C:\Users\mance\Documents\Steffi\Lichen-Dreams\backend\ia\datasets\liquenes_saludables\ls_0187.jpg,0,saludable,val,ls_0187,false,ls_0187.jpg
ls_0188.jpg,C:\Users\mance\Documents\Steffi\Lichen-Dreams\backend\ia\datasets\liquenes_saludables\ls_0188.jpg,0,saludable,train,ls_0188,false,ls_0188.jpg
ls_0189.jpg,C:\Users\mance\Documents\Steffi\Lichen-Dreams\backend\ia\datasets\liquenes_saludables\ls_0189.jpg,0,saludable,train,ls_0189,false,ls_0189.jpg
ls_0190.jpg,C:\Users\mance\Documents\Steffi\Lichen-Dreams\backend\ia\datasets\liquenes_saludables\ls_0190.jpg,0,saludable,val,ls_0190,false,ls_0190.jpg
ls_0191.jpg,C:\Users\mance\Documents\Steffi\Lichen-Dreams\backend\ia\datasets\liquenes_saludables\ls_0191.jpg,0,saludable,train,ls_0191,false,ls_0191.jpg
ls_0192.jpg,C:\Users\mance\Documents\Steffi\Lichen-Dreams\backend\ia\datasets\liquenes_saludables\ls_0192.jpg,0,saludable,train,ls_0192,false,ls_0192.jpg
ls_0193.jpg,C:\Users\mance\Documents\Steffi\Lichen-Dreams\backend\ia\datasets\liquenes_saludables\ls_0193.jpg,0,saludable,train,ls_0193,false,ls_0193.jpg
ls_0194.jpg,C:\Users\mance\Documents\Steffi\Lichen-Dreams\backend\ia\datasets\liquenes_saludables\ls_0194.jpg,0,saludable,test,ls_0194,false,ls_0194.jpg
ls_0195.jpg,C:\Users\mance\Documents\Steffi\Lichen-Dreams\backend\ia\datasets\liquenes_saludables\ls_0195.jpg,0,saludable,test,ls_0195,false,ls_0195.jpg
ls_0196.jpg,C:\Users\mance\Documents\Steffi\Lichen-Dreams\backend\ia\datasets\liquenes_saludables\ls_0196.jpg,0,saludable,train,ls_0196,false,ls_0196.jpg
ls_0197.jpg,C:\Users\mance\Documents\Steffi\Lichen-Dreams\backend\ia\datasets\liquenes_saludables\ls_0197.jpg,0,saludable,train,ls_0197,false,ls_0197.jpg
ls_0198.jpg,C:\Users\mance\Documents\Steffi\Lichen-Dreams\backend\ia\datasets\liquenes_saludables\ls_0198.jpg,0,saludable,train,ls_0198,false,ls_0198.jpg
ls_0199.jpg,C:\Users\mance\Documents\Steffi\Lichen-Dreams\backend\ia\datasets\liquenes_saludables\ls_0199.jpg,0,saludable,train,ls_0199,false,ls_0199.jpg
ls_0200.jpg,C:\Users\mance\Documents\Steffi\Lichen-Dreams\backend\ia\datasets\liquenes_saludables\ls_0200.jpg,0,saludable,train,ls_0200,false,ls_0200.jpg
ls_0201.jpg,C:\Users\mance\Documents\Steffi\Lichen-Dreams\backend\ia\datasets\liquenes_saludables\ls_0201.jpg,0,saludable,train,ls_0201,false,ls_0201.jpg
ls_0202.jpg,C:\Users\mance\Documents\Steffi\Lichen-Dreams\backend\ia\datasets\liquenes_saludables\ls_0202.jpg,0,saludable,train,ls_0202,false,ls_0202.jpg
ls_0203.jpg,C:\Users\mance\Documents\Steffi\Lichen-Dreams\backend\ia\datasets\liquenes_saludables\ls_0203.jpg,0,saludable,val,ls_0203,false,ls_0203.jpg
ls_0204.jpg,C:\Users\mance\Documents\Steffi\Lichen-Dreams\backend\ia\datasets\liquenes_saludables\ls_0204.jpg,0,saludable,train,ls_0204,false,ls_0204.jpg
ls_0205.jpg,C:\Users\mance\Documents\Steffi\Lichen-Dreams\backend\ia\datasets\liquenes_saludables\ls_0205.jpg,0,saludable,val,ls_0205,false,ls_0205.jpg
ls_0206.jpg,C:\Users\mance\Documents\Steffi\Lichen-Dreams\backend\ia\datasets\liquenes_saludables\ls_0206.jpg,0,saludable,val,ls_0206,false,ls_0206.jpg
ls_0207.jpg,C:\Users\mance\Documents\Steffi\Lichen-Dreams\backend\ia\datasets\liquenes_saludables\ls_0207.jpg,0,saludable,train,ls_0207,false,ls_0207.jpg
ls_0208.jpg,C:\Users\mance\Documents\Steffi\Lichen-Dreams\backend\ia\datasets\liquenes_saludables\ls_0208.jpg,0,saludable,train,ls_0208,false,ls_0208.jpg
ls_0209.jpg,C:\Users\mance\Documents\Steffi\Lichen-Dreams\backend\ia\datasets\liquenes_saludables\ls_0209.jpg,0,saludable,train,ls_0209,false,ls_0209.jpg
ls_0210.jpg,C:\Users\mance\Documents\Steffi\Lichen-Dreams\backend\ia\datasets\liquenes_saludables\ls_0210.jpg,0,saludable,train,ls_0210,false,ls_0210.jpg
ls_0211.jpg,C:\Users\mance\Documents\Steffi\Lichen-Dreams\backend\ia\datasets\liquenes_saludables\ls_0211.jpg,0,saludable,train,ls_0211,false,ls_0211.jpg
ls_0212.jpg,C:\Users\mance\Documents\Steffi\Lichen-Dreams\backend\ia\datasets\liquenes_saludables\ls_0212.jpg,0,saludable,train,ls_0212,false,ls_0212.jpg
ls_0213.jpg,C:\Users\mance\Documents\Steffi\Lichen-Dreams\backend\ia\datasets\liquenes_saludables\ls_0213.jpg,0,saludable,train,ls_0213,false,ls_0213.jpg
ls_0214.jpg,C:\Users\mance\Documents\Steffi\Lichen-Dreams\backend\ia\datasets\liquenes_saludables\ls_0214.jpg,0,saludable,train,ls_0214,false,ls_0214.jpg
ls_0215.jpg,C:\Users\mance\Documents\Steffi\Lichen-Dreams\backend\ia\datasets\liquenes_saludables\ls_0215.jpg,0,saludable,test,ls_0215,false,ls_0215.jpg
ls_0216.jpg,C:\Users\mance\Documents\Steffi\Lichen-Dreams\backend\ia\datasets\liquenes_saludables\ls_0216.jpg,0,saludable,train,ls_0216,false,ls_0216.jpg
ls_0217.jpg,C:\Users\mance\Documents\Steffi\Lichen-Dreams\backend\ia\datasets\liquenes_saludables\ls_0217.jpg,0,saludable,test,ls_0217,false,ls_0217.jpg
ls_0218.jpg,C:\Users\mance\Documents\Steffi\Lichen-Dreams\backend\ia\datasets\liquenes_saludables\ls_0218.jpg,0,saludable,train,ls_0218,false,ls_0218.jpg
ls_0219.jpg,C:\Users\mance\Documents\Steffi\Lichen-Dreams\backend\ia\datasets\liquenes_saludables\ls_0219.jpg,0,saludable,train,ls_0219,false,ls_0219.jpg
ls_0220.jpg,C:\Users\mance\Documents\Steffi\Lichen-Dreams\backend\ia\datasets\liquenes_saludables\ls_0220.jpg,0,saludable,val,ls_0220,false,ls_0220.jpg
ls_0221.jpg,C:\Users\mance\Documents\Steffi\Lichen-Dreams\backend\ia\datasets\liquenes_saludables\ls_0221.jpg,0,saludable,train,ls_0221,false,ls_0221.jpg
ls_0222.jpg,C:\Users\mance\Documents\Steffi\Lichen-Dreams\backend\ia\datasets\liquenes_saludables\ls_0222.jpg,0,saludable,train,ls_0222,false,ls_0222.jpg
ls_0223.jpg,C:\Users\mance\Documents\Steffi\Lichen-Dreams\backend\ia\datasets\liquenes_saludables\ls_0223.jpg,0,saludable,train,ls_0223,false,ls_0223.jpg
ls_0224.jpg,C:\Users\mance\Documents\Steffi\Lichen-Dreams\backend\ia\datasets\liquenes_saludables\ls_0224.jpg,0,saludable,train,ls_0224,false,ls_0224.jpg
ls_0225.jpg,C:\Users\mance\Documents\Steffi\Lichen-Dreams\backend\ia\datasets\liquenes_saludables\ls_0225.jpg,0,saludable,train,ls_0225,false,ls_0225.jpg
ls_0226.jpg,C:\Users\mance\Documents\Steffi\Lichen-Dreams\backend\ia\datasets\liquenes_saludables\ls_0226.jpg,0,saludable,train,ls_0226,false,ls_0226.jpg
ls_0227.jpg,C:\Users\mance\Documents\Steffi\Lichen-Dreams\backend\ia\datasets\liquenes_saludables\ls_0227.jpg,0,saludable,train,ls_0227,false,ls_0227.jpg
ls_0228.jpg,C:\Users\mance\Documents\Steffi\Lichen-Dreams\backend\ia\datasets\liquenes_saludables\ls_0228.jpg,0,saludable,train,ls_0228,false,ls_0228.jpg
ls_0229.jpg,C:\Users\mance\Documents\Steffi\Lichen-Dreams\backend\ia\datasets\liquenes_saludables\ls_0229.jpg,0,saludable,train,ls_0229,false,ls_0229.jpg
ls_0230.jpg,C:\Users\mance\Documents\Steffi\Lichen-Dreams\backend\ia\datasets\liquenes_saludables\ls_0230.jpg,0,saludable,test,ls_0230,false,ls_0230.jpg
ls_0231.jpg,C:\Users\mance\Documents\Steffi\Lichen-Dreams\backend\ia\datasets\liquenes_saludables\ls_0231.jpg,0,saludable,train,ls_0231,false,ls_0231.jpg
ls_0232.jpg,C:\Users\mance\Documents\Steffi\Lichen-Dreams\backend\ia\datasets\liquenes_saludables\ls_0232.jpg,0,saludable,train,ls_0232,false,ls_0232.jpg
ls_0233.jpg,C:\Users\mance\Documents\Steffi\Lichen-Dreams\backend\ia\datasets\liquenes_saludables\ls_0233.jpg,0,saludable,val,ls_0233,false,ls_0233.jpg
ls_0234.jpg,C:\Users\mance\Documents\Steffi\Lichen-Dreams\backend\ia\datasets\liquenes_saludables\ls_0234.jpg,0,saludable,train,ls_0234,false,ls_0234.jpg
ls_0235.jpg,C:\Users\mance\Documents\Steffi\Lichen-Dreams\backend\ia\datasets\liquenes_saludables\ls_0235.jpg,0,saludable,val,ls_0235,false,ls_0235.jpg
ls_0236.jpg,C:\Users\mance\Documents\Steffi\Lichen-Dreams\backend\ia\datasets\liquenes_saludables\ls_0236.jpg,0,saludable,test,ls_0236,false,ls_0236.jpg
ls_0237.jpg,C:\Users\mance\Documents\Steffi\Lichen-Dreams\backend\ia\datasets\liquenes_saludables\ls_0237.jpg,0,saludable,val,ls_0237,false,ls_0237.jpg
ls_0238.jpg,C:\Users\mance\Documents\Steffi\Lichen-Dreams\backend\ia\datasets\liquenes_saludables\ls_0238.jpg,0,saludable,train,ls_0238,false,ls_0238.jpg
ls_0239.jpg,C:\Users\mance\Documents\Steffi\Lichen-Dreams\backend\ia\datasets\liquenes_saludables\ls_0239.jpg,0,saludable,train,ls_0239,false,ls_0239.jpg
ls_0240.jpg,C:\Users\mance\Documents\Steffi\Lichen-Dreams\backend\ia\datasets\liquenes_saludables\ls_0240.jpg,0,saludable,train,ls_0240,false,ls_0240.jpg
ls_0241.jpg,C:\Users\mance\Documents\Steffi\Lichen-Dreams\backend\ia\datasets\liquenes_saludables\ls_0241.jpg,0,saludable,train,ls_0241,false,ls_0241.jpg
ls_0242.jpg,C:\Users\mance\Documents\Steffi\Lichen-Dreams\backend\ia\datasets\liquenes_saludables\ls_0242.jpg,0,saludable,train,ls_0242,false,ls_0242.jpg
ls_0243.jpg,C:\Users\mance\Documents\Steffi\Lichen-Dreams\backend\ia\datasets\liquenes_saludables\ls_0243.jpg,0,saludable,train,ls_0243,false,ls_0243.jpg
ls_0244.jpg,C:\Users\mance\Documents\Steffi\Lichen-Dreams\backend\ia\datasets\liquenes_saludables\ls_0244.jpg,0,saludable,train,ls_0244,false,ls_0244.jpg
ls_0245.jpg,C:\Users\mance\Documents\Steffi\Lichen-Dreams\backend\ia\datasets\liquenes_saludables\ls_0245.jpg,0,saludable,train,ls_0245,false,ls_0245.jpg
ls_0246.jpg,C:\Users\mance\Documents\Steffi\Lichen-Dreams\backend\ia\datasets\liquenes_saludables\ls_0246.jpg,0,saludable,train,ls_0246,false,ls_0246.jpg
ls_0247.jpg,C:\Users\mance\Documents\Steffi\Lichen-Dreams\backend\ia\datasets\liquenes_saludables\ls_0247.jpg,0,saludable,train,ls_0247,false,ls_0247.jpg
ls_0248.jpg,C:\Users\mance\Documents\Steffi\Lichen-Dreams\backend\ia\datasets\liquenes_saludables\ls_0248.jpg,0,saludable,train,ls_0248,false,ls_0248.jpg
ls_0249.jpg,C:\Users\mance\Documents\Steffi\Lichen-Dreams\backend\ia\datasets\liquenes_saludables\ls_0249.jpg,0,saludable,train,ls_0249,false,ls_0249.jpg
ls_0250.jpg,C:\Users\mance\Documents\Steffi\Lichen-Dreams\backend\ia\datasets\liquenes_saludables\ls_0250.jpg,0,saludable,train,ls_0250,false,ls_0250.jpg
ls_0251.jpg,C:\Users\mance\Documents\Steffi\Lichen-Dreams\backend\ia\datasets\liquenes_saludables\ls_0251.jpg,0,saludable,train,ls_0251,false,ls_0251.jpg
ls_0252.jpg,C:\Users\mance\Documents\Steffi\Lichen-Dreams\backend\ia\datasets\liquenes_saludables\ls_0252.jpg,0,saludable,train,ls_0252,false,ls_0252.jpg
ls_0253.jpg,C:\Users\mance\Documents\Steffi\Lichen-Dreams\backend\ia\datasets\liquenes_saludables\ls_0253.jpg,0,saludable,val,ls_0253,false,ls_0253.jpg
ls_0254.jpg,C:\Users\mance\Documents\Steffi\Lichen-Dreams\backend\ia\datasets\liquenes_saludables\ls_0254.jpg,0,saludable,train,ls_0254,false,ls_0254.jpg
ls_0255.jpg,C:\Users\mance\Documents\Steffi\Lichen-Dreams\backend\ia\datasets\liquenes_saludables\ls_0255.jpg,0,saludable,train,ls_0255,false,ls_0255.jpg
ls_0256.jpg,C:\Users\mance\Documents\Steffi\Lichen-Dreams\backend\ia\datasets\liquenes_saludables\ls_0256.jpg,0,saludable,val,ls_0256,false,ls_0256.jpg
ls_0257.jpg,C:\Users\mance\Documents\Steffi\Lichen-Dreams\backend\ia\datasets\liquenes_saludables\ls_0257.jpg,0,saludable,train,ls_0257,false,ls_0257.jpg
ls_0258.jpg,C:\Users\mance\Documents\Steffi\Lichen-Dreams\backend\ia\datasets\liquenes_saludables\ls_0258.jpg,0,saludable,train,ls_0258,false,ls_0258.jpg
ls_0259.jpg,C:\Users\mance\Documents\Steffi\Lichen-Dreams\backend\ia\datasets\liquenes_saludables\ls_0259.jpg,0,saludable,test,ls_0259,false,ls_0259.jpg
ls_0260.jpg,C:\Users\mance\Documents\Steffi\Lichen-Dreams\backend\ia\datasets\liquenes_saludables\ls_0260.jpg,0,saludable,train,ls_0260,false,ls_0260.jpg
ls_0261.jpg,C:\Users\mance\Documents\Steffi\Lichen-Dreams\backend\ia\datasets\liquenes_saludables\ls_0261.jpg,0,saludable,val,ls_0261,false,ls_0261.jpg
ls_0262.jpg,C:\Users\mance\Documents\Steffi\Lichen-Dreams\backend\ia\datasets\liquenes_saludables\ls_0262.jpg,0,saludable,train,ls_0262,false,ls_0262.jpg
ls_0263.jpg,C:\Users\mance\Documents\Steffi\Lichen-Dreams\backend\ia\datasets\liquenes_saludables\ls_0263.jpg,0,saludable,train,ls_0263,false,ls_0263.jpg
ls_0264.jpg,C:\Users\mance\Documents\Steffi\Lichen-Dreams\backend\ia\datasets\liquenes_saludables\ls_0264.jpg,0,saludable,train,ls_0264,false,ls_0264.jpg
ls_0265.jpg,C:\Users\mance\Documents\Steffi\Lichen-Dreams\backend\ia\datasets\liquenes_saludables\ls_0265.jpg,0,saludable,train,ls_0265,false,ls_0265.jpg
ls_0266.jpg,C:\Users\mance\Documents\Steffi\Lichen-Dreams\backend\ia\datasets\liquenes_saludables\ls_0266.jpg,0,saludable,train,ls_0266,false,ls_0266.jpg
ls_0267.jpg,C:\Users\mance\Documents\Steffi\Lichen-Dreams\backend\ia\datasets\liquenes_saludables\ls_0267.jpg,0,saludable,train,ls_0267,false,ls_0267.jpg
ls_0268.jpg,C:\Users\mance\Documents\Steffi\Lichen-Dreams\backend\ia\datasets\liquenes_saludables\ls_0268.jpg,0,saludable,train,ls_0268,false,ls_0268.jpg
ls_0269.jpg,C:\Users\mance\Documents\Steffi\Lichen-Dreams\backend\ia\datasets\liquenes_saludables\ls_0269.jpg,0,saludable,train,ls_0269,false,ls_0269.jpg
ls_0270.jpg,C:\Users\mance\Documents\Steffi\Lichen-Dreams\backend\ia\datasets\liquenes_saludables\ls_0270.jpg,0,saludable,train,ls_0270,false,ls_0270.jpg
ls_0271.jpg,C:\Users\mance\Documents\Steffi\Lichen-Dreams\backend\ia\datasets\liquenes_saludables\ls_0271.jpg,0,saludable,train,ls_0271,false,ls_0271.jpg
ls_0272.jpg,C:\Users\mance\Documents\Steffi\Lichen-Dreams\backend\ia\datasets\liquenes_saludables\ls_0272.jpg,0,saludable,train,ls_0272,false,ls_0272.jpg
ls_0273.jpg,C:\Users\mance\Documents\Steffi\Lichen-Dreams\backend\ia\datasets\liquenes_saludables\ls_0273.jpg,0,saludable,train,ls_0273,false,ls_0273.jpg
ls_0274.jpg,C:\Users\mance\Documents\Steffi\Lichen-Dreams\backend\ia\datasets\liquenes_saludables\ls_0274.jpg,0,saludable,val,ls_0274,false,ls_0274.jpg
ls_0275.jpg,C:\Users\mance\Documents\Steffi\Lichen-Dreams\backend\ia\datasets\liquenes_saludables\ls_0275.jpg,0,saludable,test,ls_0275,false,ls_0275.jpg
ls_0276.jpg,C:\Users\mance\Documents\Steffi\Lichen-Dreams\backend\ia\datasets\liquenes_saludables\ls_0276.jpg,0,saludable,val,ls_0276,false,ls_0276.jpg
ls_0277.jpg,C:\Users\mance\Documents\Steffi\Lichen-Dreams\backend\ia\datasets\liquenes_saludables\ls_0277.jpg,0,saludable,train,ls_0277,false,ls_0277.jpg
ls_0278.jpg,C:\Users\mance\Documents\Steffi\Lichen-Dreams\backend\ia\datasets\liquenes_saludables\ls_0278.jpg,0,saludable,train,ls_0278,false,ls_0278.jpg
ls_0279.jpg,C:\Users\mance\Documents\Steffi\Lichen-Dreams\backend\ia\datasets\liquenes_saludables\ls_0279.jpg,0,saludable,train,ls_0279,false,ls_0279.jpg
ls_0280.jpg,C:\Users\mance\Documents\Steffi\Lichen-Dreams\backend\ia\datasets\liquenes_saludables\ls_0280.jpg,0,saludable,test,ls_0280,false,ls_0280.jpg
ls_0281.jpg,C:\Users\mance\Documents\Steffi\Lichen-Dreams\backend\ia\datasets\liquenes_saludables\ls_0281.jpg,0,saludable,train,ls_0281,false,ls_0281.jpg
ls_0282.jpg,C:\Users\mance\Documents\Steffi\Lichen-Dreams\backend\ia\datasets\liquenes_saludables\ls_0282.jpg,0,saludable,train,ls_0282,false,ls_0282.jpg
ls_0283.jpg,C:\Users\mance\Documents\Steffi\Lichen-Dreams\backend\ia\datasets\liquenes_saludables\ls_0283.jpg,0,saludable,test,ls_0283,false,ls_0283.jpg
ls_0284.jpg,C:\Users\mance\Documents\Steffi\Lichen-Dreams\backend\ia\datasets\liquenes_saludables\ls_0284.jpg,0,saludable,train,ls_0284,false,ls_0284.jpg
ls_0285.jpg,C:\Users\mance\Documents\Steffi\Lichen-Dreams\backend\ia\datasets\liquenes_saludables\ls_0285.jpg,0,saludable,train,ls_0285,false,ls_0285.jpg
ls_0286.jpg,C:\Users\mance\Documents\Steffi\Lichen-Dreams\backend\ia\datasets\liquenes_saludables\ls_0286.jpg,0,saludable,val,ls_0286,false,ls_0286.jpg
ls_0287.jpg,C:\Users\mance\Documents\Steffi\Lichen-Dreams\backend\ia\datasets\liquenes_saludables\ls_0287.jpg,0,saludable,train,ls_0287,false,ls_0287.jpg
ls_0288.jpg,C:\Users\mance\Documents\Steffi\Lichen-Dreams\backend\ia\datasets\liquenes_saludables\ls_0288.jpg,0,saludable,test,ls_0288,false,ls_0288.jpg
ls_0289.jpg,C:\Users\mance\Documents\Steffi\Lichen-Dreams\backend\ia\datasets\liquenes_saludables\ls_0289.jpg,0,saludable,train,ls_0289,false,ls_0289.jpg
ls_0290.jpg,C:\Users\mance\Documents\Steffi\Lichen-Dreams\backend\ia\datasets\liquenes_saludables\ls_0290.jpg,0,saludable,train,ls_0290,false,ls_0290.jpg
ls_0291.jpg,C:\Users\mance\Documents\Steffi\Lichen-Dreams\backend\ia\datasets\liquenes_saludables\ls_0291.jpg,0,saludable,val,ls_0291,false,ls_0291.jpg
ls_0292.jpg,C:\Users\mance\Documents\Steffi\Lichen-Dreams\backend\ia\datasets\liquenes_saludables\ls_0292.jpg,0,saludable,train,ls_0292,false,ls_0292.jpg
ls_0293.jpg,C:\Users\mance\Documents\Steffi\Lichen-Dreams\backend\ia\datasets\liquenes_saludables\ls_0293.jpg,0,saludable,train,ls_0293,false,ls_0293.jpg
ls_0294.jpg,C:\Users\mance\Documents\Steffi\Lichen-Dreams\backend\ia\datasets\liquenes_saludables\ls_0294.jpg,0,saludable,train,ls_0294,false,ls_0294.jpg
ls_0295.jpeg,C:\Users\mance\Documents\Steffi\Lichen-Dreams\backend\ia\datasets\liquenes_saludables\ls_0295.jpeg,0,saludable,train,ls_0295,false,ls_0295.jpeg
ls_0296.jpeg,C:\Users\mance\Documents\Steffi\Lichen-Dreams\backend\ia\datasets\liquenes_saludables\ls_0296.jpeg,0,saludable,test,ls_0296,false,ls_0296.jpeg
ls_0297.jpeg,C:\Users\mance\Documents\Steffi\Lichen-Dreams\backend\ia\datasets\liquenes_saludables\ls_0297.jpeg,0,saludable,train,ls_0297,false,ls_0297.jpeg
ls_0298.jpeg,C:\Users\mance\Documents\Steffi\Lichen-Dreams\backend\ia\datasets\liquenes_saludables\ls_0298.jpeg,0,saludable,train,ls_0298,false,ls_0298.jpeg
ls_0299.jpeg,C:\Users\mance\Documents\Steffi\Lichen-Dreams\backend\ia\datasets\liquenes_saludables\ls_0299.jpeg,0,saludable,val,ls_0299,false,ls_0299.jpeg
ls_0300.jpeg,C:\Users\mance\Documents\Steffi\Lichen-Dreams\backend\ia\datasets\liquenes_saludables\ls_0300.jpeg,0,saludable,val,ls_0300,false,ls_0300.jpeg
ls_0301.jpeg,C:\Users\mance\Documents\Steffi\Lichen-Dreams\backend\ia\datasets\liquenes_saludables\ls_0301.jpeg,0,saludable,train,ls_0301,false,ls_0301.jpeg
ls_0302.jpeg,C:\Users\mance\Documents\Steffi\Lichen-Dreams\backend\ia\datasets\liquenes_saludables\ls_0302.jpeg,0,saludable,test,ls_0302,false,ls_0302.jpeg
ls_0303.jpeg,C:\Users\mance\Documents\Steffi\Lichen-Dreams\backend\ia\datasets\liquenes_saludables\ls_0303.jpeg,0,saludable,test,ls_0303,false,ls_0303.jpeg
ls_0304.jpeg,C:\Users\mance\Documents\Steffi\Lichen-Dreams\backend\ia\datasets\liquenes_saludables\ls_0304.jpeg,0,saludable,train,ls_0304,false,ls_0304.jpeg
ls_0305.jpg,C:\Users\mance\Documents\Steffi\Lichen-Dreams\backend\ia\datasets\liquenes_saludables\ls_0305.jpg,0,saludable,train,ls_0305,false,ls_0305.jpg
ls_0306.jpeg,C:\Users\mance\Documents\Steffi\Lichen-Dreams\backend\ia\datasets\liquenes_saludables\ls_0306.jpeg,0,saludable,train,ls_0306,false,ls_0306.jpeg
ls_0307.jpeg,C:\Users\mance\Documents\Steffi\Lichen-Dreams\backend\ia\datasets\liquenes_saludables\ls_0307.jpeg,0,saludable,train,ls_0307,false,ls_0307.jpeg
ls_0308.jpeg,C:\Users\mance\Documents\Steffi\Lichen-Dreams\backend\ia\datasets\liquenes_saludables\ls_0308.jpeg,0,saludable,train,ls_0308,false,ls_0308.jpeg
ls_0309.jpeg,C:\Users\mance\Documents\Steffi\Lichen-Dreams\backend\ia\datasets\liquenes_saludables\ls_0309.jpeg,0,saludable,test,ls_0309,false,ls_0309.jpeg
ls_0310.jpeg,C:\Users\mance\Documents\Steffi\Lichen-Dreams\backend\ia\datasets\liquenes_saludables\ls_0310.jpeg,0,saludable,test,ls_0310,false,ls_0310.jpeg
ls_0311.jpeg,C:\Users\mance\Documents\Steffi\Lichen-Dreams\backend\ia\datasets\liquenes_saludables\ls_0311.jpeg,0,saludable,train,ls_0311,false,ls_0311.jpeg
ls_0312.jpeg,C:\Users\mance\Documents\Steffi\Lichen-Dreams\backend\ia\datasets\liquenes_saludables\ls_0312.jpeg,0,saludable,val,ls_0312,false,ls_0312.jpeg
ls_0313.jpg,C:\Users\mance\Documents\Steffi\Lichen-Dreams\backend\ia\datasets\liquenes_saludables\ls_0313.jpg,0,saludable,train,ls_0313,false,ls_0313.jpg
ls_0314.jpg,C:\Users\mance\Documents\Steffi\Lichen-Dreams\backend\ia\datasets\liquenes_saludables\ls_0314.jpg,0,saludable,train,ls_0314,false,ls_0314.jpg
ls_0315.jpg,C:\Users\mance\Documents\Steffi\Lichen-Dreams\backend\ia\datasets\liquenes_saludables\ls_0315.jpg,0,saludable,train,ls_0315,false,ls_0315.jpg
ls_0316.jpg,C:\Users\mance\Documents\Steffi\Lichen-Dreams\backend\ia\datasets\liquenes_saludables\ls_0316.jpg,0,saludable,train,ls_0316,false,ls_0316.jpg
ls_0317.jpg,C:\Users\mance\Documents\Steffi\Lichen-Dreams\backend\ia\datasets\liquenes_saludables\ls_0317.jpg,0,saludable,test,ls_0317,false,ls_0317.jpg
ls_0318.jpg,C:\Users\mance\Documents\Steffi\Lichen-Dreams\backend\ia\datasets\liquenes_saludables\ls_0318.jpg,0,saludable,train,ls_0318,false,ls_0318.jpg
ls_0319.jpg,C:\Users\mance\Documents\Steffi\Lichen-Dreams\backend\ia\datasets\liquenes_saludables\ls_0319.jpg,0,saludable,train,ls_0319,false,ls_0319.jpg
ls_0320.jpg,C:\Users\mance\Documents\Steffi\Lichen-Dreams\backend\ia\datasets\liquenes_saludables\ls_0320.jpg,0,saludable,train,ls_0320,false,ls_0320.jpg
ls_0321.jpg,C:\Users\mance\Documents\Steffi\Lichen-Dreams\backend\ia\datasets\liquenes_saludables\ls_0321.jpg,0,saludable,train,ls_0321,false,ls_0321.jpg
ls_0322.jpg,C:\Users\mance\Documents\Steffi\Lichen-Dreams\backend\ia\datasets\liquenes_saludables\ls_0322.jpg,0,saludable,test,ls_0322,false,ls_0322.jpg
ls_0323.jpg,C:\Users\mance\Documents\Steffi\Lichen-Dreams\backend\ia\datasets\liquenes_saludables\ls_0323.jpg,0,saludable,train,ls_0323,false,ls_0323.jpg
ls_0324.jpg,C:\Users\mance\Documents\Steffi\Lichen-Dreams\backend\ia\datasets\liquenes_saludables\ls_0324.jpg,0,saludable,train,ls_0324,false,ls_0324.jpg
ls_0325.jpg,C:\Users\mance\Documents\Steffi\Lichen-Dreams\backend\ia\datasets\liquenes_saludables\ls_0325.jpg,0,saludable,train,ls_0325,false,ls_0325.jpg
ls_0326.jpg,C:\Users\mance\Documents\Steffi\Lichen-Dreams\backend\ia\datasets\liquenes_saludables\ls_0326.jpg,0,saludable,val,ls_0326,false,ls_0326.jpg
ls_0327.jpg,C:\Users\mance\Documents\Steffi\Lichen-Dreams\backend\ia\datasets\liquenes_saludables\ls_0327.jpg,0,saludable,train,ls_0327,false,ls_0327.jpg
ls_0328.jpg,C:\Users\mance\Documents\Steffi\Lichen-Dreams\backend\ia\datasets\liquenes_saludables\ls_0328.jpg,0,saludable,test,ls_0328,false,ls_0328.jpg
ls_0329.jpg,C:\Users\mance\Documents\Steffi\Lichen-Dreams\backend\ia\datasets\liquenes_saludables\ls_0329.jpg,0,saludable,train,ls_0329,false,ls_0329.jpg
ls_0330.jpg,C:\Users\mance\Documents\Steffi\Lichen-Dreams\backend\ia\datasets\liquenes_saludables\ls_0330.jpg,0,saludable,val,ls_0330,false,ls_0330.jpg
ls_0331.jpg,C:\Users\mance\Documents\Steffi\Lichen-Dreams\backend\ia\datasets\liquenes_saludables\ls_0331.jpg,0,saludable,train,ls_0331,false,ls_0331.jpg
ls_0332.jpg,C:\Users\mance\Documents\Steffi\Lichen-Dreams\backend\ia\datasets\liquenes_saludables\ls_0332.jpg,0,saludable,val,ls_0332,false,ls_0332.jpg
ls_0333.jpg,C:\Users\mance\Documents\Steffi\Lichen-Dreams\backend\ia\datasets\liquenes_saludables\ls_0333.jpg,0,saludable,test,ls_0333,false,ls_0333.jpg
ls_0334.jpg,C:\Users\mance\Documents\Steffi\Lichen-Dreams\backend\ia\datasets\liquenes_saludables\ls_0334.jpg,0,saludable,train,ls_0334,false,ls_0334.jpg
ls_0335.jpg,C:\Users\mance\Documents\Steffi\Lichen-Dreams\backend\ia\datasets\liquenes_saludables\ls_0335.jpg,0,saludable,train,ls_0335,false,ls_0335.jpg
ls_0336.jpg,C:\Users\mance\Documents\Steffi\Lichen-Dreams\backend\ia\datasets\liquenes_saludables\ls_0336.jpg,0,saludable,val,ls_0336,false,ls_0336.jpg
ls_0337.jpg,C:\Users\mance\Documents\Steffi\Lichen-Dreams\backend\ia\datasets\liquenes_saludables\ls_0337.jpg,0,saludable,train,ls_0337,false,ls_0337.jpg
ls_0338.jpg,C:\Users\mance\Documents\Steffi\Lichen-Dreams\backend\ia\datasets\liquenes_saludables\ls_0338.jpg,0,saludable,train,ls_0338,false,ls_0338.jpg
ls_0339.jpg,C:\Users\mance\Documents\Steffi\Lichen-Dreams\backend\ia\datasets\liquenes_saludables\ls_0339.jpg,0,saludable,val,ls_0339,false,ls_0339.jpg
ls_0340.jpg,C:\Users\mance\Documents\Steffi\Lichen-Dreams\backend\ia\datasets\liquenes_saludables\ls_0340.jpg,0,saludable,train,ls_0340,false,ls_0340.jpg
ls_0341.jpg,C:\Users\mance\Documents\Steffi\Lichen-Dreams\backend\ia\datasets\liquenes_saludables\ls_0341.jpg,0,saludable,train,ls_0341,false,ls_0341.jpg
ls_0342.jpg,C:\Users\mance\Documents\Steffi\Lichen-Dreams\backend\ia\datasets\liquenes_saludables\ls_0342.jpg,0,saludable,train,ls_0342,false,ls_0342.jpg
ls_0343.jpg,C:\Users\mance\Documents\Steffi\Lichen-Dreams\backend\ia\datasets\liquenes_saludables\ls_0343.jpg,0,saludable,train,ls_0343,false,ls_0343.jpg
ls_0344.jpg,C:\Users\mance\Documents\Steffi\Lichen-Dreams\backend\ia\datasets\liquenes_saludables\ls_0344.jpg,0,saludable,val,ls_0344,false,ls_0344.jpg
ls_0345.jpg,C:\Users\mance\Documents\Steffi\Lichen-Dreams\backend\ia\datasets\liquenes_saludables\ls_0345.jpg,0,saludable,train,ls_0345,false,ls_0345.jpg
ls_0346.jpg,C:\Users\mance\Documents\Steffi\Lichen-Dreams\backend\ia\datasets\liquenes_saludables\ls_0346.jpg,0,saludable,train,ls_0346,false,ls_0346.jpg
ls_0347.jpg,C:\Users\mance\Documents\Steffi\Lichen-Dreams\backend\ia\datasets\liquenes_saludables\ls_0347.jpg,0,saludable,test,ls_0347,false,ls_0347.jpg
ls_0348.jpg,C:\Users\mance\Documents\Steffi\Lichen-Dreams\backend\ia\datasets\liquenes_saludables\ls_0348.jpg,0,saludable,train,ls_0348,false,ls_0348.jpg
ls_0349.jpg,C:\Users\mance\Documents\Steffi\Lichen-Dreams\backend\ia\datasets\liquenes_saludables\ls_0349.jpg,0,saludable,train,ls_0349,false,ls_0349.jpg
ls_0350.jpg,C:\Users\mance\Documents\Steffi\Lichen-Dreams\backend\ia\datasets\liquenes_saludables\ls_0350.jpg,0,saludable,val,ls_0350,false,ls_0350.jpg
ls_0351.jpg,C:\Users\mance\Documents\Steffi\Lichen-Dreams\backend\ia\datasets\liquenes_saludables\ls_0351.jpg,0,saludable,val,ls_0351,false,ls_0351.jpg
ls_0352.jpg,C:\Users\mance\Documents\Steffi\Lichen-Dreams\backend\ia\datasets\liquenes_saludables\ls_0352.jpg,0,saludable,train,ls_0352,false,ls_0352.jpg
ls_0353.jpg,C:\Users\mance\Documents\Steffi\Lichen-Dreams\backend\ia\datasets\liquenes_saludables\ls_0353.jpg,0,saludable,val,ls_0353,false,ls_0353.jpg
ls_0354.jpg,C:\Users\mance\Documents\Steffi\Lichen-Dreams\backend\ia\datasets\liquenes_saludables\ls_0354.jpg,0,saludable,train,ls_0354,false,ls_0354.jpg
ls_0355.jpg,C:\Users\mance\Documents\Steffi\Lichen-Dreams\backend\ia\datasets\liquenes_saludables\ls_0355.jpg,0,saludable,train,ls_0355,false,ls_0355.jpg
ls_0356.jpg,C:\Users\mance\Documents\Steffi\Lichen-Dreams\backend\ia\datasets\liquenes_saludables\ls_0356.jpg,0,saludable,train,ls_0356,false,ls_0356.jpg
ls_0357.jpg,C:\Users\mance\Documents\Steffi\Lichen-Dreams\backend\ia\datasets\liquenes_saludables\ls_0357.jpg,0,saludable,train,ls_0357,false,ls_0357.jpg
ls_0358.jpg,C:\Users\mance\Documents\Steffi\Lichen-Dreams\backend\ia\datasets\liquenes_saludables\ls_0358.jpg,0,saludable,test,ls_0358,false,ls_0358.jpg
ls_0359.jpg,C:\Users\mance\Documents\Steffi\Lichen-Dreams\backend\ia\datasets\liquenes_saludables\ls_0359.jpg,0,saludable,train,ls_0359,false,ls_0359.jpg
ls_0360.jpg,C:\Users\mance\Documents\Steffi\Lichen-Dreams\backend\ia\datasets\liquenes_saludables\ls_0360.jpg,0,saludable,test,ls_0360,false,ls_0360.jpg
ls_0361.jpg,C:\Users\mance\Documents\Steffi\Lichen-Dreams\backend\ia\datasets\liquenes_saludables\ls_0361.jpg,0,saludable,val,ls_0361,false,ls_0361.jpg
ls_0362.jpg,C:\Users\mance\Documents\Steffi\Lichen-Dreams\backend\ia\datasets\liquenes_saludables\ls_0362.jpg,0,saludable,train,ls_0362,false,ls_0362.jpg
ls_0363.jpg,C:\Users\mance\Documents\Steffi\Lichen-Dreams\backend\ia\datasets\liquenes_saludables\ls_0363.jpg,0,saludable,train,ls_0363,false,ls_0363.jpg
ls_0364.jpg,C:\Users\mance\Documents\Steffi\Lichen-Dreams\backend\ia\datasets\liquenes_saludables\ls_0364.jpg,0,saludable,train,ls_0364,false,ls_0364.jpg
ls_0365.jpg,C:\Users\mance\Documents\Steffi\Lichen-Dreams\backend\ia\datasets\liquenes_saludables\ls_0365.jpg,0,saludable,train,ls_0365,false,ls_0365.jpg
ls_0366.jpg,C:\Users\mance\Documents\Steffi\Lichen-Dreams\backend\ia\datasets\liquenes_saludables\ls_0366.jpg,0,saludable,train,ls_0366,false,ls_0366.jpg
ls_0367.jpg,C:\Users\mance\Documents\Steffi\Lichen-Dreams\backend\ia\datasets\liquenes_saludables\ls_0367.jpg,0,saludable,test,ls_0367,false,ls_0367.jpg
ls_0368.jpg,C:\Users\mance\Documents\Steffi\Lichen-Dreams\backend\ia\datasets\liquenes_saludables\ls_0368.jpg,0,saludable,val,ls_0368,false,ls_0368.jpg
ls_0369.jpg,C:\Users\mance\Documents\Steffi\Lichen-Dreams\backend\ia\datasets\liquenes_saludables\ls_0369.jpg,0,saludable,train,ls_0369,false,ls_0369.jpg
ls_0370.jpg,C:\Users\mance\Documents\Steffi\Lichen-Dreams\backend\ia\datasets\liquenes_saludables\ls_0370.jpg,0,saludable,train,ls_0370,false,ls_0370.jpg
ls_0371.jpg,C:\Users\mance\Documents\Steffi\Lichen-Dreams\backend\ia\datasets\liquenes_saludables\ls_0371.jpg,0,saludable,train,ls_0371,false,ls_0371.jpg
ls_0372.jpg,C:\Users\mance\Documents\Steffi\Lichen-Dreams\backend\ia\datasets\liquenes_saludables\ls_0372.jpg,0,saludable,train,ls_0372,false,ls_0372.jpg
ls_0373.jpg,C:\Users\mance\Documents\Steffi\Lichen-Dreams\backend\ia\datasets\liquenes_saludables\ls_0373.jpg,0,saludable,train,ls_0373,false,ls_0373.jpg
ls_0374.jpg,C:\Users\mance\Documents\Steffi\Lichen-Dreams\backend\ia\datasets\liquenes_saludables\ls_0374.jpg,0,saludable,test,ls_0374,false,ls_0374.jpg
ls_0375.jpg,C:\Users\mance\Documents\Steffi\Lichen-Dreams\backend\ia\datasets\liquenes_saludables\ls_0375.jpg,0,saludable,train,ls_0375,false,ls_0375.jpg
ls_0376.jpg,C:\Users\mance\Documents\Steffi\Lichen-Dreams\backend\ia\datasets\liquenes_saludables\ls_0376.jpg,0,saludable,train,ls_0376,false,ls_0376.jpg
ls_0377.jpg,C:\Users\mance\Documents\Steffi\Lichen-Dreams\backend\ia\datasets\liquenes_saludables\ls_0377.jpg,0,saludable,val,ls_0377,false,ls_0377.jpg
ls_0378.jpg,C:\Users\mance\Documents\Steffi\Lichen-Dreams\backend\ia\datasets\liquenes_saludables\ls_0378.jpg,0,saludable,test,ls_0378,false,ls_0378.jpg
ls_0379.jpg,C:\Users\mance\Documents\Steffi\Lichen-Dreams\backend\ia\datasets\liquenes_saludables\ls_0379.jpg,0,saludable,train,ls_0379,false,ls_0379.jpg
ls_0380.jpg,C:\Users\mance\Documents\Steffi\Lichen-Dreams\backend\ia\datasets\liquenes_saludables\ls_0380.jpg,0,saludable,test,ls_0380,false,ls_0380.jpg
ls_0381.jpg,C:\Users\mance\Documents\Steffi\Lichen-Dreams\backend\ia\datasets\liquenes_saludables\ls_0381.jpg,0,saludable,val,ls_0381,false,ls_0381.jpg
ls_0382.jpg,C:\Users\mance\Documents\Steffi\Lichen-Dreams\backend\ia\datasets\liquenes_saludables\ls_0382.jpg,0,saludable,train,ls_0382,false,ls_0382.jpg
ls_0383.jpg,C:\Users\mance\Documents\Steffi\Lichen-Dreams\backend\ia\datasets\liquenes_saludables\ls_0383.jpg,0,saludable,train,ls_0383,false,ls_0383.jpg
ls_0384.jpg,C:\Users\mance\Documents\Steffi\Lichen-Dreams\backend\ia\datasets\liquenes_saludables\ls_0384.jpg,0,saludable,train,ls_0384,false,ls_0384.jpg
ls_0385.jpg,C:\Users\mance\Documents\Steffi\Lichen-Dreams\backend\ia\datasets\liquenes_saludables\ls_0385.jpg,0,saludable,train,ls_0385,false,ls_0385.jpg
ls_0386.jpg,C:\Users\mance\Documents\Steffi\Lichen-Dreams\backend\ia\datasets\liquenes_saludables\ls_0386.jpg,0,saludable,train,ls_0386,false,ls_0386.jpg
ls_0387.jpeg,C:\Users\mance\Documents\Steffi\Lichen-Dreams\backend\ia\datasets\liquenes_saludables\ls_0387.jpeg,0,saludable,val,ls_0387,false,ls_0387.jpeg
ls_0388.jpeg,C:\Users\mance\Documents\Steffi\Lichen-Dreams\backend\ia\datasets\liquenes_saludables\ls_0388.jpeg,0,saludable,train,ls_0388,false,ls_0388.jpeg
ls_0389.jpeg,C:\Users\mance\Documents\Steffi\Lichen-Dreams\backend\ia\datasets\liquenes_saludables\ls_0389.jpeg,0,saludable,test,ls_0389,false,ls_0389.jpeg
ls_0390.jpeg,C:\Users\mance\Documents\Steffi\Lichen-Dreams\backend\ia\datasets\liquenes_saludables\ls_0390.jpeg,0,saludable,train,ls_0390,false,ls_0390.jpeg
ls_0391.jpeg,C:\Users\mance\Documents\Steffi\Lichen-Dreams\backend\ia\datasets\liquenes_saludables\ls_0391.jpeg,0,saludable,test,ls_0391,false,ls_0391.jpeg
ls_0392.jpeg,C:\Users\mance\Documents\Steffi\Lichen-Dreams\backend\ia\datasets\liquenes_saludables\ls_0392.jpeg,0,saludable,train,ls_0392,false,ls_0392.jpeg
ls_0393.jpeg,C:\Users\mance\Documents\Steffi\Lichen-Dreams\backend\ia\datasets\liquenes_saludables\ls_0393.jpeg,0,saludable,train,ls_0393,false,ls_0393.jpeg
ls_0394.jpeg,C:\Users\mance\Documents\Steffi\Lichen-Dreams\backend\ia\datasets\liquenes_saludables\ls_0394.jpeg,0,saludable,train,ls_0394,false,ls_0394.jpeg
ls_0395.jpeg,C:\Users\mance\Documents\Steffi\Lichen-Dreams\backend\ia\datasets\liquenes_saludables\ls_0395.jpeg,0,saludable,train,ls_0395,false,ls_0395.jpeg
ls_0396.jpeg,C:\Users\mance\Documents\Steffi\Lichen-Dreams\backend\ia\datasets\liquenes_saludables\ls_0396.jpeg,0,saludable,val,ls_0396,false,ls_0396.jpeg
ls_0397.jpeg,C:\Users\mance\Documents\Steffi\Lichen-Dreams\backend\ia\datasets\liquenes_saludables\ls_0397.jpeg,0,saludable,train,ls_0397,false,ls_0397.jpeg
ls_0398.jpeg,C:\Users\mance\Documents\Steffi\Lichen-Dreams\backend\ia\datasets\liquenes_saludables\ls_0398.jpeg,0,saludable,train,ls_0398,false,ls_0398.jpeg
ls_0399.jpeg,C:\Users\mance\Documents\Steffi\Lichen-Dreams\backend\ia\datasets\liquenes_saludables\ls_0399.jpeg,0,saludable,train,ls_0399,false,ls_0399.jpeg
ls_0400.jpeg,C:\Users\mance\Documents\Steffi\Lichen-Dreams\backend\ia\datasets\liquenes_saludables\ls_0400.jpeg,0,saludable,train,ls_0400,false,ls_0400.jpeg
ls_0401.jpeg,C:\Users\mance\Documents\Steffi\Lichen-Dreams\backend\ia\datasets\liquenes_saludables\ls_0401.jpeg,0,saludable,train,ls_0401,false,ls_0401.jpeg
ls_0402.jpeg,C:\Users\mance\Documents\Steffi\Lichen-Dreams\backend\ia\datasets\liquenes_saludables\ls_0402.jpeg,0,saludable,train,ls_0402,false,ls_0402.jpeg
ls_0403.jpeg,C:\Users\mance\Documents\Steffi\Lichen-Dreams\backend\ia\datasets\liquenes_saludables\ls_0403.jpeg,0,saludable,train,ls_0403,false,ls_0403.jpeg
ls_0404.jpeg,C:\Users\mance\Documents\Steffi\Lichen-Dreams\backend\ia\datasets\liquenes_saludables\ls_0404.jpeg,0,saludable,train,ls_0404,false,ls_0404.jpeg
ls_0405.jpeg,C:\Users\mance\Documents\Steffi\Lichen-Dreams\backend\ia\datasets\liquenes_saludables\ls_0405.jpeg,0,saludable,train,ls_0405,false,ls_0405.jpeg
ls_0406.jpeg,C:\Users\mance\Documents\Steffi\Lichen-Dreams\backend\ia\datasets\liquenes_saludables\ls_0406.jpeg,0,saludable,train,ls_0406,false,ls_0406.jpeg
ls_0407.jpeg,C:\Users\mance\Documents\Steffi\Lichen-Dreams\backend\ia\datasets\liquenes_saludables\ls_0407.jpeg,0,saludable,train,ls_0407,false,ls_0407.jpeg
ls_0408.jpeg,C:\Users\mance\Documents\Steffi\Lichen-Dreams\backend\ia\datasets\liquenes_saludables\ls_0408.jpeg,0,saludable,train,ls_0408,false,ls_0408.jpeg
ls_0409.jpeg,C:\Users\mance\Documents\Steffi\Lichen-Dreams\backend\ia\datasets\liquenes_saludables\ls_0409.jpeg,0,saludable,train,ls_0409,false,ls_0409.jpeg
ls_0410.jpeg,C:\Users\mance\Documents\Steffi\Lichen-Dreams\backend\ia\datasets\liquenes_saludables\ls_0410.jpeg,0,saludable,val,ls_0410,false,ls_0410.jpeg
ls_0411.jpeg,C:\Users\mance\Documents\Steffi\Lichen-Dreams\backend\ia\datasets\liquenes_saludables\ls_0411.jpeg,0,saludable,train,ls_0411,false,ls_0411.jpeg
ls_0412.jpeg,C:\Users\mance\Documents\Steffi\Lichen-Dreams\backend\ia\datasets\liquenes_saludables\ls_0412.jpeg,0,saludable,val,ls_0412,false,ls_0412.jpeg
ls_0413.jpeg,C:\Users\mance\Documents\Steffi\Lichen-Dreams\backend\ia\datasets\liquenes_saludables\ls_0413.jpeg,0,saludable,test,ls_0413,false,ls_0413.jpeg
ls_0414.jpeg,C:\Users\mance\Documents\Steffi\Lichen-Dreams\backend\ia\datasets\liquenes_saludables\ls_0414.jpeg,0,saludable,test,ls_0414,false,ls_0414.jpeg
ls_0415.jpeg,C:\Users\mance\Documents\Steffi\Lichen-Dreams\backend\ia\datasets\liquenes_saludables\ls_0415.jpeg,0,saludable,test,ls_0415,false,ls_0415.jpeg
ls_0416.jpeg,C:\Users\mance\Documents\Steffi\Lichen-Dreams\backend\ia\datasets\liquenes_saludables\ls_0416.jpeg,0,saludable,train,ls_0416,false,ls_0416.jpeg
ls_0417.jpeg,C:\Users\mance\Documents\Steffi\Lichen-Dreams\backend\ia\datasets\liquenes_saludables\ls_0417.jpeg,0,saludable,train,ls_0417,false,ls_0417.jpeg
ls_0418.jpeg,C:\Users\mance\Documents\Steffi\Lichen-Dreams\backend\ia\datasets\liquenes_saludables\ls_0418.jpeg,0,saludable,train,ls_0418,false,ls_0418.jpeg
ls_0419.jpeg,C:\Users\mance\Documents\Steffi\Lichen-Dreams\backend\ia\datasets\liquenes_saludables\ls_0419.jpeg,0,saludable,train,ls_0419,false,ls_0419.jpeg
ls_0420.jpeg,C:\Users\mance\Documents\Steffi\Lichen-Dreams\backend\ia\datasets\liquenes_saludables\ls_0420.jpeg,0,saludable,train,ls_0420,false,ls_0420.jpeg
ls_0421.jpeg,C:\Users\mance\Documents\Steffi\Lichen-Dreams\backend\ia\datasets\liquenes_saludables\ls_0421.jpeg,0,saludable,train,ls_0421,false,ls_0421.jpeg
ls_0422.jpeg,C:\Users\mance\Documents\Steffi\Lichen-Dreams\backend\ia\datasets\liquenes_saludables\ls_0422.jpeg,0,saludable,train,ls_0422,false,ls_0422.jpeg
ls_0423.jpeg,C:\Users\mance\Documents\Steffi\Lichen-Dreams\backend\ia\datasets\liquenes_saludables\ls_0423.jpeg,0,saludable,train,ls_0423,false,ls_0423.jpeg
ls_0424.jpeg,C:\Users\mance\Documents\Steffi\Lichen-Dreams\backend\ia\datasets\liquenes_saludables\ls_0424.jpeg,0,saludable,train,ls_0424,false,ls_0424.jpeg
ls_0425.jpeg,C:\Users\mance\Documents\Steffi\Lichen-Dreams\backend\ia\datasets\liquenes_saludables\ls_0425.jpeg,0,saludable,test,ls_0425,false,ls_0425.jpeg
ls_0426.jpeg,C:\Users\mance\Documents\Steffi\Lichen-Dreams\backend\ia\datasets\liquenes_saludables\ls_0426.jpeg,0,saludable,train,ls_0426,false,ls_0426.jpeg
ls_0427.jpeg,C:\Users\mance\Documents\Steffi\Lichen-Dreams\backend\ia\datasets\liquenes_saludables\ls_0427.jpeg,0,saludable,train,ls_0427,false,ls_0427.jpeg
ls_0428.jpeg,C:\Users\mance\Documents\Steffi\Lichen-Dreams\backend\ia\datasets\liquenes_saludables\ls_0428.jpeg,0,saludable,val,ls_0428,false,ls_0428.jpeg
ls_0429.jpeg,C:\Users\mance\Documents\Steffi\Lichen-Dreams\backend\ia\datasets\liquenes_saludables\ls_0429.jpeg,0,saludable,train,ls_0429,false,ls_0429.jpeg
ls_0430.jpeg,C:\Users\mance\Documents\Steffi\Lichen-Dreams\backend\ia\datasets\liquenes_saludables\ls_0430.jpeg,0,saludable,train,ls_0430,false,ls_0430.jpeg
ls_0431.jpeg,C:\Users\mance\Documents\Steffi\Lichen-Dreams\backend\ia\datasets\liquenes_saludables\ls_0431.jpeg,0,saludable,train,ls_0431,false,ls_0431.jpeg
ls_0432.jpeg,C:\Users\mance\Documents\Steffi\Lichen-Dreams\backend\ia\datasets\liquenes_saludables\ls_0432.jpeg,0,saludable,train,ls_0432,false,ls_0432.jpeg
ls_0433.jpeg,C:\Users\mance\Documents\Steffi\Lichen-Dreams\backend\ia\datasets\liquenes_saludables\ls_0433.jpeg,0,saludable,train,ls_0433,false,ls_0433.jpeg
ls_0434.jpeg,C:\Users\mance\Documents\Steffi\Lichen-Dreams\backend\ia\datasets\liquenes_saludables\ls_0434.jpeg,0,saludable,test,ls_0434,false,ls_0434.jpeg
ls_0435.jpeg,C:\Users\mance\Documents\Steffi\Lichen-Dreams\backend\ia\datasets\liquenes_saludables\ls_0435.jpeg,0,saludable,train,ls_0435,false,ls_0435.jpeg
ls_0436.jpeg,C:\Users\mance\Documents\Steffi\Lichen-Dreams\backend\ia\datasets\liquenes_saludables\ls_0436.jpeg,0,saludable,train,ls_0436,false,ls_0436.jpeg
ls_0437.jpeg,C:\Users\mance\Documents\Steffi\Lichen-Dreams\backend\ia\datasets\liquenes_saludables\ls_0437.jpeg,0,saludable,train,ls_0437,false,ls_0437.jpeg
ls_0438.jpeg,C:\Users\mance\Documents\Steffi\Lichen-Dreams\backend\ia\datasets\liquenes_saludables\ls_0438.jpeg,0,saludable,train,ls_0438,false,ls_0438.jpeg
ls_0439.jpeg,C:\Users\mance\Documents\Steffi\Lichen-Dreams\backend\ia\datasets\liquenes_saludables\ls_0439.jpeg,0,saludable,val,ls_0439,false,ls_0439.jpeg
ls_0440.jpeg,C:\Users\mance\Documents\Steffi\Lichen-Dreams\backend\ia\datasets\liquenes_saludables\ls_0440.jpeg,0,saludable,train,ls_0440,false,ls_0440.jpeg
ls_0441.jpeg,C:\Users\mance\Documents\Steffi\Lichen-Dreams\backend\ia\datasets\liquenes_saludables\ls_0441.jpeg,0,saludable,train,ls_0441,false,ls_0441.jpeg
ls_0442.jpeg,C:\Users\mance\Documents\Steffi\Lichen-Dreams\backend\ia\datasets\liquenes_saludables\ls_0442.jpeg,0,saludable,val,ls_0442,false,ls_0442.jpeg
ls_0443.jpeg,C:\Users\mance\Documents\Steffi\Lichen-Dreams\backend\ia\datasets\liquenes_saludables\ls_0443.jpeg,0,saludable,train,ls_0443,false,ls_0443.jpeg
ls_0444.jpeg,C:\Users\mance\Documents\Steffi\Lichen-Dreams\backend\ia\datasets\liquenes_saludables\ls_0444.jpeg,0,saludable,train,ls_0444,false,ls_0444.jpeg
ls_0445.jpeg,C:\Users\mance\Documents\Steffi\Lichen-Dreams\backend\ia\datasets\liquenes_saludables\ls_0445.jpeg,0,saludable,val,ls_0445,false,ls_0445.jpeg
ls_0446.jpeg,C:\Users\mance\Documents\Steffi\Lichen-Dreams\backend\ia\datasets\liquenes_saludables\ls_0446.jpeg,0,saludable,test,ls_0446,false,ls_0446.jpeg
ls_0447.jpeg,C:\Users\mance\Documents\Steffi\Lichen-Dreams\backend\ia\datasets\liquenes_saludables\ls_0447.jpeg,0,saludable,train,ls_0447,false,ls_0447.jpeg
ls_0448.jpeg,C:\Users\mance\Documents\Steffi\Lichen-Dreams\backend\ia\datasets\liquenes_saludables\ls_0448.jpeg,0,saludable,val,ls_0448,false,ls_0448.jpeg
ls_0449.jpeg,C:\Users\mance\Documents\Steffi\Lichen-Dreams\backend\ia\datasets\liquenes_saludables\ls_0449.jpeg,0,saludable,train,ls_0449,false,ls_0449.jpeg
ls_0450.jpeg,C:\Users\mance\Documents\Steffi\Lichen-Dreams\backend\ia\datasets\liquenes_saludables\ls_0450.jpeg,0,saludable,train,ls_0450,false,ls_0450.jpeg
ls_0451.jpeg,C:\Users\mance\Documents\Steffi\Lichen-Dreams\backend\ia\datasets\liquenes_saludables\ls_0451.jpeg,0,saludable,train,ls_0451,false,ls_0451.jpeg
ls_0452.jpeg,C:\Users\mance\Documents\Steffi\Lichen-Dreams\backend\ia\datasets\liquenes_saludables\ls_0452.jpeg,0,saludable,train,ls_0452,false,ls_0452.jpeg
ls_0453.jpeg,C:\Users\mance\Documents\Steffi\Lichen-Dreams\backend\ia\datasets\liquenes_saludables\ls_0453.jpeg,0,saludable,train,ls_0453,false,ls_0453.jpeg
ls_0454.jpeg,C:\Users\mance\Documents\Steffi\Lichen-Dreams\backend\ia\datasets\liquenes_saludables\ls_0454.jpeg,0,saludable,train,ls_0454,false,ls_0454.jpeg
ls_0455.jpeg,C:\Users\mance\Documents\Steffi\Lichen-Dreams\backend\ia\datasets\liquenes_saludables\ls_0455.jpeg,0,saludable,val,ls_0455,false,ls_0455.jpeg
ls_0456.jpeg,C:\Users\mance\Documents\Steffi\Lichen-Dreams\backend\ia\datasets\liquenes_saludables\ls_0456.jpeg,0,saludable,train,ls_0456,false,ls_0456.jpeg
ls_0457.jpeg,C:\Users\mance\Documents\Steffi\Lichen-Dreams\backend\ia\datasets\liquenes_saludables\ls_0457.jpeg,0,saludable,test,ls_0457,false,ls_0457.jpeg
ls_0458.jpeg,C:\Users\mance\Documents\Steffi\Lichen-Dreams\backend\ia\datasets\liquenes_saludables\ls_0458.jpeg,0,saludable,train,ls_0458,false,ls_0458.jpeg
ls_0459.jpeg,C:\Users\mance\Documents\Steffi\Lichen-Dreams\backend\ia\datasets\liquenes_saludables\ls_0459.jpeg,0,saludable,train,ls_0459,false,ls_0459.jpeg
ls_0460.jpeg,C:\Users\mance\Documents\Steffi\Lichen-Dreams\backend\ia\datasets\liquenes_saludables\ls_0460.jpeg,0,saludable,train,ls_0460,false,ls_0460.jpeg
ls_0461.jpeg,C:\Users\mance\Documents\Steffi\Lichen-Dreams\backend\ia\datasets\liquenes_saludables\ls_0461.jpeg,0,saludable,train,ls_0461,false,ls_0461.jpeg
ls_0462.jpeg,C:\Users\mance\Documents\Steffi\Lichen-Dreams\backend\ia\datasets\liquenes_saludables\ls_0462.jpeg,0,saludable,train,ls_0462,false,ls_0462.jpeg
ls_0463.jpeg,C:\Users\mance\Documents\Steffi\Lichen-Dreams\backend\ia\datasets\liquenes_saludables\ls_0463.jpeg,0,saludable,train,ls_0463,false,ls_0463.jpeg
ls_0464.jpeg,C:\Users\mance\Documents\Steffi\Lichen-Dreams\backend\ia\datasets\liquenes_saludables\ls_0464.jpeg,0,saludable,val,ls_0464,false,ls_0464.jpeg
ls_0465.jpeg,C:\Users\mance\Documents\Steffi\Lichen-Dreams\backend\ia\datasets\liquenes_saludables\ls_0465.jpeg,0,saludable,test,ls_0465,false,ls_0465.jpeg
ls_0466.jpeg,C:\Users\mance\Documents\Steffi\Lichen-Dreams\backend\ia\datasets\liquenes_saludables\ls_0466.jpeg,0,saludable,train,ls_0466,false,ls_0466.jpeg
ls_0467.jpeg,C:\Users\mance\Documents\Steffi\Lichen-Dreams\backend\ia\datasets\liquenes_saludables\ls_0467.jpeg,0,saludable,train,ls_0467,false,ls_0467.jpeg
ls_0468.jpeg,C:\Users\mance\Documents\Steffi\Lichen-Dreams\backend\ia\datasets\liquenes_saludables\ls_0468.jpeg,0,saludable,val,ls_0468,false,ls_0468.jpeg
ls_0469.jpeg,C:\Users\mance\Documents\Steffi\Lichen-Dreams\backend\ia\datasets\liquenes_saludables\ls_0469.jpeg,0,saludable,train,ls_0469,false,ls_0469.jpeg
ls_0470.jpeg,C:\Users\mance\Documents\Steffi\Lichen-Dreams\backend\ia\datasets\liquenes_saludables\ls_0470.jpeg,0,saludable,train,ls_0470,false,ls_0470.jpeg
ls_0471.jpeg,C:\Users\mance\Documents\Steffi\Lichen-Dreams\backend\ia\datasets\liquenes_saludables\ls_0471.jpeg,0,saludable,val,ls_0471,false,ls_0471.jpeg
ls_0472.jpeg,C:\Users\mance\Documents\Steffi\Lichen-Dreams\backend\ia\datasets\liquenes_saludables\ls_0472.jpeg,0,saludable,train,ls_0472,false,ls_0472.jpeg
ls_0473.jpeg,C:\Users\mance\Documents\Steffi\Lichen-Dreams\backend\ia\datasets\liquenes_saludables\ls_0473.jpeg,0,saludable,train,ls_0473,false,ls_0473.jpeg
ls_0474.jpeg,C:\Users\mance\Documents\Steffi\Lichen-Dreams\backend\ia\datasets\liquenes_saludables\ls_0474.jpeg,0,saludable,train,ls_0474,false,ls_0474.jpeg
ls_0475.jpeg,C:\Users\mance\Documents\Steffi\Lichen-Dreams\backend\ia\datasets\liquenes_saludables\ls_0475.jpeg,0,saludable,val,ls_0475,false,ls_0475.jpeg
ls_0476.jpeg,C:\Users\mance\Documents\Steffi\Lichen-Dreams\backend\ia\datasets\liquenes_saludables\ls_0476.jpeg,0,saludable,train,ls_0476,false,ls_0476.jpeg
ls_0477.jpeg,C:\Users\mance\Documents\Steffi\Lichen-Dreams\backend\ia\datasets\liquenes_saludables\ls_0477.jpeg,0,saludable,train,ls_0477,false,ls_0477.jpeg
ls_0478.jpeg,C:\Users\mance\Documents\Steffi\Lichen-Dreams\backend\ia\datasets\liquenes_saludables\ls_0478.jpeg,0,saludable,train,ls_0478,false,ls_0478.jpeg
ls_0479.jpeg,C:\Users\mance\Documents\Steffi\Lichen-Dreams\backend\ia\datasets\liquenes_saludables\ls_0479.jpeg,0,saludable,val,ls_0479,false,ls_0479.jpeg
ls_0480.jpeg,C:\Users\mance\Documents\Steffi\Lichen-Dreams\backend\ia\datasets\liquenes_saludables\ls_0480.jpeg,0,saludable,train,ls_0480,false,ls_0480.jpeg
ls_0481.jpeg,C:\Users\mance\Documents\Steffi\Lichen-Dreams\backend\ia\datasets\liquenes_saludables\ls_0481.jpeg,0,saludable,test,ls_0481,false,ls_0481.jpeg
ls_0482.jpeg,C:\Users\mance\Documents\Steffi\Lichen-Dreams\backend\ia\datasets\liquenes_saludables\ls_0482.jpeg,0,saludable,train,ls_0482,false,ls_0482.jpeg
ls_0483.jpeg,C:\Users\mance\Documents\Steffi\Lichen-Dreams\backend\ia\datasets\liquenes_saludables\ls_0483.jpeg,0,saludable,val,ls_0483,false,ls_0483.jpeg
ls_0484.jpeg,C:\Users\mance\Documents\Steffi\Lichen-Dreams\backend\ia\datasets\liquenes_saludables\ls_0484.jpeg,0,saludable,test,ls_0484,false,ls_0484.jpeg
ls_0485.jpeg,C:\Users\mance\Documents\Steffi\Lichen-Dreams\backend\ia\datasets\liquenes_saludables\ls_0485.jpeg,0,saludable,train,ls_0485,false,ls_0485.jpeg
ls_0486.jpeg,C:\Users\mance\Documents\Steffi\Lichen-Dreams\backend\ia\datasets\liquenes_saludables\ls_0486.jpeg,0,saludable,train,ls_0486,false,ls_0486.jpeg
ls_0487.jpeg,C:\Users\mance\Documents\Steffi\Lichen-Dreams\backend\ia\datasets\liquenes_saludables\ls_0487.jpeg,0,saludable,test,ls_0487,false,ls_0487.jpeg
ls_0488.jpeg,C:\Users\mance\Documents\Steffi\Lichen-Dreams\backend\ia\datasets\liquenes_saludables\ls_0488.jpeg,0,saludable,train,ls_0488,false,ls_0488.jpeg
ls_0489.jpeg,C:\Users\mance\Documents\Steffi\Lichen-Dreams\backend\ia\datasets\liquenes_saludables\ls_0489.jpeg,0,saludable,train,ls_0489,false,ls_0489.jpeg
ls_0490.jpeg,C:\Users\mance\Documents\Steffi\Lichen-Dreams\backend\ia\datasets\liquenes_saludables\ls_0490.jpeg,0,saludable,train,ls_0490,false,ls_0490.jpeg
ls_0491.jpeg,C:\Users\mance\Documents\Steffi\Lichen-Dreams\backend\ia\datasets\liquenes_saludables\ls_0491.jpeg,0,saludable,test,ls_0491,false,ls_0491.jpeg
ls_0492.jpeg,C:\Users\mance\Documents\Steffi\Lichen-Dreams\backend\ia\datasets\liquenes_saludables\ls_0492.jpeg,0,saludable,train,ls_0492,false,ls_0492.jpeg
ls_0493.jpeg,C:\Users\mance\Documents\Steffi\Lichen-Dreams\backend\ia\datasets\liquenes_saludables\ls_0493.jpeg,0,saludable,val,ls_0493,false,ls_0493.jpeg
ls_0494.jpeg,C:\Users\mance\Documents\Steffi\Lichen-Dreams\backend\ia\datasets\liquenes_saludables\ls_0494.jpeg,0,saludable,train,ls_0494,false,ls_0494.jpeg
ls_0495.jpeg,C:\Users\mance\Documents\Steffi\Lichen-Dreams\backend\ia\datasets\liquenes_saludables\ls_0495.jpeg,0,saludable,val,ls_0495,false,ls_0495.jpeg
ls_0496.jpeg,C:\Users\mance\Documents\Steffi\Lichen-Dreams\backend\ia\datasets\liquenes_saludables\ls_0496.jpeg,0,saludable,train,ls_0496,false,ls_0496.jpeg
ls_0497.jpeg,C:\Users\mance\Documents\Steffi\Lichen-Dreams\backend\ia\datasets\liquenes_saludables\ls_0497.jpeg,0,saludable,test,ls_0497,false,ls_0497.jpeg
ls_0498.jpeg,C:\Users\mance\Documents\Steffi\Lichen-Dreams\backend\ia\datasets\liquenes_saludables\ls_0498.jpeg,0,saludable,train,ls_0498,false,ls_0498.jpeg
ls_0499.jpeg,C:\Users\mance\Documents\Steffi\Lichen-Dreams\backend\ia\datasets\liquenes_saludables\ls_0499.jpeg,0,saludable,train,ls_0499,false,ls_0499.jpeg
ls_0500.jpeg,C:\Users\mance\Documents\Steffi\Lichen-Dreams\backend\ia\datasets\liquenes_saludables\ls_0500.jpeg,0,saludable,val,ls_0500,false,ls_0500.jpeg
lc_0001.jpg,C:\Users\mance\Documents\Steffi\Lichen-Dreams\backend\ia\datasets\liquenes_contaminados\lc_0001.jpg,1,contaminado,test,lc_0001,false,lc_0001.jpg
lc_0015.jpg,C:\Users\mance\Documents\Steffi\Lichen-Dreams\backend\ia\datasets\liquenes_contaminados\lc_0015.jpg,1,contaminado,val,lc_0015,false,lc_0015.jpg
lc_0016.jpg,C:\Users\mance\Documents\Steffi\Lichen-Dreams\backend\ia\datasets\liquenes_contaminados\lc_0016.jpg,1,contaminado,train,lc_0016,false,lc_0016.jpg
lc_0017.jpg,C:\Users\mance\Documents\Steffi\Lichen-Dreams\backend\ia\datasets\liquenes_contaminados\lc_0017.jpg,1,contaminado,train,lc_0017,false,lc_0017.jpg
lc_0018.jpg,C:\Users\mance\Documents\Steffi\Lichen-Dreams\backend\ia\datasets\liquenes_contaminados\lc_0018.jpg,1,contaminado,train,lc_0018,false,lc_0018.jpg
lc_0020.jpg,C:\Users\mance\Documents\Steffi\Lichen-Dreams\backend\ia\datasets\liquenes_contaminados\lc_0020.jpg,1,contaminado,train,lc_0020,false,lc_0020.jpg
lc_0025.jpg,C:\Users\mance\Documents\Steffi\Lichen-Dreams\backend\ia\datasets\liquenes_contaminados\lc_0025.jpg,1,contaminado,train,lc_0025,false,lc_0025.jpg
lc_0030.jpg,C:\Users\mance\Documents\Steffi\Lichen-Dreams\backend\ia\datasets\liquenes_contaminados\lc_0030.jpg,1,contaminado,train,lc_0030,false,lc_0030.jpg
lc_0032.jpg,C:\Users\mance\Documents\Steffi\Lichen-Dreams\backend\ia\datasets\liquenes_contaminados\lc_0032.jpg,1,contaminado,train,lc_0032,false,lc_0032.jpg
lc_0036.jpg,C:\Users\mance\Documents\Steffi\Lichen-Dreams\backend\ia\datasets\liquenes_contaminados\lc_0036.jpg,1,contaminado,train,lc_0036,false,lc_0036.jpg
lc_0039.jpg,C:\Users\mance\Documents\Steffi\Lichen-Dreams\backend\ia\datasets\liquenes_contaminados\lc_0039.jpg,1,contaminado,train,lc_0039,false,lc_0039.jpg
lc_0040.jpg,C:\Users\mance\Documents\Steffi\Lichen-Dreams\backend\ia\datasets\liquenes_contaminados\lc_0040.jpg,1,contaminado,train,lc_0040,false,lc_0040.jpg
lc_0046.jpg,C:\Users\mance\Documents\Steffi\Lichen-Dreams\backend\ia\datasets\liquenes_contaminados\lc_0046.jpg,1,contaminado,val,lc_0046,false,lc_0046.jpg
lc_0047.jpg,C:\Users\mance\Documents\Steffi\Lichen-Dreams\backend\ia\datasets\liquenes_contaminados\lc_0047.jpg,1,contaminado,train,lc_0047,false,lc_0047.jpg
lc_0048.jpg,C:\Users\mance\Documents\Steffi\Lichen-Dreams\backend\ia\datasets\liquenes_contaminados\lc_0048.jpg,1,contaminado,train,lc_0048,false,lc_0048.jpg
lc_0049.jpg,C:\Users\mance\Documents\Steffi\Lichen-Dreams\backend\ia\datasets\liquenes_contaminados\lc_0049.jpg,1,contaminado,train,lc_0049,false,lc_0049.jpg
lc_0050.jpg,C:\Users\mance\Documents\Steffi\Lichen-Dreams\backend\ia\datasets\liquenes_contaminados\lc_0050.jpg,1,contaminado,train,lc_0050,false,lc_0050.jpg
lc_0052.jpg,C:\Users\mance\Documents\Steffi\Lichen-Dreams\backend\ia\datasets\liquenes_contaminados\lc_0052.jpg,1,contaminado,train,lc_0052,false,lc_0052.jpg
lc_0055.jpg,C:\Users\mance\Documents\Steffi\Lichen-Dreams\backend\ia\datasets\liquenes_contaminados\lc_0055.jpg,1,contaminado,train,lc_0055,false,lc_0055.jpg
lc_0056.jpg,C:\Users\mance\Documents\Steffi\Lichen-Dreams\backend\ia\datasets\liquenes_contaminados\lc_0056.jpg,1,contaminado,test,lc_0056,false,lc_0056.jpg
lc_0057.jpg,C:\Users\mance\Documents\Steffi\Lichen-Dreams\backend\ia\datasets\liquenes_contaminados\lc_0057.jpg,1,contaminado,train,lc_0057,false,lc_0057.jpg
lc_0060.jpg,C:\Users\mance\Documents\Steffi\Lichen-Dreams\backend\ia\datasets\liquenes_contaminados\lc_0060.jpg,1,contaminado,train,lc_0060,false,lc_0060.jpg
lc_0064.jpg,C:\Users\mance\Documents\Steffi\Lichen-Dreams\backend\ia\datasets\liquenes_contaminados\lc_0064.jpg,1,contaminado,test,lc_0064,false,lc_0064.jpg
lc_0065.jpg,C:\Users\mance\Documents\Steffi\Lichen-Dreams\backend\ia\datasets\liquenes_contaminados\lc_0065.jpg,1,contaminado,val,lc_0065,false,lc_0065.jpg
lc_0069.jpg,C:\Users\mance\Documents\Steffi\Lichen-Dreams\backend\ia\datasets\liquenes_contaminados\lc_0069.jpg,1,contaminado,train,lc_0069,false,lc_0069.jpg
lc_0074.jpg,C:\Users\mance\Documents\Steffi\Lichen-Dreams\backend\ia\datasets\liquenes_contaminados\lc_0074.jpg,1,contaminado,train,lc_0074,false,lc_0074.jpg
lc_0075.jpg,C:\Users\mance\Documents\Steffi\Lichen-Dreams\backend\ia\datasets\liquenes_contaminados\lc_0075.jpg,1,contaminado,train,lc_0075,false,lc_0075.jpg
lc_0078.jpg,C:\Users\mance\Documents\Steffi\Lichen-Dreams\backend\ia\datasets\liquenes_contaminados\lc_0078.jpg,1,contaminado,val,lc_0078,false,lc_0078.jpg
lc_0080.jpg,C:\Users\mance\Documents\Steffi\Lichen-Dreams\backend\ia\datasets\liquenes_contaminados\lc_0080.jpg,1,contaminado,train,lc_0080,false,lc_0080.jpg
lc_0081.jpg,C:\Users\mance\Documents\Steffi\Lichen-Dreams\backend\ia\datasets\liquenes_contaminados\lc_0081.jpg,1,contaminado,train,lc_0081,false,lc_0081.jpg
lc_0082.jpg,C:\Users\mance\Documents\Steffi\Lichen-Dreams\backend\ia\datasets\liquenes_contaminados\lc_0082.jpg,1,contaminado,train,lc_0082,false,lc_0082.jpg
lc_0083.jpg,C:\Users\mance\Documents\Steffi\Lichen-Dreams\backend\ia\datasets\liquenes_contaminados\lc_0083.jpg,1,contaminado,train,lc_0083,false,lc_0083.jpg
lc_0085.jpg,C:\Users\mance\Documents\Steffi\Lichen-Dreams\backend\ia\datasets\liquenes_contaminados\lc_0085.jpg,1,contaminado,train,lc_0085,false,lc_0085.jpg
lc_0087.jpg,C:\Users\mance\Documents\Steffi\Lichen-Dreams\backend\ia\datasets\liquenes_contaminados\lc_0087.jpg,1,contaminado,train,lc_0087,false,lc_0087.jpg
lc_0088.jpg,C:\Users\mance\Documents\Steffi\Lichen-Dreams\backend\ia\datasets\liquenes_contaminados\lc_0088.jpg,1,contaminado,train,lc_0088,false,lc_0088.jpg
lc_0092.jpg,C:\Users\mance\Documents\Steffi\Lichen-Dreams\backend\ia\datasets\liquenes_contaminados\lc_0092.jpg,1,contaminado,test,lc_0092,false,lc_0092.jpg
lc_0097.jpg,C:\Users\mance\Documents\Steffi\Lichen-Dreams\backend\ia\datasets\liquenes_contaminados\lc_0097.jpg,1,contaminado,train,lc_0097,false,lc_0097.jpg
lc_0105.jpg,C:\Users\mance\Documents\Steffi\Lichen-Dreams\backend\ia\datasets\liquenes_contaminados\lc_0105.jpg,1,contaminado,val,lc_0105,false,lc_0105.jpg
lc_0106.jpg,C:\Users\mance\Documents\Steffi\Lichen-Dreams\backend\ia\datasets\liquenes_contaminados\lc_0106.jpg,1,contaminado,train,lc_0106,false,lc_0106.jpg
lc_0107.jpg,C:\Users\mance\Documents\Steffi\Lichen-Dreams\backend\ia\datasets\liquenes_contaminados\lc_0107.jpg,1,contaminado,train,lc_0107,false,lc_0107.jpg
lc_0108.jpg,C:\Users\mance\Documents\Steffi\Lichen-Dreams\backend\ia\datasets\liquenes_contaminados\lc_0108.jpg,1,contaminado,train,lc_0108,false,lc_0108.jpg
lc_0109.jpg,C:\Users\mance\Documents\Steffi\Lichen-Dreams\backend\ia\datasets\liquenes_contaminados\lc_0109.jpg,1,contaminado,train,lc_0109,false,lc_0109.jpg
lc_0110.jpg,C:\Users\mance\Documents\Steffi\Lichen-Dreams\backend\ia\datasets\liquenes_contaminados\lc_0110.jpg,1,contaminado,train,lc_0110,false,lc_0110.jpg
lc_0111.jpg,C:\Users\mance\Documents\Steffi\Lichen-Dreams\backend\ia\datasets\liquenes_contaminados\lc_0111.jpg,1,contaminado,val,lc_0111,false,lc_0111.jpg
lc_0112.jpg,C:\Users\mance\Documents\Steffi\Lichen-Dreams\backend\ia\datasets\liquenes_contaminados\lc_0112.jpg,1,contaminado,train,lc_0112,false,lc_0112.jpg
lc_0113.jpg,C:\Users\mance\Documents\Steffi\Lichen-Dreams\backend\ia\datasets\liquenes_contaminados\lc_0113.jpg,1,contaminado,val,lc_0113,false,lc_0113.jpg
lc_0115.jpg,C:\Users\mance\Documents\Steffi\Lichen-Dreams\backend\ia\datasets\liquenes_contaminados\lc_0115.jpg,1,contaminado,train,lc_0115,false,lc_0115.jpg
lc_0116.jpg,C:\Users\mance\Documents\Steffi\Lichen-Dreams\backend\ia\datasets\liquenes_contaminados\lc_0116.jpg,1,contaminado,val,lc_0116,false,lc_0116.jpg
lc_0117.jpg,C:\Users\mance\Documents\Steffi\Lichen-Dreams\backend\ia\datasets\liquenes_contaminados\lc_0117.jpg,1,contaminado,train,lc_0117,false,lc_0117.jpg
lc_0118.jpg,C:\Users\mance\Documents\Steffi\Lichen-Dreams\backend\ia\datasets\liquenes_contaminados\lc_0118.jpg,1,contaminado,val,lc_0118,false,lc_0118.jpg
lc_0119.jpg,C:\Users\mance\Documents\Steffi\Lichen-Dreams\backend\ia\datasets\liquenes_contaminados\lc_0119.jpg,1,contaminado,train,lc_0119,false,lc_0119.jpg
lc_0121.jpg,C:\Users\mance\Documents\Steffi\Lichen-Dreams\backend\ia\datasets\liquenes_contaminados\lc_0121.jpg,1,contaminado,train,lc_0121,false,lc_0121.jpg
lc_0122.jpg,C:\Users\mance\Documents\Steffi\Lichen-Dreams\backend\ia\datasets\liquenes_contaminados\lc_0122.jpg,1,contaminado,train,lc_0122,false,lc_0122.jpg
lc_0123.jpg,C:\Users\mance\Documents\Steffi\Lichen-Dreams\backend\ia\datasets\liquenes_contaminados\lc_0123.jpg,1,contaminado,train,lc_0123,false,lc_0123.jpg
lc_0124.jpg,C:\Users\mance\Documents\Steffi\Lichen-Dreams\backend\ia\datasets\liquenes_contaminados\lc_0124.jpg,1,contaminado,train,lc_0124,false,lc_0124.jpg
lc_0125.jpg,C:\Users\mance\Documents\Steffi\Lichen-Dreams\backend\ia\datasets\liquenes_contaminados\lc_0125.jpg,1,contaminado,test,lc_0125,false,lc_0125.jpg
lc_0126.jpg,C:\Users\mance\Documents\Steffi\Lichen-Dreams\backend\ia\datasets\liquenes_contaminados\lc_0126.jpg,1,contaminado,val,lc_0126,false,lc_0126.jpg
lc_0127.jpg,C:\Users\mance\Documents\Steffi\Lichen-Dreams\backend\ia\datasets\liquenes_contaminados\lc_0127.jpg,1,contaminado,train,lc_0127,false,lc_0127.jpg
lc_0128.jpg,C:\Users\mance\Documents\Steffi\Lichen-Dreams\backend\ia\datasets\liquenes_contaminados\lc_0128.jpg,1,contaminado,train,lc_0128,false,lc_0128.jpg
lc_0129.jpg,C:\Users\mance\Documents\Steffi\Lichen-Dreams\backend\ia\datasets\liquenes_contaminados\lc_0129.jpg,1,contaminado,test,lc_0129,false,lc_0129.jpg
lc_0130.jpg,C:\Users\mance\Documents\Steffi\Lichen-Dreams\backend\ia\datasets\liquenes_contaminados\lc_0130.jpg,1,contaminado,train,lc_0130,false,lc_0130.jpg
lc_0131.jpg,C:\Users\mance\Documents\Steffi\Lichen-Dreams\backend\ia\datasets\liquenes_contaminados\lc_0131.jpg,1,contaminado,train,lc_0131,false,lc_0131.jpg
lc_0132.jpg,C:\Users\mance\Documents\Steffi\Lichen-Dreams\backend\ia\datasets\liquenes_contaminados\lc_0132.jpg,1,contaminado,val,lc_0132,false,lc_0132.jpg
lc_0133.jpg,C:\Users\mance\Documents\Steffi\Lichen-Dreams\backend\ia\datasets\liquenes_contaminados\lc_0133.jpg,1,contaminado,test,lc_0133,false,lc_0133.jpg
lc_0134.jpg,C:\Users\mance\Documents\Steffi\Lichen-Dreams\backend\ia\datasets\liquenes_contaminados\lc_0134.jpg,1,contaminado,train,lc_0134,false,lc_0134.jpg
lc_0135.jpg,C:\Users\mance\Documents\Steffi\Lichen-Dreams\backend\ia\datasets\liquenes_contaminados\lc_0135.jpg,1,contaminado,test,lc_0135,false,lc_0135.jpg
lc_0136.jpg,C:\Users\mance\Documents\Steffi\Lichen-Dreams\backend\ia\datasets\liquenes_contaminados\lc_0136.jpg,1,contaminado,train,lc_0136,false,lc_0136.jpg
lc_0137.jpg,C:\Users\mance\Documents\Steffi\Lichen-Dreams\backend\ia\datasets\liquenes_contaminados\lc_0137.jpg,1,contaminado,train,lc_0137,false,lc_0137.jpg
lc_0138.jpg,C:\Users\mance\Documents\Steffi\Lichen-Dreams\backend\ia\datasets\liquenes_contaminados\lc_0138.jpg,1,contaminado,train,lc_0138,false,lc_0138.jpg
lc_0139.jpg,C:\Users\mance\Documents\Steffi\Lichen-Dreams\backend\ia\datasets\liquenes_contaminados\lc_0139.jpg,1,contaminado,train,lc_0139,false,lc_0139.jpg
lc_0140.jpg,C:\Users\mance\Documents\Steffi\Lichen-Dreams\backend\ia\datasets\liquenes_contaminados\lc_0140.jpg,1,contaminado,train,lc_0140,false,lc_0140.jpg
lc_0141.jpg,C:\Users\mance\Documents\Steffi\Lichen-Dreams\backend\ia\datasets\liquenes_contaminados\lc_0141.jpg,1,contaminado,train,lc_0141,false,lc_0141.jpg
lc_0142.jpg,C:\Users\mance\Documents\Steffi\Lichen-Dreams\backend\ia\datasets\liquenes_contaminados\lc_0142.jpg,1,contaminado,train,lc_0142,false,lc_0142.jpg
lc_0143.jpg,C:\Users\mance\Documents\Steffi\Lichen-Dreams\backend\ia\datasets\liquenes_contaminados\lc_0143.jpg,1,contaminado,train,lc_0143,false,lc_0143.jpg
lc_0144.jpg,C:\Users\mance\Documents\Steffi\Lichen-Dreams\backend\ia\datasets\liquenes_contaminados\lc_0144.jpg,1,contaminado,train,lc_0144,false,lc_0144.jpg
lc_0146.jpg,C:\Users\mance\Documents\Steffi\Lichen-Dreams\backend\ia\datasets\liquenes_contaminados\lc_0146.jpg,1,contaminado,val,lc_0146,false,lc_0146.jpg
lc_0147.jpg,C:\Users\mance\Documents\Steffi\Lichen-Dreams\backend\ia\datasets\liquenes_contaminados\lc_0147.jpg,1,contaminado,train,lc_0147,false,lc_0147.jpg
lc_0148.jpg,C:\Users\mance\Documents\Steffi\Lichen-Dreams\backend\ia\datasets\liquenes_contaminados\lc_0148.jpg,1,contaminado,train,lc_0148,false,lc_0148.jpg
lc_0149.jpg,C:\Users\mance\Documents\Steffi\Lichen-Dreams\backend\ia\datasets\liquenes_contaminados\lc_0149.jpg,1,contaminado,train,lc_0149,false,lc_0149.jpg
lc_0150.jpg,C:\Users\mance\Documents\Steffi\Lichen-Dreams\backend\ia\datasets\liquenes_contaminados\lc_0150.jpg,1,contaminado,train,lc_0150,false,lc_0150.jpg
lc_0151.jpg,C:\Users\mance\Documents\Steffi\Lichen-Dreams\backend\ia\datasets\liquenes_contaminados\lc_0151.jpg,1,contaminado,train,lc_0151,false,lc_0151.jpg
lc_0152.jpg,C:\Users\mance\Documents\Steffi\Lichen-Dreams\backend\ia\datasets\liquenes_contaminados\lc_0152.jpg,1,contaminado,train,lc_0152,false,lc_0152.jpg
lc_0153.jpg,C:\Users\mance\Documents\Steffi\Lichen-Dreams\backend\ia\datasets\liquenes_contaminados\lc_0153.jpg,1,contaminado,train,lc_0153,false,lc_0153.jpg
lc_0154.jpg,C:\Users\mance\Documents\Steffi\Lichen-Dreams\backend\ia\datasets\liquenes_contaminados\lc_0154.jpg,1,contaminado,train,lc_0154,false,lc_0154.jpg
lc_0155.jpg,C:\Users\mance\Documents\Steffi\Lichen-Dreams\backend\ia\datasets\liquenes_contaminados\lc_0155.jpg,1,contaminado,train,lc_0155,false,lc_0155.jpg
lc_0156.jpg,C:\Users\mance\Documents\Steffi\Lichen-Dreams\backend\ia\datasets\liquenes_contaminados\lc_0156.jpg,1,contaminado,train,lc_0156,false,lc_0156.jpg
lc_0157.jpg,C:\Users\mance\Documents\Steffi\Lichen-Dreams\backend\ia\datasets\liquenes_contaminados\lc_0157.jpg,1,contaminado,val,lc_0157,false,lc_0157.jpg
lc_0158.jpg,C:\Users\mance\Documents\Steffi\Lichen-Dreams\backend\ia\datasets\liquenes_contaminados\lc_0158.jpg,1,contaminado,train,lc_0158,false,lc_0158.jpg
lc_0159.jpg,C:\Users\mance\Documents\Steffi\Lichen-Dreams\backend\ia\datasets\liquenes_contaminados\lc_0159.jpg,1,contaminado,train,lc_0159,false,lc_0159.jpg
lc_0160.jpg,C:\Users\mance\Documents\Steffi\Lichen-Dreams\backend\ia\datasets\liquenes_contaminados\lc_0160.jpg,1,contaminado,test,lc_0160,false,lc_0160.jpg
lc_0161.jpg,C:\Users\mance\Documents\Steffi\Lichen-Dreams\backend\ia\datasets\liquenes_contaminados\lc_0161.jpg,1,contaminado,train,lc_0161,false,lc_0161.jpg
lc_0162.jpg,C:\Users\mance\Documents\Steffi\Lichen-Dreams\backend\ia\datasets\liquenes_contaminados\lc_0162.jpg,1,contaminado,train,lc_0162,false,lc_0162.jpg
lc_0163.jpg,C:\Users\mance\Documents\Steffi\Lichen-Dreams\backend\ia\datasets\liquenes_contaminados\lc_0163.jpg,1,contaminado,train,lc_0163,false,lc_0163.jpg
lc_0164.jpg,C:\Users\mance\Documents\Steffi\Lichen-Dreams\backend\ia\datasets\liquenes_contaminados\lc_0164.jpg,1,contaminado,train,lc_0164,false,lc_0164.jpg
lc_0165.jpg,C:\Users\mance\Documents\Steffi\Lichen-Dreams\backend\ia\datasets\liquenes_contaminados\lc_0165.jpg,1,contaminado,train,lc_0165,false,lc_0165.jpg
lc_0166.jpg,C:\Users\mance\Documents\Steffi\Lichen-Dreams\backend\ia\datasets\liquenes_contaminados\lc_0166.jpg,1,contaminado,train,lc_0166,false,lc_0166.jpg
lc_0167.jpg,C:\Users\mance\Documents\Steffi\Lichen-Dreams\backend\ia\datasets\liquenes_contaminados\lc_0167.jpg,1,contaminado,train,lc_0167,false,lc_0167.jpg
lc_0168.jpg,C:\Users\mance\Documents\Steffi\Lichen-Dreams\backend\ia\datasets\liquenes_contaminados\lc_0168.jpg,1,contaminado,test,lc_0168,false,lc_0168.jpg
lc_0169.jpg,C:\Users\mance\Documents\Steffi\Lichen-Dreams\backend\ia\datasets\liquenes_contaminados\lc_0169.jpg,1,contaminado,test,lc_0169,false,lc_0169.jpg
lc_0170.jpg,C:\Users\mance\Documents\Steffi\Lichen-Dreams\backend\ia\datasets\liquenes_contaminados\lc_0170.jpg,1,contaminado,train,lc_0170,false,lc_0170.jpg
lc_0171.jpg,C:\Users\mance\Documents\Steffi\Lichen-Dreams\backend\ia\datasets\liquenes_contaminados\lc_0171.jpg,1,contaminado,test,lc_0171,false,lc_0171.jpg
lc_0172.jpg,C:\Users\mance\Documents\Steffi\Lichen-Dreams\backend\ia\datasets\liquenes_contaminados\lc_0172.jpg,1,contaminado,val,lc_0172,false,lc_0172.jpg
lc_0173.jpg,C:\Users\mance\Documents\Steffi\Lichen-Dreams\backend\ia\datasets\liquenes_contaminados\lc_0173.jpg,1,contaminado,val,lc_0173,false,lc_0173.jpg
lc_0174.jpg,C:\Users\mance\Documents\Steffi\Lichen-Dreams\backend\ia\datasets\liquenes_contaminados\lc_0174.jpg,1,contaminado,train,lc_0174,false,lc_0174.jpg
lc_0175.jpg,C:\Users\mance\Documents\Steffi\Lichen-Dreams\backend\ia\datasets\liquenes_contaminados\lc_0175.jpg,1,contaminado,train,lc_0175,false,lc_0175.jpg
lc_0176.jpg,C:\Users\mance\Documents\Steffi\Lichen-Dreams\backend\ia\datasets\liquenes_contaminados\lc_0176.jpg,1,contaminado,train,lc_0176,false,lc_0176.jpg
lc_0177.jpg,C:\Users\mance\Documents\Steffi\Lichen-Dreams\backend\ia\datasets\liquenes_contaminados\lc_0177.jpg,1,contaminado,val,lc_0177,false,lc_0177.jpg
lc_0178.jpg,C:\Users\mance\Documents\Steffi\Lichen-Dreams\backend\ia\datasets\liquenes_contaminados\lc_0178.jpg,1,contaminado,test,lc_0178,false,lc_0178.jpg
lc_0179.jpg,C:\Users\mance\Documents\Steffi\Lichen-Dreams\backend\ia\datasets\liquenes_contaminados\lc_0179.jpg,1,contaminado,val,lc_0179,false,lc_0179.jpg
lc_0180.jpg,C:\Users\mance\Documents\Steffi\Lichen-Dreams\backend\ia\datasets\liquenes_contaminados\lc_0180.jpg,1,contaminado,val,lc_0180,false,lc_0180.jpg
lc_0181.jpg,C:\Users\mance\Documents\Steffi\Lichen-Dreams\backend\ia\datasets\liquenes_contaminados\lc_0181.jpg,1,contaminado,train,lc_0181,false,lc_0181.jpg
lc_0182.jpg,C:\Users\mance\Documents\Steffi\Lichen-Dreams\backend\ia\datasets\liquenes_contaminados\lc_0182.jpg,1,contaminado,train,lc_0182,false,lc_0182.jpg
lc_0183.jpg,C:\Users\mance\Documents\Steffi\Lichen-Dreams\backend\ia\datasets\liquenes_contaminados\lc_0183.jpg,1,contaminado,train,lc_0183,false,lc_0183.jpg
lc_0184.jpg,C:\Users\mance\Documents\Steffi\Lichen-Dreams\backend\ia\datasets\liquenes_contaminados\lc_0184.jpg,1,contaminado,train,lc_0184,false,lc_0184.jpg
lc_0185.jpg,C:\Users\mance\Documents\Steffi\Lichen-Dreams\backend\ia\datasets\liquenes_contaminados\lc_0185.jpg,1,contaminado,train,lc_0185,false,lc_0185.jpg
lc_0186.jpg,C:\Users\mance\Documents\Steffi\Lichen-Dreams\backend\ia\datasets\liquenes_contaminados\lc_0186.jpg,1,contaminado,val,lc_0186,false,lc_0186.jpg
lc_0187.jpg,C:\Users\mance\Documents\Steffi\Lichen-Dreams\backend\ia\datasets\liquenes_contaminados\lc_0187.jpg,1,contaminado,train,lc_0187,false,lc_0187.jpg
lc_0188.jpg,C:\Users\mance\Documents\Steffi\Lichen-Dreams\backend\ia\datasets\liquenes_contaminados\lc_0188.jpg,1,contaminado,train,lc_0188,false,lc_0188.jpg
lc_0189.jpg,C:\Users\mance\Documents\Steffi\Lichen-Dreams\backend\ia\datasets\liquenes_contaminados\lc_0189.jpg,1,contaminado,train,lc_0189,false,lc_0189.jpg
lc_0190.jpg,C:\Users\mance\Documents\Steffi\Lichen-Dreams\backend\ia\datasets\liquenes_contaminados\lc_0190.jpg,1,contaminado,train,lc_0190,false,lc_0190.jpg
lc_0191.jpg,C:\Users\mance\Documents\Steffi\Lichen-Dreams\backend\ia\datasets\liquenes_contaminados\lc_0191.jpg,1,contaminado,val,lc_0191,false,lc_0191.jpg
lc_0192.jpg,C:\Users\mance\Documents\Steffi\Lichen-Dreams\backend\ia\datasets\liquenes_contaminados\lc_0192.jpg,1,contaminado,train,lc_0192,false,lc_0192.jpg
lc_0193.jpg,C:\Users\mance\Documents\Steffi\Lichen-Dreams\backend\ia\datasets\liquenes_contaminados\lc_0193.jpg,1,contaminado,train,lc_0193,false,lc_0193.jpg
lc_0194.jpg,C:\Users\mance\Documents\Steffi\Lichen-Dreams\backend\ia\datasets\liquenes_contaminados\lc_0194.jpg,1,contaminado,train,lc_0194,false,lc_0194.jpg
lc_0195.jpg,C:\Users\mance\Documents\Steffi\Lichen-Dreams\backend\ia\datasets\liquenes_contaminados\lc_0195.jpg,1,contaminado,train,lc_0195,false,lc_0195.jpg
lc_0196.jpg,C:\Users\mance\Documents\Steffi\Lichen-Dreams\backend\ia\datasets\liquenes_contaminados\lc_0196.jpg,1,contaminado,val,lc_0196,false,lc_0196.jpg
lc_0197.jpg,C:\Users\mance\Documents\Steffi\Lichen-Dreams\backend\ia\datasets\liquenes_contaminados\lc_0197.jpg,1,contaminado,val,lc_0197,false,lc_0197.jpg
lc_0198.jpg,C:\Users\mance\Documents\Steffi\Lichen-Dreams\backend\ia\datasets\liquenes_contaminados\lc_0198.jpg,1,contaminado,train,lc_0198,false,lc_0198.jpg
lc_0199.jpg,C:\Users\mance\Documents\Steffi\Lichen-Dreams\backend\ia\datasets\liquenes_contaminados\lc_0199.jpg,1,contaminado,train,lc_0199,false,lc_0199.jpg
lc_0200.jpg,C:\Users\mance\Documents\Steffi\Lichen-Dreams\backend\ia\datasets\liquenes_contaminados\lc_0200.jpg,1,contaminado,train,lc_0200,false,lc_0200.jpg
lc_0201.jpg,C:\Users\mance\Documents\Steffi\Lichen-Dreams\backend\ia\datasets\liquenes_contaminados\lc_0201.jpg,1,contaminado,test,lc_0201,false,lc_0201.jpg
lc_0202.jpg,C:\Users\mance\Documents\Steffi\Lichen-Dreams\backend\ia\datasets\liquenes_contaminados\lc_0202.jpg,1,contaminado,train,lc_0202,false,lc_0202.jpg
lc_0203.jpg,C:\Users\mance\Documents\Steffi\Lichen-Dreams\backend\ia\datasets\liquenes_contaminados\lc_0203.jpg,1,contaminado,train,lc_0203,false,lc_0203.jpg
lc_0204.jpg,C:\Users\mance\Documents\Steffi\Lichen-Dreams\backend\ia\datasets\liquenes_contaminados\lc_0204.jpg,1,contaminado,train,lc_0204,false,lc_0204.jpg
lc_0205.jpg,C:\Users\mance\Documents\Steffi\Lichen-Dreams\backend\ia\datasets\liquenes_contaminados\lc_0205.jpg,1,contaminado,train,lc_0205,false,lc_0205.jpg
lc_0206.jpg,C:\Users\mance\Documents\Steffi\Lichen-Dreams\backend\ia\datasets\liquenes_contaminados\lc_0206.jpg,1,contaminado,train,lc_0206,false,lc_0206.jpg
lc_0207.jpg,C:\Users\mance\Documents\Steffi\Lichen-Dreams\backend\ia\datasets\liquenes_contaminados\lc_0207.jpg,1,contaminado,train,lc_0207,false,lc_0207.jpg
lc_0208.jpg,C:\Users\mance\Documents\Steffi\Lichen-Dreams\backend\ia\datasets\liquenes_contaminados\lc_0208.jpg,1,contaminado,train,lc_0208,false,lc_0208.jpg
lc_0209.jpg,C:\Users\mance\Documents\Steffi\Lichen-Dreams\backend\ia\datasets\liquenes_contaminados\lc_0209.jpg,1,contaminado,train,lc_0209,false,lc_0209.jpg
lc_0210.jpg,C:\Users\mance\Documents\Steffi\Lichen-Dreams\backend\ia\datasets\liquenes_contaminados\lc_0210.jpg,1,contaminado,train,lc_0210,false,lc_0210.jpg
lc_0211.jpg,C:\Users\mance\Documents\Steffi\Lichen-Dreams\backend\ia\datasets\liquenes_contaminados\lc_0211.jpg,1,contaminado,train,lc_0211,false,lc_0211.jpg
lc_0212.jpg,C:\Users\mance\Documents\Steffi\Lichen-Dreams\backend\ia\datasets\liquenes_contaminados\lc_0212.jpg,1,contaminado,train,lc_0212,false,lc_0212.jpg
lc_0213.jpg,C:\Users\mance\Documents\Steffi\Lichen-Dreams\backend\ia\datasets\liquenes_contaminados\lc_0213.jpg,1,contaminado,train,lc_0213,false,lc_0213.jpg
lc_0214.jpg,C:\Users\mance\Documents\Steffi\Lichen-Dreams\backend\ia\datasets\liquenes_contaminados\lc_0214.jpg,1,contaminado,train,lc_0214,false,lc_0214.jpg
lc_0215.jpg,C:\Users\mance\Documents\Steffi\Lichen-Dreams\backend\ia\datasets\liquenes_contaminados\lc_0215.jpg,1,contaminado,train,lc_0215,false,lc_0215.jpg
lc_0216.jpg,C:\Users\mance\Documents\Steffi\Lichen-Dreams\backend\ia\datasets\liquenes_contaminados\lc_0216.jpg,1,contaminado,val,lc_0216,false,lc_0216.jpg
lc_0217.jpg,C:\Users\mance\Documents\Steffi\Lichen-Dreams\backend\ia\datasets\liquenes_contaminados\lc_0217.jpg,1,contaminado,test,lc_0217,false,lc_0217.jpg
lc_0218.jpg,C:\Users\mance\Documents\Steffi\Lichen-Dreams\backend\ia\datasets\liquenes_contaminados\lc_0218.jpg,1,contaminado,val,lc_0218,false,lc_0218.jpg
lc_0219.jpg,C:\Users\mance\Documents\Steffi\Lichen-Dreams\backend\ia\datasets\liquenes_contaminados\lc_0219.jpg,1,contaminado,train,lc_0219,false,lc_0219.jpg
lc_0220.jpg,C:\Users\mance\Documents\Steffi\Lichen-Dreams\backend\ia\datasets\liquenes_contaminados\lc_0220.jpg,1,contaminado,train,lc_0220,false,lc_0220.jpg
lc_0221.jpg,C:\Users\mance\Documents\Steffi\Lichen-Dreams\backend\ia\datasets\liquenes_contaminados\lc_0221.jpg,1,contaminado,train,lc_0221,false,lc_0221.jpg
lc_0222.jpg,C:\Users\mance\Documents\Steffi\Lichen-Dreams\backend\ia\datasets\liquenes_contaminados\lc_0222.jpg,1,contaminado,test,lc_0222,false,lc_0222.jpg
lc_0223.jpg,C:\Users\mance\Documents\Steffi\Lichen-Dreams\backend\ia\datasets\liquenes_contaminados\lc_0223.jpg,1,contaminado,train,lc_0223,false,lc_0223.jpg
lc_0224.jpg,C:\Users\mance\Documents\Steffi\Lichen-Dreams\backend\ia\datasets\liquenes_contaminados\lc_0224.jpg,1,contaminado,test,lc_0224,false,lc_0224.jpg
lc_0225.jpg,C:\Users\mance\Documents\Steffi\Lichen-Dreams\backend\ia\datasets\liquenes_contaminados\lc_0225.jpg,1,contaminado,test,lc_0225,false,lc_0225.jpg
lc_0226.jpg,C:\Users\mance\Documents\Steffi\Lichen-Dreams\backend\ia\datasets\liquenes_contaminados\lc_0226.jpg,1,contaminado,test,lc_0226,false,lc_0226.jpg
lc_0227.jpg,C:\Users\mance\Documents\Steffi\Lichen-Dreams\backend\ia\datasets\liquenes_contaminados\lc_0227.jpg,1,contaminado,train,lc_0227,false,lc_0227.jpg
lc_0228.jpg,C:\Users\mance\Documents\Steffi\Lichen-Dreams\backend\ia\datasets\liquenes_contaminados\lc_0228.jpg,1,contaminado,train,lc_0228,false,lc_0228.jpg
lc_0229.jpg,C:\Users\mance\Documents\Steffi\Lichen-Dreams\backend\ia\datasets\liquenes_contaminados\lc_0229.jpg,1,contaminado,test,lc_0229,false,lc_0229.jpg
lc_0230.jpg,C:\Users\mance\Documents\Steffi\Lichen-Dreams\backend\ia\datasets\liquenes_contaminados\lc_0230.jpg,1,contaminado,train,lc_0230,false,lc_0230.jpg
lc_0231.jpg,C:\Users\mance\Documents\Steffi\Lichen-Dreams\backend\ia\datasets\liquenes_contaminados\lc_0231.jpg,1,contaminado,test,lc_0231,false,lc_0231.jpg
lc_0232.jpg,C:\Users\mance\Documents\Steffi\Lichen-Dreams\backend\ia\datasets\liquenes_contaminados\lc_0232.jpg,1,contaminado,val,lc_0232,false,lc_0232.jpg
lc_0233.jpg,C:\Users\mance\Documents\Steffi\Lichen-Dreams\backend\ia\datasets\liquenes_contaminados\lc_0233.jpg,1,contaminado,train,lc_0233,false,lc_0233.jpg
lc_0234.jpg,C:\Users\mance\Documents\Steffi\Lichen-Dreams\backend\ia\datasets\liquenes_contaminados\lc_0234.jpg,1,contaminado,train,lc_0234,false,lc_0234.jpg
lc_0235.jpg,C:\Users\mance\Documents\Steffi\Lichen-Dreams\backend\ia\datasets\liquenes_contaminados\lc_0235.jpg,1,contaminado,test,lc_0235,false,lc_0235.jpg
lc_0236.jpg,C:\Users\mance\Documents\Steffi\Lichen-Dreams\backend\ia\datasets\liquenes_contaminados\lc_0236.jpg,1,contaminado,train,lc_0236,false,lc_0236.jpg
lc_0237.jpg,C:\Users\mance\Documents\Steffi\Lichen-Dreams\backend\ia\datasets\liquenes_contaminados\lc_0237.jpg,1,contaminado,train,lc_0237,false,lc_0237.jpg
lc_0238.jpg,C:\Users\mance\Documents\Steffi\Lichen-Dreams\backend\ia\datasets\liquenes_contaminados\lc_0238.jpg,1,contaminado,test,lc_0238,false,lc_0238.jpg
lc_0239.jpg,C:\Users\mance\Documents\Steffi\Lichen-Dreams\backend\ia\datasets\liquenes_contaminados\lc_0239.jpg,1,contaminado,train,lc_0239,false,lc_0239.jpg
lc_0240.jpg,C:\Users\mance\Documents\Steffi\Lichen-Dreams\backend\ia\datasets\liquenes_contaminados\lc_0240.jpg,1,contaminado,test,lc_0240,false,lc_0240.jpg
lc_0241.jpg,C:\Users\mance\Documents\Steffi\Lichen-Dreams\backend\ia\datasets\liquenes_contaminados\lc_0241.jpg,1,contaminado,train,lc_0241,false,lc_0241.jpg
lc_0242.jpg,C:\Users\mance\Documents\Steffi\Lichen-Dreams\backend\ia\datasets\liquenes_contaminados\lc_0242.jpg,1,contaminado,val,lc_0242,false,lc_0242.jpg
lc_0243.jpg,C:\Users\mance\Documents\Steffi\Lichen-Dreams\backend\ia\datasets\liquenes_contaminados\lc_0243.jpg,1,contaminado,train,lc_0243,false,lc_0243.jpg
lc_0244.jpg,C:\Users\mance\Documents\Steffi\Lichen-Dreams\backend\ia\datasets\liquenes_contaminados\lc_0244.jpg,1,contaminado,train,lc_0244,false,lc_0244.jpg
lc_0245.jpg,C:\Users\mance\Documents\Steffi\Lichen-Dreams\backend\ia\datasets\liquenes_contaminados\lc_0245.jpg,1,contaminado,train,lc_0245,false,lc_0245.jpg
lc_0246.jpg,C:\Users\mance\Documents\Steffi\Lichen-Dreams\backend\ia\datasets\liquenes_contaminados\lc_0246.jpg,1,contaminado,train,lc_0246,false,lc_0246.jpg
lc_0247.jpg,C:\Users\mance\Documents\Steffi\Lichen-Dreams\backend\ia\datasets\liquenes_contaminados\lc_0247.jpg,1,contaminado,test,lc_0247,false,lc_0247.jpg
lc_0248.jpg,C:\Users\mance\Documents\Steffi\Lichen-Dreams\backend\ia\datasets\liquenes_contaminados\lc_0248.jpg,1,contaminado,train,lc_0248,false,lc_0248.jpg
lc_0249.jpg,C:\Users\mance\Documents\Steffi\Lichen-Dreams\backend\ia\datasets\liquenes_contaminados\lc_0249.jpg,1,contaminado,val,lc_0249,false,lc_0249.jpg
lc_0250.jpg,C:\Users\mance\Documents\Steffi\Lichen-Dreams\backend\ia\datasets\liquenes_contaminados\lc_0250.jpg,1,contaminado,train,lc_0250,false,lc_0250.jpg
lc_0251.jpg,C:\Users\mance\Documents\Steffi\Lichen-Dreams\backend\ia\datasets\liquenes_contaminados\lc_0251.jpg,1,contaminado,train,lc_0251,false,lc_0251.jpg
lc_0252.jpg,C:\Users\mance\Documents\Steffi\Lichen-Dreams\backend\ia\datasets\liquenes_contaminados\lc_0252.jpg,1,contaminado,train,lc_0252,false,lc_0252.jpg
lc_0253.jpg,C:\Users\mance\Documents\Steffi\Lichen-Dreams\backend\ia\datasets\liquenes_contaminados\lc_0253.jpg,1,contaminado,train,lc_0253,false,lc_0253.jpg
lc_0254.jpg,C:\Users\mance\Documents\Steffi\Lichen-Dreams\backend\ia\datasets\liquenes_contaminados\lc_0254.jpg,1,contaminado,val,lc_0254,false,lc_0254.jpg
lc_0255.jpg,C:\Users\mance\Documents\Steffi\Lichen-Dreams\backend\ia\datasets\liquenes_contaminados\lc_0255.jpg,1,contaminado,train,lc_0255,false,lc_0255.jpg
lc_0256.jpg,C:\Users\mance\Documents\Steffi\Lichen-Dreams\backend\ia\datasets\liquenes_contaminados\lc_0256.jpg,1,contaminado,train,lc_0256,false,lc_0256.jpg
lc_0257.jpg,C:\Users\mance\Documents\Steffi\Lichen-Dreams\backend\ia\datasets\liquenes_contaminados\lc_0257.jpg,1,contaminado,test,lc_0257,false,lc_0257.jpg
lc_0258.jpg,C:\Users\mance\Documents\Steffi\Lichen-Dreams\backend\ia\datasets\liquenes_contaminados\lc_0258.jpg,1,contaminado,train,lc_0258,false,lc_0258.jpg
lc_0259.jpg,C:\Users\mance\Documents\Steffi\Lichen-Dreams\backend\ia\datasets\liquenes_contaminados\lc_0259.jpg,1,contaminado,train,lc_0259,false,lc_0259.jpg
lc_0260.jpg,C:\Users\mance\Documents\Steffi\Lichen-Dreams\backend\ia\datasets\liquenes_contaminados\lc_0260.jpg,1,contaminado,train,lc_0260,false,lc_0260.jpg
lc_0261.jpg,C:\Users\mance\Documents\Steffi\Lichen-Dreams\backend\ia\datasets\liquenes_contaminados\lc_0261.jpg,1,contaminado,train,lc_0261,false,lc_0261.jpg
lc_0262.jpg,C:\Users\mance\Documents\Steffi\Lichen-Dreams\backend\ia\datasets\liquenes_contaminados\lc_0262.jpg,1,contaminado,train,lc_0262,false,lc_0262.jpg
lc_0263.jpg,C:\Users\mance\Documents\Steffi\Lichen-Dreams\backend\ia\datasets\liquenes_contaminados\lc_0263.jpg,1,contaminado,val,lc_0263,false,lc_0263.jpg
lc_0264.jpg,C:\Users\mance\Documents\Steffi\Lichen-Dreams\backend\ia\datasets\liquenes_contaminados\lc_0264.jpg,1,contaminado,train,lc_0264,false,lc_0264.jpg
lc_0265.jpg,C:\Users\mance\Documents\Steffi\Lichen-Dreams\backend\ia\datasets\liquenes_contaminados\lc_0265.jpg,1,contaminado,test,lc_0265,false,lc_0265.jpg
lc_0266.jpg,C:\Users\mance\Documents\Steffi\Lichen-Dreams\backend\ia\datasets\liquenes_contaminados\lc_0266.jpg,1,contaminado,train,lc_0266,false,lc_0266.jpg
lc_0267.jpg,C:\Users\mance\Documents\Steffi\Lichen-Dreams\backend\ia\datasets\liquenes_contaminados\lc_0267.jpg,1,contaminado,train,lc_0267,false,lc_0267.jpg
lc_0268.jpg,C:\Users\mance\Documents\Steffi\Lichen-Dreams\backend\ia\datasets\liquenes_contaminados\lc_0268.jpg,1,contaminado,test,lc_0268,false,lc_0268.jpg
lc_0269.jpg,C:\Users\mance\Documents\Steffi\Lichen-Dreams\backend\ia\datasets\liquenes_contaminados\lc_0269.jpg,1,contaminado,train,lc_0269,false,lc_0269.jpg
lc_0270.jpg,C:\Users\mance\Documents\Steffi\Lichen-Dreams\backend\ia\datasets\liquenes_contaminados\lc_0270.jpg,1,contaminado,val,lc_0270,false,lc_0270.jpg
lc_0271.jpg,C:\Users\mance\Documents\Steffi\Lichen-Dreams\backend\ia\datasets\liquenes_contaminados\lc_0271.jpg,1,contaminado,train,lc_0271,false,lc_0271.jpg
lc_0272.jpg,C:\Users\mance\Documents\Steffi\Lichen-Dreams\backend\ia\datasets\liquenes_contaminados\lc_0272.jpg,1,contaminado,train,lc_0272,false,lc_0272.jpg
lc_0273.jpg,C:\Users\mance\Documents\Steffi\Lichen-Dreams\backend\ia\datasets\liquenes_contaminados\lc_0273.jpg,1,contaminado,train,lc_0273,false,lc_0273.jpg
lc_0274.jpg,C:\Users\mance\Documents\Steffi\Lichen-Dreams\backend\ia\datasets\liquenes_contaminados\lc_0274.jpg,1,contaminado,train,lc_0274,false,lc_0274.jpg
lc_0275.jpg,C:\Users\mance\Documents\Steffi\Lichen-Dreams\backend\ia\datasets\liquenes_contaminados\lc_0275.jpg,1,contaminado,train,lc_0275,false,lc_0275.jpg
lc_0276.jpg,C:\Users\mance\Documents\Steffi\Lichen-Dreams\backend\ia\datasets\liquenes_contaminados\lc_0276.jpg,1,contaminado,val,lc_0276,false,lc_0276.jpg
lc_0277.jpg,C:\Users\mance\Documents\Steffi\Lichen-Dreams\backend\ia\datasets\liquenes_contaminados\lc_0277.jpg,1,contaminado,test,lc_0277,false,lc_0277.jpg
lc_0278.jpg,C:\Users\mance\Documents\Steffi\Lichen-Dreams\backend\ia\datasets\liquenes_contaminados\lc_0278.jpg,1,contaminado,test,lc_0278,false,lc_0278.jpg
lc_0279.jpg,C:\Users\mance\Documents\Steffi\Lichen-Dreams\backend\ia\datasets\liquenes_contaminados\lc_0279.jpg,1,contaminado,train,lc_0279,false,lc_0279.jpg
lc_0280.jpg,C:\Users\mance\Documents\Steffi\Lichen-Dreams\backend\ia\datasets\liquenes_contaminados\lc_0280.jpg,1,contaminado,test,lc_0280,false,lc_0280.jpg
lc_0281.jpg,C:\Users\mance\Documents\Steffi\Lichen-Dreams\backend\ia\datasets\liquenes_contaminados\lc_0281.jpg,1,contaminado,train,lc_0281,false,lc_0281.jpg
lc_0282.jpg,C:\Users\mance\Documents\Steffi\Lichen-Dreams\backend\ia\datasets\liquenes_contaminados\lc_0282.jpg,1,contaminado,train,lc_0282,false,lc_0282.jpg
lc_0283.jpg,C:\Users\mance\Documents\Steffi\Lichen-Dreams\backend\ia\datasets\liquenes_contaminados\lc_0283.jpg,1,contaminado,train,lc_0283,false,lc_0283.jpg
lc_0285.jpg,C:\Users\mance\Documents\Steffi\Lichen-Dreams\backend\ia\datasets\liquenes_contaminados\lc_0285.jpg,1,contaminado,train,lc_0285,false,lc_0285.jpg
lc_0286.jpg,C:\Users\mance\Documents\Steffi\Lichen-Dreams\backend\ia\datasets\liquenes_contaminados\lc_0286.jpg,1,contaminado,train,lc_0286,false,lc_0286.jpg
lc_0287.jpg,C:\Users\mance\Documents\Steffi\Lichen-Dreams\backend\ia\datasets\liquenes_contaminados\lc_0287.jpg,1,contaminado,test,lc_0287,false,lc_0287.jpg
lc_0288.jpg,C:\Users\mance\Documents\Steffi\Lichen-Dreams\backend\ia\datasets\liquenes_contaminados\lc_0288.jpg,1,contaminado,train,lc_0288,false,lc_0288.jpg
lc_0290.jpg,C:\Users\mance\Documents\Steffi\Lichen-Dreams\backend\ia\datasets\liquenes_contaminados\lc_0290.jpg,1,contaminado,train,lc_0290,false,lc_0290.jpg
lc_0293.jpg,C:\Users\mance\Documents\Steffi\Lichen-Dreams\backend\ia\datasets\liquenes_contaminados\lc_0293.jpg,1,contaminado,train,lc_0293,false,lc_0293.jpg
lc_0296.jpg,C:\Users\mance\Documents\Steffi\Lichen-Dreams\backend\ia\datasets\liquenes_contaminados\lc_0296.jpg,1,contaminado,train,lc_0296,false,lc_0296.jpg
lc_0301.jpg,C:\Users\mance\Documents\Steffi\Lichen-Dreams\backend\ia\datasets\liquenes_contaminados\lc_0301.jpg,1,contaminado,test,lc_0301,false,lc_0301.jpg
lc_0304.jpg,C:\Users\mance\Documents\Steffi\Lichen-Dreams\backend\ia\datasets\liquenes_contaminados\lc_0304.jpg,1,contaminado,train,lc_0304,false,lc_0304.jpg
lc_0305.jpg,C:\Users\mance\Documents\Steffi\Lichen-Dreams\backend\ia\datasets\liquenes_contaminados\lc_0305.jpg,1,contaminado,test,lc_0305,false,lc_0305.jpg
lc_0307.jpg,C:\Users\mance\Documents\Steffi\Lichen-Dreams\backend\ia\datasets\liquenes_contaminados\lc_0307.jpg,1,contaminado,test,lc_0307,false,lc_0307.jpg
lc_0313.jpg,C:\Users\mance\Documents\Steffi\Lichen-Dreams\backend\ia\datasets\liquenes_contaminados\lc_0313.jpg,1,contaminado,train,lc_0313,false,lc_0313.jpg
lc_0314.jpg,C:\Users\mance\Documents\Steffi\Lichen-Dreams\backend\ia\datasets\liquenes_contaminados\lc_0314.jpg,1,contaminado,train,lc_0314,false,lc_0314.jpg
lc_0321.jpg,C:\Users\mance\Documents\Steffi\Lichen-Dreams\backend\ia\datasets\liquenes_contaminados\lc_0321.jpg,1,contaminado,val,lc_0321,false,lc_0321.jpg
lc_0323.jpg,C:\Users\mance\Documents\Steffi\Lichen-Dreams\backend\ia\datasets\liquenes_contaminados\lc_0323.jpg,1,contaminado,train,lc_0323,false,lc_0323.jpg
lc_0325.jpg,C:\Users\mance\Documents\Steffi\Lichen-Dreams\backend\ia\datasets\liquenes_contaminados\lc_0325.jpg,1,contaminado,val,lc_0325,false,lc_0325.jpg
lc_0328.jpg,C:\Users\mance\Documents\Steffi\Lichen-Dreams\backend\ia\datasets\liquenes_contaminados\lc_0328.jpg,1,contaminado,train,lc_0328,false,lc_0328.jpg
lc_0332.jpg,C:\Users\mance\Documents\Steffi\Lichen-Dreams\backend\ia\datasets\liquenes_contaminados\lc_0332.jpg,1,contaminado,train,lc_0332,false,lc_0332.jpg
lc_0333.jpg,C:\Users\mance\Documents\Steffi\Lichen-Dreams\backend\ia\datasets\liquenes_contaminados\lc_0333.jpg,1,contaminado,train,lc_0333,false,lc_0333.jpg
lc_0335.jpg,C:\Users\mance\Documents\Steffi\Lichen-Dreams\backend\ia\datasets\liquenes_contaminados\lc_0335.jpg,1,contaminado,train,lc_0335,false,lc_0335.jpg
lc_0341.jpg,C:\Users\mance\Documents\Steffi\Lichen-Dreams\backend\ia\datasets\liquenes_contaminados\lc_0341.jpg,1,contaminado,val,lc_0341,false,lc_0341.jpg
lc_0342.jpg,C:\Users\mance\Documents\Steffi\Lichen-Dreams\backend\ia\datasets\liquenes_contaminados\lc_0342.jpg,1,contaminado,train,lc_0342,false,lc_0342.jpg
lc_0343.jpg,C:\Users\mance\Documents\Steffi\Lichen-Dreams\backend\ia\datasets\liquenes_contaminados\lc_0343.jpg,1,contaminado,train,lc_0343,false,lc_0343.jpg
lc_0344.jpg,C:\Users\mance\Documents\Steffi\Lichen-Dreams\backend\ia\datasets\liquenes_contaminados\lc_0344.jpg,1,contaminado,train,lc_0344,false,lc_0344.jpg
lc_0345.jpg,C:\Users\mance\Documents\Steffi\Lichen-Dreams\backend\ia\datasets\liquenes_contaminados\lc_0345.jpg,1,contaminado,train,lc_0345,false,lc_0345.jpg
lc_0346.jpg,C:\Users\mance\Documents\Steffi\Lichen-Dreams\backend\ia\datasets\liquenes_contaminados\lc_0346.jpg,1,contaminado,test,lc_0346,false,lc_0346.jpg
lc_0347.jpg,C:\Users\mance\Documents\Steffi\Lichen-Dreams\backend\ia\datasets\liquenes_contaminados\lc_0347.jpg,1,contaminado,train,lc_0347,false,lc_0347.jpg
lc_0348.jpg,C:\Users\mance\Documents\Steffi\Lichen-Dreams\backend\ia\datasets\liquenes_contaminados\lc_0348.jpg,1,contaminado,train,lc_0348,false,lc_0348.jpg
lc_0349.jpeg,C:\Users\mance\Documents\Steffi\Lichen-Dreams\backend\ia\datasets\liquenes_contaminados\lc_0349.jpeg,1,contaminado,train,lc_0349,false,lc_0349.jpeg
lc_0350.jpeg,C:\Users\mance\Documents\Steffi\Lichen-Dreams\backend\ia\datasets\liquenes_contaminados\lc_0350.jpeg,1,contaminado,val,lc_0350,false,lc_0350.jpeg
lc_0352.jpeg,C:\Users\mance\Documents\Steffi\Lichen-Dreams\backend\ia\datasets\liquenes_contaminados\lc_0352.jpeg,1,contaminado,val,lc_0352,false,lc_0352.jpeg
lc_0356.jpeg,C:\Users\mance\Documents\Steffi\Lichen-Dreams\backend\ia\datasets\liquenes_contaminados\lc_0356.jpeg,1,contaminado,train,lc_0356,false,lc_0356.jpeg
lc_0363.jpeg,C:\Users\mance\Documents\Steffi\Lichen-Dreams\backend\ia\datasets\liquenes_contaminados\lc_0363.jpeg,1,contaminado,train,lc_0363,false,lc_0363.jpeg
lc_0365.jpeg,C:\Users\mance\Documents\Steffi\Lichen-Dreams\backend\ia\datasets\liquenes_contaminados\lc_0365.jpeg,1,contaminado,train,lc_0365,false,lc_0365.jpeg
lc_0366.jpeg,C:\Users\mance\Documents\Steffi\Lichen-Dreams\backend\ia\datasets\liquenes_contaminados\lc_0366.jpeg,1,contaminado,train,lc_0366,false,lc_0366.jpeg
lc_0371.jpg,C:\Users\mance\Documents\Steffi\Lichen-Dreams\backend\ia\datasets\liquenes_contaminados\lc_0371.jpg,1,contaminado,val,lc_0371,false,lc_0371.jpg
lc_0373.jpg,C:\Users\mance\Documents\Steffi\Lichen-Dreams\backend\ia\datasets\liquenes_contaminados\lc_0373.jpg,1,contaminado,train,lc_0373,false,lc_0373.jpg
lc_0374.jpg,C:\Users\mance\Documents\Steffi\Lichen-Dreams\backend\ia\datasets\liquenes_contaminados\lc_0374.jpg,1,contaminado,train,lc_0374,false,lc_0374.jpg
lc_0375.jpg,C:\Users\mance\Documents\Steffi\Lichen-Dreams\backend\ia\datasets\liquenes_contaminados\lc_0375.jpg,1,contaminado,train,lc_0375,false,lc_0375.jpg
lc_0376.jpg,C:\Users\mance\Documents\Steffi\Lichen-Dreams\backend\ia\datasets\liquenes_contaminados\lc_0376.jpg,1,contaminado,train,lc_0376,false,lc_0376.jpg
lc_0377.jpg,C:\Users\mance\Documents\Steffi\Lichen-Dreams\backend\ia\datasets\liquenes_contaminados\lc_0377.jpg,1,contaminado,val,lc_0377,false,lc_0377.jpg
lc_0378.jpg,C:\Users\mance\Documents\Steffi\Lichen-Dreams\backend\ia\datasets\liquenes_contaminados\lc_0378.jpg,1,contaminado,train,lc_0378,false,lc_0378.jpg
lc_0379.jpg,C:\Users\mance\Documents\Steffi\Lichen-Dreams\backend\ia\datasets\liquenes_contaminados\lc_0379.jpg,1,contaminado,train,lc_0379,false,lc_0379.jpg
lc_0380.jpg,C:\Users\mance\Documents\Steffi\Lichen-Dreams\backend\ia\datasets\liquenes_contaminados\lc_0380.jpg,1,contaminado,val,lc_0380,false,lc_0380.jpg
lc_0381.jpg,C:\Users\mance\Documents\Steffi\Lichen-Dreams\backend\ia\datasets\liquenes_contaminados\lc_0381.jpg,1,contaminado,train,lc_0381,false,lc_0381.jpg
lc_0382.jpg,C:\Users\mance\Documents\Steffi\Lichen-Dreams\backend\ia\datasets\liquenes_contaminados\lc_0382.jpg,1,contaminado,train,lc_0382,false,lc_0382.jpg
lc_0383.jpg,C:\Users\mance\Documents\Steffi\Lichen-Dreams\backend\ia\datasets\liquenes_contaminados\lc_0383.jpg,1,contaminado,test,lc_0383,false,lc_0383.jpg
lc_0384.jpg,C:\Users\mance\Documents\Steffi\Lichen-Dreams\backend\ia\datasets\liquenes_contaminados\lc_0384.jpg,1,contaminado,train,lc_0384,false,lc_0384.jpg
lc_0385.jpg,C:\Users\mance\Documents\Steffi\Lichen-Dreams\backend\ia\datasets\liquenes_contaminados\lc_0385.jpg,1,contaminado,test,lc_0385,false,lc_0385.jpg
lc_0388.jpg,C:\Users\mance\Documents\Steffi\Lichen-Dreams\backend\ia\datasets\liquenes_contaminados\lc_0388.jpg,1,contaminado,train,lc_0388,false,lc_0388.jpg
lc_0389.jpg,C:\Users\mance\Documents\Steffi\Lichen-Dreams\backend\ia\datasets\liquenes_contaminados\lc_0389.jpg,1,contaminado,val,lc_0389,false,lc_0389.jpg
lc_0390.jpg,C:\Users\mance\Documents\Steffi\Lichen-Dreams\backend\ia\datasets\liquenes_contaminados\lc_0390.jpg,1,contaminado,train,lc_0390,false,lc_0390.jpg
lc_0391.jpg,C:\Users\mance\Documents\Steffi\Lichen-Dreams\backend\ia\datasets\liquenes_contaminados\lc_0391.jpg,1,contaminado,train,lc_0391,false,lc_0391.jpg
lc_0392.jpg,C:\Users\mance\Documents\Steffi\Lichen-Dreams\backend\ia\datasets\liquenes_contaminados\lc_0392.jpg,1,contaminado,test,lc_0392,false,lc_0392.jpg
lc_0393.jpg,C:\Users\mance\Documents\Steffi\Lichen-Dreams\backend\ia\datasets\liquenes_contaminados\lc_0393.jpg,1,contaminado,train,lc_0393,false,lc_0393.jpg
lc_0394.jpg,C:\Users\mance\Documents\Steffi\Lichen-Dreams\backend\ia\datasets\liquenes_contaminados\lc_0394.jpg,1,contaminado,train,lc_0394,false,lc_0394.jpg
lc_0395.jpg,C:\Users\mance\Documents\Steffi\Lichen-Dreams\backend\ia\datasets\liquenes_contaminados\lc_0395.jpg,1,contaminado,train,lc_0395,false,lc_0395.jpg
lc_0400.jpg,C:\Users\mance\Documents\Steffi\Lichen-Dreams\backend\ia\datasets\liquenes_contaminados\lc_0400.jpg,1,contaminado,train,lc_0400,false,lc_0400.jpg
lc_0405.jpg,C:\Users\mance\Documents\Steffi\Lichen-Dreams\backend\ia\datasets\liquenes_contaminados\lc_0405.jpg,1,contaminado,train,lc_0405,false,lc_0405.jpg
lc_0407.jpg,C:\Users\mance\Documents\Steffi\Lichen-Dreams\backend\ia\datasets\liquenes_contaminados\lc_0407.jpg,1,contaminado,train,lc_0407,false,lc_0407.jpg
lc_0409.jpg,C:\Users\mance\Documents\Steffi\Lichen-Dreams\backend\ia\datasets\liquenes_contaminados\lc_0409.jpg,1,contaminado,train,lc_0409,false,lc_0409.jpg
lc_0410.jpg,C:\Users\mance\Documents\Steffi\Lichen-Dreams\backend\ia\datasets\liquenes_contaminados\lc_0410.jpg,1,contaminado,train,lc_0410,false,lc_0410.jpg
lc_0411.jpg,C:\Users\mance\Documents\Steffi\Lichen-Dreams\backend\ia\datasets\liquenes_contaminados\lc_0411.jpg,1,contaminado,test,lc_0411,false,lc_0411.jpg
lc_0413.jpg,C:\Users\mance\Documents\Steffi\Lichen-Dreams\backend\ia\datasets\liquenes_contaminados\lc_0413.jpg,1,contaminado,val,lc_0413,false,lc_0413.jpg
lc_0415.jpg,C:\Users\mance\Documents\Steffi\Lichen-Dreams\backend\ia\datasets\liquenes_contaminados\lc_0415.jpg,1,contaminado,train,lc_0415,false,lc_0415.jpg
lc_0416.jpg,C:\Users\mance\Documents\Steffi\Lichen-Dreams\backend\ia\datasets\liquenes_contaminados\lc_0416.jpg,1,contaminado,train,lc_0416,false,lc_0416.jpg
lc_0417.jpg,C:\Users\mance\Documents\Steffi\Lichen-Dreams\backend\ia\datasets\liquenes_contaminados\lc_0417.jpg,1,contaminado,val,lc_0417,false,lc_0417.jpg
lc_0419.jpg,C:\Users\mance\Documents\Steffi\Lichen-Dreams\backend\ia\datasets\liquenes_contaminados\lc_0419.jpg,1,contaminado,test,lc_0419,false,lc_0419.jpg
lc_0420.jpg,C:\Users\mance\Documents\Steffi\Lichen-Dreams\backend\ia\datasets\liquenes_contaminados\lc_0420.jpg,1,contaminado,train,lc_0420,false,lc_0420.jpg
lc_0422.jpg,C:\Users\mance\Documents\Steffi\Lichen-Dreams\backend\ia\datasets\liquenes_contaminados\lc_0422.jpg,1,contaminado,train,lc_0422,false,lc_0422.jpg
lc_0423.jpg,C:\Users\mance\Documents\Steffi\Lichen-Dreams\backend\ia\datasets\liquenes_contaminados\lc_0423.jpg,1,contaminado,test,lc_0423,false,lc_0423.jpg
lc_0425.jpg,C:\Users\mance\Documents\Steffi\Lichen-Dreams\backend\ia\datasets\liquenes_contaminados\lc_0425.jpg,1,contaminado,train,lc_0425,false,lc_0425.jpg
lc_0426.jpg,C:\Users\mance\Documents\Steffi\Lichen-Dreams\backend\ia\datasets\liquenes_contaminados\lc_0426.jpg,1,contaminado,train,lc_0426,false,lc_0426.jpg
lc_0427.jpg,C:\Users\mance\Documents\Steffi\Lichen-Dreams\backend\ia\datasets\liquenes_contaminados\lc_0427.jpg,1,contaminado,train,lc_0427,false,lc_0427.jpg
lc_0428.jpg,C:\Users\mance\Documents\Steffi\Lichen-Dreams\backend\ia\datasets\liquenes_contaminados\lc_0428.jpg,1,contaminado,train,lc_0428,false,lc_0428.jpg
lc_0429.jpg,C:\Users\mance\Documents\Steffi\Lichen-Dreams\backend\ia\datasets\liquenes_contaminados\lc_0429.jpg,1,contaminado,train,lc_0429,false,lc_0429.jpg
lc_0430.jpg,C:\Users\mance\Documents\Steffi\Lichen-Dreams\backend\ia\datasets\liquenes_contaminados\lc_0430.jpg,1,contaminado,train,lc_0430,false,lc_0430.jpg
lc_0435.jpeg,C:\Users\mance\Documents\Steffi\Lichen-Dreams\backend\ia\datasets\liquenes_contaminados\lc_0435.jpeg,1,contaminado,val,lc_0435,false,lc_0435.jpeg
lc_0441.jpeg,C:\Users\mance\Documents\Steffi\Lichen-Dreams\backend\ia\datasets\liquenes_contaminados\lc_0441.jpeg,1,contaminado,train,lc_0441,false,lc_0441.jpeg
lc_0442.jpeg,C:\Users\mance\Documents\Steffi\Lichen-Dreams\backend\ia\datasets\liquenes_contaminados\lc_0442.jpeg,1,contaminado,train,lc_0442,false,lc_0442.jpeg
lc_0443.jpeg,C:\Users\mance\Documents\Steffi\Lichen-Dreams\backend\ia\datasets\liquenes_contaminados\lc_0443.jpeg,1,contaminado,train,lc_0443,false,lc_0443.jpeg
lc_0444.jpeg,C:\Users\mance\Documents\Steffi\Lichen-Dreams\backend\ia\datasets\liquenes_contaminados\lc_0444.jpeg,1,contaminado,train,lc_0444,false,lc_0444.jpeg
lc_0445.jpeg,C:\Users\mance\Documents\Steffi\Lichen-Dreams\backend\ia\datasets\liquenes_contaminados\lc_0445.jpeg,1,contaminado,test,lc_0445,false,lc_0445.jpeg
lc_0450.jpeg,C:\Users\mance\Documents\Steffi\Lichen-Dreams\backend\ia\datasets\liquenes_contaminados\lc_0450.jpeg,1,contaminado,train,lc_0450,false,lc_0450.jpeg
lc_0451.jpeg,C:\Users\mance\Documents\Steffi\Lichen-Dreams\backend\ia\datasets\liquenes_contaminados\lc_0451.jpeg,1,contaminado,val,lc_0451,false,lc_0451.jpeg
lc_0452.jpeg,C:\Users\mance\Documents\Steffi\Lichen-Dreams\backend\ia\datasets\liquenes_contaminados\lc_0452.jpeg,1,contaminado,train,lc_0452,false,lc_0452.jpeg
lc_0453.jpeg,C:\Users\mance\Documents\Steffi\Lichen-Dreams\backend\ia\datasets\liquenes_contaminados\lc_0453.jpeg,1,contaminado,train,lc_0453,false,lc_0453.jpeg
lc_0454.jpeg,C:\Users\mance\Documents\Steffi\Lichen-Dreams\backend\ia\datasets\liquenes_contaminados\lc_0454.jpeg,1,contaminado,train,lc_0454,false,lc_0454.jpeg
lc_0455.jpeg,C:\Users\mance\Documents\Steffi\Lichen-Dreams\backend\ia\datasets\liquenes_contaminados\lc_0455.jpeg,1,contaminado,train,lc_0455,false,lc_0455.jpeg
lc_0456.jpeg,C:\Users\mance\Documents\Steffi\Lichen-Dreams\backend\ia\datasets\liquenes_contaminados\lc_0456.jpeg,1,contaminado,train,lc_0456,false,lc_0456.jpeg
lc_0457.jpeg,C:\Users\mance\Documents\Steffi\Lichen-Dreams\backend\ia\datasets\liquenes_contaminados\lc_0457.jpeg,1,contaminado,train,lc_0457,false,lc_0457.jpeg
lc_0458.jpeg,C:\Users\mance\Documents\Steffi\Lichen-Dreams\backend\ia\datasets\liquenes_contaminados\lc_0458.jpeg,1,contaminado,test,lc_0458,false,lc_0458.jpeg
lc_0469.jpeg,C:\Users\mance\Documents\Steffi\Lichen-Dreams\backend\ia\datasets\liquenes_contaminados\lc_0469.jpeg,1,contaminado,test,lc_0469,false,lc_0469.jpeg
lc_0470.jpeg,C:\Users\mance\Documents\Steffi\Lichen-Dreams\backend\ia\datasets\liquenes_contaminados\lc_0470.jpeg,1,contaminado,train,lc_0470,false,lc_0470.jpeg
lc_0471.jpeg,C:\Users\mance\Documents\Steffi\Lichen-Dreams\backend\ia\datasets\liquenes_contaminados\lc_0471.jpeg,1,contaminado,val,lc_0471,false,lc_0471.jpeg
lc_0480.jpeg,C:\Users\mance\Documents\Steffi\Lichen-Dreams\backend\ia\datasets\liquenes_contaminados\lc_0480.jpeg,1,contaminado,train,lc_0480,false,lc_0480.jpeg
lc_0481.jpeg,C:\Users\mance\Documents\Steffi\Lichen-Dreams\backend\ia\datasets\liquenes_contaminados\lc_0481.jpeg,1,contaminado,test,lc_0481,false,lc_0481.jpeg
lc_0483.jpeg,C:\Users\mance\Documents\Steffi\Lichen-Dreams\backend\ia\datasets\liquenes_contaminados\lc_0483.jpeg,1,contaminado,test,lc_0483,false,lc_0483.jpeg
lc_0486.jpeg,C:\Users\mance\Documents\Steffi\Lichen-Dreams\backend\ia\datasets\liquenes_contaminados\lc_0486.jpeg,1,contaminado,train,lc_0486,false,lc_0486.jpeg
lc_0487.jpeg,C:\Users\mance\Documents\Steffi\Lichen-Dreams\backend\ia\datasets\liquenes_contaminados\lc_0487.jpeg,1,contaminado,train,lc_0487,false,lc_0487.jpeg
lc_0488.jpeg,C:\Users\mance\Documents\Steffi\Lichen-Dreams\backend\ia\datasets\liquenes_contaminados\lc_0488.jpeg,1,contaminado,train,lc_0488,false,lc_0488.jpeg
lc_0489.jpeg,C:\Users\mance\Documents\Steffi\Lichen-Dreams\backend\ia\datasets\liquenes_contaminados\lc_0489.jpeg,1,contaminado,val,lc_0489,false,lc_0489.jpeg
lc_0490.jpeg,C:\Users\mance\Documents\Steffi\Lichen-Dreams\backend\ia\datasets\liquenes_contaminados\lc_0490.jpeg,1,contaminado,val,lc_0490,false,lc_0490.jpeg
lc_0491.jpeg,C:\Users\mance\Documents\Steffi\Lichen-Dreams\backend\ia\datasets\liquenes_contaminados\lc_0491.jpeg,1,contaminado,train,lc_0491,false,lc_0491.jpeg
lc_0492.jpeg,C:\Users\mance\Documents\Steffi\Lichen-Dreams\backend\ia\datasets\liquenes_contaminados\lc_0492.jpeg,1,contaminado,val,lc_0492,false,lc_0492.jpeg
lc_0493.jpeg,C:\Users\mance\Documents\Steffi\Lichen-Dreams\backend\ia\datasets\liquenes_contaminados\lc_0493.jpeg,1,contaminado,train,lc_0493,false,lc_0493.jpeg
lc_0494.jpeg,C:\Users\mance\Documents\Steffi\Lichen-Dreams\backend\ia\datasets\liquenes_contaminados\lc_0494.jpeg,1,contaminado,test,lc_0494,false,lc_0494.jpeg
lc_0495.jpeg,C:\Users\mance\Documents\Steffi\Lichen-Dreams\backend\ia\datasets\liquenes_contaminados\lc_0495.jpeg,1,contaminado,test,lc_0495,false,lc_0495.jpeg
lc_0496.jpeg,C:\Users\mance\Documents\Steffi\Lichen-Dreams\backend\ia\datasets\liquenes_contaminados\lc_0496.jpeg,1,contaminado,val,lc_0496,false,lc_0496.jpeg
lc_0497.jpeg,C:\Users\mance\Documents\Steffi\Lichen-Dreams\backend\ia\datasets\liquenes_contaminados\lc_0497.jpeg,1,contaminado,train,lc_0497,false,lc_0497.jpeg
lc_0498.jpeg,C:\Users\mance\Documents\Steffi\Lichen-Dreams\backend\ia\datasets\liquenes_contaminados\lc_0498.jpeg,1,contaminado,train,lc_0498,false,lc_0498.jpeg
lc_0499.jpeg,C:\Users\mance\Documents\Steffi\Lichen-Dreams\backend\ia\datasets\liquenes_contaminados\lc_0499.jpeg,1,contaminado,train,lc_0499,false,lc_0499.jpeg
lc_0500.jpeg,C:\Users\mance\Documents\Steffi\Lichen-Dreams\backend\ia\datasets\liquenes_contaminados\lc_0500.jpeg,1,contaminado,train,lc_0500,false,lc_0500.jpeg
lcp_0073.jpg,C:\Users\mance\Documents\Steffi\Lichen-Dreams\backend\ia\datasets\liquenes_contaminados\lcp_0073.jpg,1,contaminado,train,lcp_family,false,lcp_0073.jpg
lcp_0145.jpg,C:\Users\mance\Documents\Steffi\Lichen-Dreams\backend\ia\datasets\liquenes_contaminados\lcp_0145.jpg,1,contaminado,train,lcp_family,false,lcp_0145.jpg
lcp_0322.jpg,C:\Users\mance\Documents\Steffi\Lichen-Dreams\backend\ia\datasets\liquenes_contaminados\lcp_0322.jpg,1,contaminado,train,lcp_family,false,lcp_0322.jpg
lcp_0359.jpg,C:\Users\mance\Documents\Steffi\Lichen-Dreams\backend\ia\datasets\liquenes_contaminados\lcp_0359.jpg,1,contaminado,train,lcp_family,false,lcp_0359.jpg
lcp_0369.jpg,C:\Users\mance\Documents\Steffi\Lichen-Dreams\backend\ia\datasets\liquenes_contaminados\lcp_0369.jpg,1,contaminado,train,lcp_family,false,lcp_0369.jpg
lcp_0370.jpg,C:\Users\mance\Documents\Steffi\Lichen-Dreams\backend\ia\datasets\liquenes_contaminados\lcp_0370.jpg,1,contaminado,train,lcp_family,false,lcp_0370.jpg
lcp_0372.jpg,C:\Users\mance\Documents\Steffi\Lichen-Dreams\backend\ia\datasets\liquenes_contaminados\lcp_0372.jpg,1,contaminado,train,lcp_family,false,lcp_0372.jpg
lcp_0387.jpg,C:\Users\mance\Documents\Steffi\Lichen-Dreams\backend\ia\datasets\liquenes_contaminados\lcp_0387.jpg,1,contaminado,train,lcp_family,false,lcp_0387.jpg
lcp_0402.jpg,C:\Users\mance\Documents\Steffi\Lichen-Dreams\backend\ia\datasets\liquenes_contaminados\lcp_0402.jpg,1,contaminado,train,lcp_family,false,lcp_0402.jpg
lcp_0408.jpg,C:\Users\mance\Documents\Steffi\Lichen-Dreams\backend\ia\datasets\liquenes_contaminados\lcp_0408.jpg,1,contaminado,train,lcp_family,false,lcp_0408.jpg
lcp_0414.jpg,C:\Users\mance\Documents\Steffi\Lichen-Dreams\backend\ia\datasets\liquenes_contaminados\lcp_0414.jpg,1,contaminado,train,lcp_family,false,lcp_0414.jpg
lcp_0418.jpg,C:\Users\mance\Documents\Steffi\Lichen-Dreams\backend\ia\datasets\liquenes_contaminados\lcp_0418.jpg,1,contaminado,train,lcp_family,false,lcp_0418.jpg
lcp_0475.jpeg,C:\Users\mance\Documents\Steffi\Lichen-Dreams\backend\ia\datasets\liquenes_contaminados\lcp_0475.jpeg,1,contaminado,train,lcp_family,false,lcp_0475.jpeg
lcp_0477.jpeg,C:\Users\mance\Documents\Steffi\Lichen-Dreams\backend\ia\datasets\liquenes_contaminados\lcp_0477.jpeg,1,contaminado,train,lcp_family,false,lcp_0477.jpeg
lcp_aug_0001.jpg,C:\Users\mance\Documents\Steffi\Lichen-Dreams\backend\ia\datasets\liquenes_contaminados\lcp_aug_0001.jpg,1,contaminado,train,lcp_family,true,lcp_*
lcp_aug_0002.jpg,C:\Users\mance\Documents\Steffi\Lichen-Dreams\backend\ia\datasets\liquenes_contaminados\lcp_aug_0002.jpg,1,contaminado,train,lcp_family,true,lcp_*
lcp_aug_0003.jpg,C:\Users\mance\Documents\Steffi\Lichen-Dreams\backend\ia\datasets\liquenes_contaminados\lcp_aug_0003.jpg,1,contaminado,train,lcp_family,true,lcp_*
lcp_aug_0004.jpg,C:\Users\mance\Documents\Steffi\Lichen-Dreams\backend\ia\datasets\liquenes_contaminados\lcp_aug_0004.jpg,1,contaminado,train,lcp_family,true,lcp_*
lcp_aug_0005.jpg,C:\Users\mance\Documents\Steffi\Lichen-Dreams\backend\ia\datasets\liquenes_contaminados\lcp_aug_0005.jpg,1,contaminado,train,lcp_family,true,lcp_*
lcp_aug_0006.jpg,C:\Users\mance\Documents\Steffi\Lichen-Dreams\backend\ia\datasets\liquenes_contaminados\lcp_aug_0006.jpg,1,contaminado,train,lcp_family,true,lcp_*
lcp_aug_0007.jpg,C:\Users\mance\Documents\Steffi\Lichen-Dreams\backend\ia\datasets\liquenes_contaminados\lcp_aug_0007.jpg,1,contaminado,train,lcp_family,true,lcp_*
lcp_aug_0008.jpg,C:\Users\mance\Documents\Steffi\Lichen-Dreams\backend\ia\datasets\liquenes_contaminados\lcp_aug_0008.jpg,1,contaminado,train,lcp_family,true,lcp_*
lcp_aug_0009.jpg,C:\Users\mance\Documents\Steffi\Lichen-Dreams\backend\ia\datasets\liquenes_contaminados\lcp_aug_0009.jpg,1,contaminado,train,lcp_family,true,lcp_*
lcp_aug_0010.jpg,C:\Users\mance\Documents\Steffi\Lichen-Dreams\backend\ia\datasets\liquenes_contaminados\lcp_aug_0010.jpg,1,contaminado,train,lcp_family,true,lcp_*
lcp_aug_0011.jpg,C:\Users\mance\Documents\Steffi\Lichen-Dreams\backend\ia\datasets\liquenes_contaminados\lcp_aug_0011.jpg,1,contaminado,train,lcp_family,true,lcp_*
lcp_aug_0012.jpg,C:\Users\mance\Documents\Steffi\Lichen-Dreams\backend\ia\datasets\liquenes_contaminados\lcp_aug_0012.jpg,1,contaminado,train,lcp_family,true,lcp_*
lcp_aug_0013.jpg,C:\Users\mance\Documents\Steffi\Lichen-Dreams\backend\ia\datasets\liquenes_contaminados\lcp_aug_0013.jpg,1,contaminado,train,lcp_family,true,lcp_*
lcp_aug_0014.jpg,C:\Users\mance\Documents\Steffi\Lichen-Dreams\backend\ia\datasets\liquenes_contaminados\lcp_aug_0014.jpg,1,contaminado,train,lcp_family,true,lcp_*
lcp_aug_0015.jpg,C:\Users\mance\Documents\Steffi\Lichen-Dreams\backend\ia\datasets\liquenes_contaminados\lcp_aug_0015.jpg,1,contaminado,train,lcp_family,true,lcp_*
lcp_aug_0016.jpg,C:\Users\mance\Documents\Steffi\Lichen-Dreams\backend\ia\datasets\liquenes_contaminados\lcp_aug_0016.jpg,1,contaminado,train,lcp_family,true,lcp_*
lcp_aug_0017.jpg,C:\Users\mance\Documents\Steffi\Lichen-Dreams\backend\ia\datasets\liquenes_contaminados\lcp_aug_0017.jpg,1,contaminado,train,lcp_family,true,lcp_*
lcp_aug_0018.jpg,C:\Users\mance\Documents\Steffi\Lichen-Dreams\backend\ia\datasets\liquenes_contaminados\lcp_aug_0018.jpg,1,contaminado,train,lcp_family,true,lcp_*
lcp_aug_0019.jpg,C:\Users\mance\Documents\Steffi\Lichen-Dreams\backend\ia\datasets\liquenes_contaminados\lcp_aug_0019.jpg,1,contaminado,train,lcp_family,true,lcp_*
lcp_aug_0020.jpg,C:\Users\mance\Documents\Steffi\Lichen-Dreams\backend\ia\datasets\liquenes_contaminados\lcp_aug_0020.jpg,1,contaminado,train,lcp_family,true,lcp_*
lcp_aug_0021.jpg,C:\Users\mance\Documents\Steffi\Lichen-Dreams\backend\ia\datasets\liquenes_contaminados\lcp_aug_0021.jpg,1,contaminado,train,lcp_family,true,lcp_*
lcp_aug_0022.jpg,C:\Users\mance\Documents\Steffi\Lichen-Dreams\backend\ia\datasets\liquenes_contaminados\lcp_aug_0022.jpg,1,contaminado,train,lcp_family,true,lcp_*
lcp_aug_0023.jpg,C:\Users\mance\Documents\Steffi\Lichen-Dreams\backend\ia\datasets\liquenes_contaminados\lcp_aug_0023.jpg,1,contaminado,train,lcp_family,true,lcp_*
lcp_aug_0024.jpg,C:\Users\mance\Documents\Steffi\Lichen-Dreams\backend\ia\datasets\liquenes_contaminados\lcp_aug_0024.jpg,1,contaminado,train,lcp_family,true,lcp_*
lcp_aug_0025.jpg,C:\Users\mance\Documents\Steffi\Lichen-Dreams\backend\ia\datasets\liquenes_contaminados\lcp_aug_0025.jpg,1,contaminado,train,lcp_family,true,lcp_*
lcp_aug_0026.jpg,C:\Users\mance\Documents\Steffi\Lichen-Dreams\backend\ia\datasets\liquenes_contaminados\lcp_aug_0026.jpg,1,contaminado,train,lcp_family,true,lcp_*
lcp_aug_0027.jpg,C:\Users\mance\Documents\Steffi\Lichen-Dreams\backend\ia\datasets\liquenes_contaminados\lcp_aug_0027.jpg,1,contaminado,train,lcp_family,true,lcp_*
lcp_aug_0028.jpg,C:\Users\mance\Documents\Steffi\Lichen-Dreams\backend\ia\datasets\liquenes_contaminados\lcp_aug_0028.jpg,1,contaminado,train,lcp_family,true,lcp_*
lcp_aug_0029.jpg,C:\Users\mance\Documents\Steffi\Lichen-Dreams\backend\ia\datasets\liquenes_contaminados\lcp_aug_0029.jpg,1,contaminado,train,lcp_family,true,lcp_*
lcp_aug_0030.jpg,C:\Users\mance\Documents\Steffi\Lichen-Dreams\backend\ia\datasets\liquenes_contaminados\lcp_aug_0030.jpg,1,contaminado,train,lcp_family,true,lcp_*
lcp_aug_0031.jpg,C:\Users\mance\Documents\Steffi\Lichen-Dreams\backend\ia\datasets\liquenes_contaminados\lcp_aug_0031.jpg,1,contaminado,train,lcp_family,true,lcp_*
lcp_aug_0032.jpg,C:\Users\mance\Documents\Steffi\Lichen-Dreams\backend\ia\datasets\liquenes_contaminados\lcp_aug_0032.jpg,1,contaminado,train,lcp_family,true,lcp_*
lcp_aug_0033.jpg,C:\Users\mance\Documents\Steffi\Lichen-Dreams\backend\ia\datasets\liquenes_contaminados\lcp_aug_0033.jpg,1,contaminado,train,lcp_family,true,lcp_*
lcp_aug_0034.jpg,C:\Users\mance\Documents\Steffi\Lichen-Dreams\backend\ia\datasets\liquenes_contaminados\lcp_aug_0034.jpg,1,contaminado,train,lcp_family,true,lcp_*
lcp_aug_0035.jpg,C:\Users\mance\Documents\Steffi\Lichen-Dreams\backend\ia\datasets\liquenes_contaminados\lcp_aug_0035.jpg,1,contaminado,train,lcp_family,true,lcp_*
lcp_aug_0036.jpg,C:\Users\mance\Documents\Steffi\Lichen-Dreams\backend\ia\datasets\liquenes_contaminados\lcp_aug_0036.jpg,1,contaminado,train,lcp_family,true,lcp_*
lcp_aug_0037.jpg,C:\Users\mance\Documents\Steffi\Lichen-Dreams\backend\ia\datasets\liquenes_contaminados\lcp_aug_0037.jpg,1,contaminado,train,lcp_family,true,lcp_*
lcp_aug_0038.jpg,C:\Users\mance\Documents\Steffi\Lichen-Dreams\backend\ia\datasets\liquenes_contaminados\lcp_aug_0038.jpg,1,contaminado,train,lcp_family,true,lcp_*
lcp_aug_0039.jpg,C:\Users\mance\Documents\Steffi\Lichen-Dreams\backend\ia\datasets\liquenes_contaminados\lcp_aug_0039.jpg,1,contaminado,train,lcp_family,true,lcp_*
lcp_aug_0040.jpg,C:\Users\mance\Documents\Steffi\Lichen-Dreams\backend\ia\datasets\liquenes_contaminados\lcp_aug_0040.jpg,1,contaminado,train,lcp_family,true,lcp_*
lcp_aug_0041.jpg,C:\Users\mance\Documents\Steffi\Lichen-Dreams\backend\ia\datasets\liquenes_contaminados\lcp_aug_0041.jpg,1,contaminado,train,lcp_family,true,lcp_*
lcp_aug_0042.jpg,C:\Users\mance\Documents\Steffi\Lichen-Dreams\backend\ia\datasets\liquenes_contaminados\lcp_aug_0042.jpg,1,contaminado,train,lcp_family,true,lcp_*
lcp_aug_0043.jpg,C:\Users\mance\Documents\Steffi\Lichen-Dreams\backend\ia\datasets\liquenes_contaminados\lcp_aug_0043.jpg,1,contaminado,train,lcp_family,true,lcp_*
lcp_aug_0044.jpg,C:\Users\mance\Documents\Steffi\Lichen-Dreams\backend\ia\datasets\liquenes_contaminados\lcp_aug_0044.jpg,1,contaminado,train,lcp_family,true,lcp_*
lcp_aug_0045.jpg,C:\Users\mance\Documents\Steffi\Lichen-Dreams\backend\ia\datasets\liquenes_contaminados\lcp_aug_0045.jpg,1,contaminado,train,lcp_family,true,lcp_*
lcp_aug_0046.jpg,C:\Users\mance\Documents\Steffi\Lichen-Dreams\backend\ia\datasets\liquenes_contaminados\lcp_aug_0046.jpg,1,contaminado,train,lcp_family,true,lcp_*
lcp_aug_0047.jpg,C:\Users\mance\Documents\Steffi\Lichen-Dreams\backend\ia\datasets\liquenes_contaminados\lcp_aug_0047.jpg,1,contaminado,train,lcp_family,true,lcp_*
lcp_aug_0048.jpg,C:\Users\mance\Documents\Steffi\Lichen-Dreams\backend\ia\datasets\liquenes_contaminados\lcp_aug_0048.jpg,1,contaminado,train,lcp_family,true,lcp_*
lcp_aug_0049.jpg,C:\Users\mance\Documents\Steffi\Lichen-Dreams\backend\ia\datasets\liquenes_contaminados\lcp_aug_0049.jpg,1,contaminado,train,lcp_family,true,lcp_*
lcp_aug_0050.jpg,C:\Users\mance\Documents\Steffi\Lichen-Dreams\backend\ia\datasets\liquenes_contaminados\lcp_aug_0050.jpg,1,contaminado,train,lcp_family,true,lcp_*
lcp_aug_0051.jpg,C:\Users\mance\Documents\Steffi\Lichen-Dreams\backend\ia\datasets\liquenes_contaminados\lcp_aug_0051.jpg,1,contaminado,train,lcp_family,true,lcp_*
lcp_aug_0052.jpg,C:\Users\mance\Documents\Steffi\Lichen-Dreams\backend\ia\datasets\liquenes_contaminados\lcp_aug_0052.jpg,1,contaminado,train,lcp_family,true,lcp_*
lcp_aug_0053.jpg,C:\Users\mance\Documents\Steffi\Lichen-Dreams\backend\ia\datasets\liquenes_contaminados\lcp_aug_0053.jpg,1,contaminado,train,lcp_family,true,lcp_*
lcp_aug_0054.jpg,C:\Users\mance\Documents\Steffi\Lichen-Dreams\backend\ia\datasets\liquenes_contaminados\lcp_aug_0054.jpg,1,contaminado,train,lcp_family,true,lcp_*
lcp_aug_0055.jpg,C:\Users\mance\Documents\Steffi\Lichen-Dreams\backend\ia\datasets\liquenes_contaminados\lcp_aug_0055.jpg,1,contaminado,train,lcp_family,true,lcp_*
lcp_aug_0056.jpg,C:\Users\mance\Documents\Steffi\Lichen-Dreams\backend\ia\datasets\liquenes_contaminados\lcp_aug_0056.jpg,1,contaminado,train,lcp_family,true,lcp_*
lcp_aug_0057.jpg,C:\Users\mance\Documents\Steffi\Lichen-Dreams\backend\ia\datasets\liquenes_contaminados\lcp_aug_0057.jpg,1,contaminado,train,lcp_family,true,lcp_*
lcp_aug_0058.jpg,C:\Users\mance\Documents\Steffi\Lichen-Dreams\backend\ia\datasets\liquenes_contaminados\lcp_aug_0058.jpg,1,contaminado,train,lcp_family,true,lcp_*
lcp_aug_0059.jpg,C:\Users\mance\Documents\Steffi\Lichen-Dreams\backend\ia\datasets\liquenes_contaminados\lcp_aug_0059.jpg,1,contaminado,train,lcp_family,true,lcp_*
lcp_aug_0060.jpg,C:\Users\mance\Documents\Steffi\Lichen-Dreams\backend\ia\datasets\liquenes_contaminados\lcp_aug_0060.jpg,1,contaminado,train,lcp_family,true,lcp_*
lcp_aug_0061.jpg,C:\Users\mance\Documents\Steffi\Lichen-Dreams\backend\ia\datasets\liquenes_contaminados\lcp_aug_0061.jpg,1,contaminado,train,lcp_family,true,lcp_*
lcp_aug_0062.jpg,C:\Users\mance\Documents\Steffi\Lichen-Dreams\backend\ia\datasets\liquenes_contaminados\lcp_aug_0062.jpg,1,contaminado,train,lcp_family,true,lcp_*
lcp_aug_0063.jpg,C:\Users\mance\Documents\Steffi\Lichen-Dreams\backend\ia\datasets\liquenes_contaminados\lcp_aug_0063.jpg,1,contaminado,train,lcp_family,true,lcp_*
lcp_aug_0064.jpg,C:\Users\mance\Documents\Steffi\Lichen-Dreams\backend\ia\datasets\liquenes_contaminados\lcp_aug_0064.jpg,1,contaminado,train,lcp_family,true,lcp_*
lcp_aug_0065.jpg,C:\Users\mance\Documents\Steffi\Lichen-Dreams\backend\ia\datasets\liquenes_contaminados\lcp_aug_0065.jpg,1,contaminado,train,lcp_family,true,lcp_*
lcp_aug_0066.jpg,C:\Users\mance\Documents\Steffi\Lichen-Dreams\backend\ia\datasets\liquenes_contaminados\lcp_aug_0066.jpg,1,contaminado,train,lcp_family,true,lcp_*
lcp_aug_0067.jpg,C:\Users\mance\Documents\Steffi\Lichen-Dreams\backend\ia\datasets\liquenes_contaminados\lcp_aug_0067.jpg,1,contaminado,train,lcp_family,true,lcp_*
lcp_aug_0068.jpg,C:\Users\mance\Documents\Steffi\Lichen-Dreams\backend\ia\datasets\liquenes_contaminados\lcp_aug_0068.jpg,1,contaminado,train,lcp_family,true,lcp_*
lcp_aug_0069.jpg,C:\Users\mance\Documents\Steffi\Lichen-Dreams\backend\ia\datasets\liquenes_contaminados\lcp_aug_0069.jpg,1,contaminado,train,lcp_family,true,lcp_*
lcp_aug_0070.jpg,C:\Users\mance\Documents\Steffi\Lichen-Dreams\backend\ia\datasets\liquenes_contaminados\lcp_aug_0070.jpg,1,contaminado,train,lcp_family,true,lcp_*
lcp_aug_0071.jpg,C:\Users\mance\Documents\Steffi\Lichen-Dreams\backend\ia\datasets\liquenes_contaminados\lcp_aug_0071.jpg,1,contaminado,train,lcp_family,true,lcp_*
lcp_aug_0072.jpg,C:\Users\mance\Documents\Steffi\Lichen-Dreams\backend\ia\datasets\liquenes_contaminados\lcp_aug_0072.jpg,1,contaminado,train,lcp_family,true,lcp_*
lcp_aug_0073.jpg,C:\Users\mance\Documents\Steffi\Lichen-Dreams\backend\ia\datasets\liquenes_contaminados\lcp_aug_0073.jpg,1,contaminado,train,lcp_family,true,lcp_*
lcp_aug_0074.jpg,C:\Users\mance\Documents\Steffi\Lichen-Dreams\backend\ia\datasets\liquenes_contaminados\lcp_aug_0074.jpg,1,contaminado,train,lcp_family,true,lcp_*
lcp_aug_0075.jpg,C:\Users\mance\Documents\Steffi\Lichen-Dreams\backend\ia\datasets\liquenes_contaminados\lcp_aug_0075.jpg,1,contaminado,train,lcp_family,true,lcp_*
lcp_aug_0076.jpg,C:\Users\mance\Documents\Steffi\Lichen-Dreams\backend\ia\datasets\liquenes_contaminados\lcp_aug_0076.jpg,1,contaminado,train,lcp_family,true,lcp_*
lcp_aug_0077.jpg,C:\Users\mance\Documents\Steffi\Lichen-Dreams\backend\ia\datasets\liquenes_contaminados\lcp_aug_0077.jpg,1,contaminado,train,lcp_family,true,lcp_*
lcp_aug_0078.jpg,C:\Users\mance\Documents\Steffi\Lichen-Dreams\backend\ia\datasets\liquenes_contaminados\lcp_aug_0078.jpg,1,contaminado,train,lcp_family,true,lcp_*
lcp_aug_0079.jpg,C:\Users\mance\Documents\Steffi\Lichen-Dreams\backend\ia\datasets\liquenes_contaminados\lcp_aug_0079.jpg,1,contaminado,train,lcp_family,true,lcp_*
lcp_aug_0080.jpg,C:\Users\mance\Documents\Steffi\Lichen-Dreams\backend\ia\datasets\liquenes_contaminados\lcp_aug_0080.jpg,1,contaminado,train,lcp_family,true,lcp_*
lcp_aug_0081.jpg,C:\Users\mance\Documents\Steffi\Lichen-Dreams\backend\ia\datasets\liquenes_contaminados\lcp_aug_0081.jpg,1,contaminado,train,lcp_family,true,lcp_*
lcp_aug_0082.jpg,C:\Users\mance\Documents\Steffi\Lichen-Dreams\backend\ia\datasets\liquenes_contaminados\lcp_aug_0082.jpg,1,contaminado,train,lcp_family,true,lcp_*
lcp_aug_0083.jpg,C:\Users\mance\Documents\Steffi\Lichen-Dreams\backend\ia\datasets\liquenes_contaminados\lcp_aug_0083.jpg,1,contaminado,train,lcp_family,true,lcp_*
lcp_aug_0084.jpg,C:\Users\mance\Documents\Steffi\Lichen-Dreams\backend\ia\datasets\liquenes_contaminados\lcp_aug_0084.jpg,1,contaminado,train,lcp_family,true,lcp_*
lcp_aug_0085.jpg,C:\Users\mance\Documents\Steffi\Lichen-Dreams\backend\ia\datasets\liquenes_contaminados\lcp_aug_0085.jpg,1,contaminado,train,lcp_family,true,lcp_*
lcp_aug_0086.jpg,C:\Users\mance\Documents\Steffi\Lichen-Dreams\backend\ia\datasets\liquenes_contaminados\lcp_aug_0086.jpg,1,contaminado,train,lcp_family,true,lcp_*
lcp_aug_0087.jpg,C:\Users\mance\Documents\Steffi\Lichen-Dreams\backend\ia\datasets\liquenes_contaminados\lcp_aug_0087.jpg,1,contaminado,train,lcp_family,true,lcp_*
lcp_aug_0088.jpg,C:\Users\mance\Documents\Steffi\Lichen-Dreams\backend\ia\datasets\liquenes_contaminados\lcp_aug_0088.jpg,1,contaminado,train,lcp_family,true,lcp_*
lcp_aug_0089.jpg,C:\Users\mance\Documents\Steffi\Lichen-Dreams\backend\ia\datasets\liquenes_contaminados\lcp_aug_0089.jpg,1,contaminado,train,lcp_family,true,lcp_*
lcp_aug_0090.jpg,C:\Users\mance\Documents\Steffi\Lichen-Dreams\backend\ia\datasets\liquenes_contaminados\lcp_aug_0090.jpg,1,contaminado,train,lcp_family,true,lcp_*
lcp_aug_0091.jpg,C:\Users\mance\Documents\Steffi\Lichen-Dreams\backend\ia\datasets\liquenes_contaminados\lcp_aug_0091.jpg,1,contaminado,train,lcp_family,true,lcp_*
lcp_aug_0092.jpg,C:\Users\mance\Documents\Steffi\Lichen-Dreams\backend\ia\datasets\liquenes_contaminados\lcp_aug_0092.jpg,1,contaminado,train,lcp_family,true,lcp_*
lcp_aug_0093.jpg,C:\Users\mance\Documents\Steffi\Lichen-Dreams\backend\ia\datasets\liquenes_contaminados\lcp_aug_0093.jpg,1,contaminado,train,lcp_family,true,lcp_*
lcp_aug_0094.jpg,C:\Users\mance\Documents\Steffi\Lichen-Dreams\backend\ia\datasets\liquenes_contaminados\lcp_aug_0094.jpg,1,contaminado,train,lcp_family,true,lcp_*
lcp_aug_0095.jpg,C:\Users\mance\Documents\Steffi\Lichen-Dreams\backend\ia\datasets\liquenes_contaminados\lcp_aug_0095.jpg,1,contaminado,train,lcp_family,true,lcp_*
lcp_aug_0096.jpg,C:\Users\mance\Documents\Steffi\Lichen-Dreams\backend\ia\datasets\liquenes_contaminados\lcp_aug_0096.jpg,1,contaminado,train,lcp_family,true,lcp_*
lcp_aug_0097.jpg,C:\Users\mance\Documents\Steffi\Lichen-Dreams\backend\ia\datasets\liquenes_contaminados\lcp_aug_0097.jpg,1,contaminado,train,lcp_family,true,lcp_*
lcp_aug_0098.jpg,C:\Users\mance\Documents\Steffi\Lichen-Dreams\backend\ia\datasets\liquenes_contaminados\lcp_aug_0098.jpg,1,contaminado,train,lcp_family,true,lcp_*
lcp_aug_0099.jpg,C:\Users\mance\Documents\Steffi\Lichen-Dreams\backend\ia\datasets\liquenes_contaminados\lcp_aug_0099.jpg,1,contaminado,train,lcp_family,true,lcp_*
lcp_aug_0100.jpg,C:\Users\mance\Documents\Steffi\Lichen-Dreams\backend\ia\datasets\liquenes_contaminados\lcp_aug_0100.jpg,1,contaminado,train,lcp_family,true,lcp_*
lcp_aug_0101.jpg,C:\Users\mance\Documents\Steffi\Lichen-Dreams\backend\ia\datasets\liquenes_contaminados\lcp_aug_0101.jpg,1,contaminado,train,lcp_family,true,lcp_*
lcp_aug_0102.jpg,C:\Users\mance\Documents\Steffi\Lichen-Dreams\backend\ia\datasets\liquenes_contaminados\lcp_aug_0102.jpg,1,contaminado,train,lcp_family,true,lcp_*
lcp_aug_0103.jpg,C:\Users\mance\Documents\Steffi\Lichen-Dreams\backend\ia\datasets\liquenes_contaminados\lcp_aug_0103.jpg,1,contaminado,train,lcp_family,true,lcp_*
lcp_aug_0104.jpg,C:\Users\mance\Documents\Steffi\Lichen-Dreams\backend\ia\datasets\liquenes_contaminados\lcp_aug_0104.jpg,1,contaminado,train,lcp_family,true,lcp_*
lcp_aug_0105.jpg,C:\Users\mance\Documents\Steffi\Lichen-Dreams\backend\ia\datasets\liquenes_contaminados\lcp_aug_0105.jpg,1,contaminado,train,lcp_family,true,lcp_*
lcp_aug_0106.jpg,C:\Users\mance\Documents\Steffi\Lichen-Dreams\backend\ia\datasets\liquenes_contaminados\lcp_aug_0106.jpg,1,contaminado,train,lcp_family,true,lcp_*
lcp_aug_0107.jpg,C:\Users\mance\Documents\Steffi\Lichen-Dreams\backend\ia\datasets\liquenes_contaminados\lcp_aug_0107.jpg,1,contaminado,train,lcp_family,true,lcp_*
lcp_aug_0108.jpg,C:\Users\mance\Documents\Steffi\Lichen-Dreams\backend\ia\datasets\liquenes_contaminados\lcp_aug_0108.jpg,1,contaminado,train,lcp_family,true,lcp_*
lcp_aug_0109.jpg,C:\Users\mance\Documents\Steffi\Lichen-Dreams\backend\ia\datasets\liquenes_contaminados\lcp_aug_0109.jpg,1,contaminado,train,lcp_family,true,lcp_*
lcp_aug_0110.jpg,C:\Users\mance\Documents\Steffi\Lichen-Dreams\backend\ia\datasets\liquenes_contaminados\lcp_aug_0110.jpg,1,contaminado,train,lcp_family,true,lcp_*
lcp_aug_0111.jpg,C:\Users\mance\Documents\Steffi\Lichen-Dreams\backend\ia\datasets\liquenes_contaminados\lcp_aug_0111.jpg,1,contaminado,train,lcp_family,true,lcp_*
lcp_aug_0112.jpg,C:\Users\mance\Documents\Steffi\Lichen-Dreams\backend\ia\datasets\liquenes_contaminados\lcp_aug_0112.jpg,1,contaminado,train,lcp_family,true,lcp_*
lcp_aug_0113.jpg,C:\Users\mance\Documents\Steffi\Lichen-Dreams\backend\ia\datasets\liquenes_contaminados\lcp_aug_0113.jpg,1,contaminado,train,lcp_family,true,lcp_*
lcp_aug_0114.jpg,C:\Users\mance\Documents\Steffi\Lichen-Dreams\backend\ia\datasets\liquenes_contaminados\lcp_aug_0114.jpg,1,contaminado,train,lcp_family,true,lcp_*
lcp_aug_0115.jpg,C:\Users\mance\Documents\Steffi\Lichen-Dreams\backend\ia\datasets\liquenes_contaminados\lcp_aug_0115.jpg,1,contaminado,train,lcp_family,true,lcp_*
lcp_aug_0116.jpg,C:\Users\mance\Documents\Steffi\Lichen-Dreams\backend\ia\datasets\liquenes_contaminados\lcp_aug_0116.jpg,1,contaminado,train,lcp_family,true,lcp_*
lcp_aug_0117.jpg,C:\Users\mance\Documents\Steffi\Lichen-Dreams\backend\ia\datasets\liquenes_contaminados\lcp_aug_0117.jpg,1,contaminado,train,lcp_family,true,lcp_*
lcp_aug_0118.jpg,C:\Users\mance\Documents\Steffi\Lichen-Dreams\backend\ia\datasets\liquenes_contaminados\lcp_aug_0118.jpg,1,contaminado,train,lcp_family,true,lcp_*
lcp_aug_0119.jpg,C:\Users\mance\Documents\Steffi\Lichen-Dreams\backend\ia\datasets\liquenes_contaminados\lcp_aug_0119.jpg,1,contaminado,train,lcp_family,true,lcp_*
lcp_aug_0120.jpg,C:\Users\mance\Documents\Steffi\Lichen-Dreams\backend\ia\datasets\liquenes_contaminados\lcp_aug_0120.jpg,1,contaminado,train,lcp_family,true,lcp_*
lcp_aug_0121.jpg,C:\Users\mance\Documents\Steffi\Lichen-Dreams\backend\ia\datasets\liquenes_contaminados\lcp_aug_0121.jpg,1,contaminado,train,lcp_family,true,lcp_*
lcp_aug_0122.jpg,C:\Users\mance\Documents\Steffi\Lichen-Dreams\backend\ia\datasets\liquenes_contaminados\lcp_aug_0122.jpg,1,contaminado,train,lcp_family,true,lcp_*
lcp_aug_0123.jpg,C:\Users\mance\Documents\Steffi\Lichen-Dreams\backend\ia\datasets\liquenes_contaminados\lcp_aug_0123.jpg,1,contaminado,train,lcp_family,true,lcp_*
lcp_aug_0124.jpg,C:\Users\mance\Documents\Steffi\Lichen-Dreams\backend\ia\datasets\liquenes_contaminados\lcp_aug_0124.jpg,1,contaminado,train,lcp_family,true,lcp_*
lcp_aug_0125.jpg,C:\Users\mance\Documents\Steffi\Lichen-Dreams\backend\ia\datasets\liquenes_contaminados\lcp_aug_0125.jpg,1,contaminado,train,lcp_family,true,lcp_*
lcp_aug_0126.jpg,C:\Users\mance\Documents\Steffi\Lichen-Dreams\backend\ia\datasets\liquenes_contaminados\lcp_aug_0126.jpg,1,contaminado,train,lcp_family,true,lcp_*
lcp_aug_0127.jpg,C:\Users\mance\Documents\Steffi\Lichen-Dreams\backend\ia\datasets\liquenes_contaminados\lcp_aug_0127.jpg,1,contaminado,train,lcp_family,true,lcp_*
lcp_aug_0128.jpg,C:\Users\mance\Documents\Steffi\Lichen-Dreams\backend\ia\datasets\liquenes_contaminados\lcp_aug_0128.jpg,1,contaminado,train,lcp_family,true,lcp_*
lcp_aug_0129.jpg,C:\Users\mance\Documents\Steffi\Lichen-Dreams\backend\ia\datasets\liquenes_contaminados\lcp_aug_0129.jpg,1,contaminado,train,lcp_family,true,lcp_*
lcp_aug_0130.jpg,C:\Users\mance\Documents\Steffi\Lichen-Dreams\backend\ia\datasets\liquenes_contaminados\lcp_aug_0130.jpg,1,contaminado,train,lcp_family,true,lcp_*
lcp_aug_0131.jpg,C:\Users\mance\Documents\Steffi\Lichen-Dreams\backend\ia\datasets\liquenes_contaminados\lcp_aug_0131.jpg,1,contaminado,train,lcp_family,true,lcp_*
lcp_aug_0132.jpg,C:\Users\mance\Documents\Steffi\Lichen-Dreams\backend\ia\datasets\liquenes_contaminados\lcp_aug_0132.jpg,1,contaminado,train,lcp_family,true,lcp_*
lcp_aug_0133.jpg,C:\Users\mance\Documents\Steffi\Lichen-Dreams\backend\ia\datasets\liquenes_contaminados\lcp_aug_0133.jpg,1,contaminado,train,lcp_family,true,lcp_*
lcp_aug_0134.jpg,C:\Users\mance\Documents\Steffi\Lichen-Dreams\backend\ia\datasets\liquenes_contaminados\lcp_aug_0134.jpg,1,contaminado,train,lcp_family,true,lcp_*
lcp_aug_0135.jpg,C:\Users\mance\Documents\Steffi\Lichen-Dreams\backend\ia\datasets\liquenes_contaminados\lcp_aug_0135.jpg,1,contaminado,train,lcp_family,true,lcp_*
lcp_aug_0136.jpg,C:\Users\mance\Documents\Steffi\Lichen-Dreams\backend\ia\datasets\liquenes_contaminados\lcp_aug_0136.jpg,1,contaminado,train,lcp_family,true,lcp_*
lcp_aug_0137.jpg,C:\Users\mance\Documents\Steffi\Lichen-Dreams\backend\ia\datasets\liquenes_contaminados\lcp_aug_0137.jpg,1,contaminado,train,lcp_family,true,lcp_*
lcp_aug_0138.jpg,C:\Users\mance\Documents\Steffi\Lichen-Dreams\backend\ia\datasets\liquenes_contaminados\lcp_aug_0138.jpg,1,contaminado,train,lcp_family,true,lcp_*
lcp_aug_0139.jpg,C:\Users\mance\Documents\Steffi\Lichen-Dreams\backend\ia\datasets\liquenes_contaminados\lcp_aug_0139.jpg,1,contaminado,train,lcp_family,true,lcp_*
lcp_aug_0140.jpg,C:\Users\mance\Documents\Steffi\Lichen-Dreams\backend\ia\datasets\liquenes_contaminados\lcp_aug_0140.jpg,1,contaminado,train,lcp_family,true,lcp_*
lcp_aug_0141.jpg,C:\Users\mance\Documents\Steffi\Lichen-Dreams\backend\ia\datasets\liquenes_contaminados\lcp_aug_0141.jpg,1,contaminado,train,lcp_family,true,lcp_*
lcp_aug_0142.jpg,C:\Users\mance\Documents\Steffi\Lichen-Dreams\backend\ia\datasets\liquenes_contaminados\lcp_aug_0142.jpg,1,contaminado,train,lcp_family,true,lcp_*
lcp_aug_0143.jpg,C:\Users\mance\Documents\Steffi\Lichen-Dreams\backend\ia\datasets\liquenes_contaminados\lcp_aug_0143.jpg,1,contaminado,train,lcp_family,true,lcp_*
lcp_aug_0144.jpg,C:\Users\mance\Documents\Steffi\Lichen-Dreams\backend\ia\datasets\liquenes_contaminados\lcp_aug_0144.jpg,1,contaminado,train,lcp_family,true,lcp_*
lcp_aug_0145.jpg,C:\Users\mance\Documents\Steffi\Lichen-Dreams\backend\ia\datasets\liquenes_contaminados\lcp_aug_0145.jpg,1,contaminado,train,lcp_family,true,lcp_*
lcp_aug_0146.jpg,C:\Users\mance\Documents\Steffi\Lichen-Dreams\backend\ia\datasets\liquenes_contaminados\lcp_aug_0146.jpg,1,contaminado,train,lcp_family,true,lcp_*
lcp_aug_0147.jpg,C:\Users\mance\Documents\Steffi\Lichen-Dreams\backend\ia\datasets\liquenes_contaminados\lcp_aug_0147.jpg,1,contaminado,train,lcp_family,true,lcp_*
lcp_aug_0148.jpg,C:\Users\mance\Documents\Steffi\Lichen-Dreams\backend\ia\datasets\liquenes_contaminados\lcp_aug_0148.jpg,1,contaminado,train,lcp_family,true,lcp_*
lcp_aug_0149.jpg,C:\Users\mance\Documents\Steffi\Lichen-Dreams\backend\ia\datasets\liquenes_contaminados\lcp_aug_0149.jpg,1,contaminado,train,lcp_family,true,lcp_*
lcp_aug_0150.jpg,C:\Users\mance\Documents\Steffi\Lichen-Dreams\backend\ia\datasets\liquenes_contaminados\lcp_aug_0150.jpg,1,contaminado,train,lcp_family,true,lcp_*
lcp_aug_0151.jpg,C:\Users\mance\Documents\Steffi\Lichen-Dreams\backend\ia\datasets\liquenes_contaminados\lcp_aug_0151.jpg,1,contaminado,train,lcp_family,true,lcp_*
lcp_aug_0152.jpg,C:\Users\mance\Documents\Steffi\Lichen-Dreams\backend\ia\datasets\liquenes_contaminados\lcp_aug_0152.jpg,1,contaminado,train,lcp_family,true,lcp_*
lcp_aug_0153.jpg,C:\Users\mance\Documents\Steffi\Lichen-Dreams\backend\ia\datasets\liquenes_contaminados\lcp_aug_0153.jpg,1,contaminado,train,lcp_family,true,lcp_*
lcp_aug_0154.jpg,C:\Users\mance\Documents\Steffi\Lichen-Dreams\backend\ia\datasets\liquenes_contaminados\lcp_aug_0154.jpg,1,contaminado,train,lcp_family,true,lcp_*
lcp_aug_0155.jpg,C:\Users\mance\Documents\Steffi\Lichen-Dreams\backend\ia\datasets\liquenes_contaminados\lcp_aug_0155.jpg,1,contaminado,train,lcp_family,true,lcp_*
lcp_aug_0156.jpg,C:\Users\mance\Documents\Steffi\Lichen-Dreams\backend\ia\datasets\liquenes_contaminados\lcp_aug_0156.jpg,1,contaminado,train,lcp_family,true,lcp_*
lcp_aug_0157.jpg,C:\Users\mance\Documents\Steffi\Lichen-Dreams\backend\ia\datasets\liquenes_contaminados\lcp_aug_0157.jpg,1,contaminado,train,lcp_family,true,lcp_*
lcp_aug_0158.jpg,C:\Users\mance\Documents\Steffi\Lichen-Dreams\backend\ia\datasets\liquenes_contaminados\lcp_aug_0158.jpg,1,contaminado,train,lcp_family,true,lcp_*
lcp_aug_0159.jpg,C:\Users\mance\Documents\Steffi\Lichen-Dreams\backend\ia\datasets\liquenes_contaminados\lcp_aug_0159.jpg,1,contaminado,train,lcp_family,true,lcp_*
lcp_aug_0160.jpg,C:\Users\mance\Documents\Steffi\Lichen-Dreams\backend\ia\datasets\liquenes_contaminados\lcp_aug_0160.jpg,1,contaminado,train,lcp_family,true,lcp_*
ag_0001.jpg,C:\Users\mance\Documents\Steffi\Lichen-Dreams\backend\ia\datasets\liquenes_desconocidos\agua\ag_0001.jpg,2,desconocido,train,agua,false,ag_0001.jpg
ag_0002.jpg,C:\Users\mance\Documents\Steffi\Lichen-Dreams\backend\ia\datasets\liquenes_desconocidos\agua\ag_0002.jpg,2,desconocido,train,agua,false,ag_0002.jpg
ag_0003.jpg,C:\Users\mance\Documents\Steffi\Lichen-Dreams\backend\ia\datasets\liquenes_desconocidos\agua\ag_0003.jpg,2,desconocido,train,agua,false,ag_0003.jpg
ag_0004.jpg,C:\Users\mance\Documents\Steffi\Lichen-Dreams\backend\ia\datasets\liquenes_desconocidos\agua\ag_0004.jpg,2,desconocido,train,agua,false,ag_0004.jpg
ag_0005.jpg,C:\Users\mance\Documents\Steffi\Lichen-Dreams\backend\ia\datasets\liquenes_desconocidos\agua\ag_0005.jpg,2,desconocido,train,agua,false,ag_0005.jpg
ag_0006.jpg,C:\Users\mance\Documents\Steffi\Lichen-Dreams\backend\ia\datasets\liquenes_desconocidos\agua\ag_0006.jpg,2,desconocido,train,agua,false,ag_0006.jpg
ag_0007.jpg,C:\Users\mance\Documents\Steffi\Lichen-Dreams\backend\ia\datasets\liquenes_desconocidos\agua\ag_0007.jpg,2,desconocido,train,agua,false,ag_0007.jpg
ag_0008.jpg,C:\Users\mance\Documents\Steffi\Lichen-Dreams\backend\ia\datasets\liquenes_desconocidos\agua\ag_0008.jpg,2,desconocido,train,agua,false,ag_0008.jpg
ag_0009.jpg,C:\Users\mance\Documents\Steffi\Lichen-Dreams\backend\ia\datasets\liquenes_desconocidos\agua\ag_0009.jpg,2,desconocido,train,agua,false,ag_0009.jpg
ag_0010.jpg,C:\Users\mance\Documents\Steffi\Lichen-Dreams\backend\ia\datasets\liquenes_desconocidos\agua\ag_0010.jpg,2,desconocido,train,agua,false,ag_0010.jpg
ag_0011.jpg,C:\Users\mance\Documents\Steffi\Lichen-Dreams\backend\ia\datasets\liquenes_desconocidos\agua\ag_0011.jpg,2,desconocido,train,agua,false,ag_0011.jpg
ag_0012.jpg,C:\Users\mance\Documents\Steffi\Lichen-Dreams\backend\ia\datasets\liquenes_desconocidos\agua\ag_0012.jpg,2,desconocido,train,agua,false,ag_0012.jpg
ag_0013.jpg,C:\Users\mance\Documents\Steffi\Lichen-Dreams\backend\ia\datasets\liquenes_desconocidos\agua\ag_0013.jpg,2,desconocido,train,agua,false,ag_0013.jpg
ag_0014.jpg,C:\Users\mance\Documents\Steffi\Lichen-Dreams\backend\ia\datasets\liquenes_desconocidos\agua\ag_0014.jpg,2,desconocido,train,agua,false,ag_0014.jpg
ag_0015.jpg,C:\Users\mance\Documents\Steffi\Lichen-Dreams\backend\ia\datasets\liquenes_desconocidos\agua\ag_0015.jpg,2,desconocido,train,agua,false,ag_0015.jpg
ag_0016.jpg,C:\Users\mance\Documents\Steffi\Lichen-Dreams\backend\ia\datasets\liquenes_desconocidos\agua\ag_0016.jpg,2,desconocido,train,agua,false,ag_0016.jpg
ag_0017.jpg,C:\Users\mance\Documents\Steffi\Lichen-Dreams\backend\ia\datasets\liquenes_desconocidos\agua\ag_0017.jpg,2,desconocido,train,agua,false,ag_0017.jpg
ag_0018.jpg,C:\Users\mance\Documents\Steffi\Lichen-Dreams\backend\ia\datasets\liquenes_desconocidos\agua\ag_0018.jpg,2,desconocido,train,agua,false,ag_0018.jpg
ag_0019.jpg,C:\Users\mance\Documents\Steffi\Lichen-Dreams\backend\ia\datasets\liquenes_desconocidos\agua\ag_0019.jpg,2,desconocido,train,agua,false,ag_0019.jpg
ag_0020.jpg,C:\Users\mance\Documents\Steffi\Lichen-Dreams\backend\ia\datasets\liquenes_desconocidos\agua\ag_0020.jpg,2,desconocido,train,agua,false,ag_0020.jpg
ag_0021.jpg,C:\Users\mance\Documents\Steffi\Lichen-Dreams\backend\ia\datasets\liquenes_desconocidos\agua\ag_0021.jpg,2,desconocido,train,agua,false,ag_0021.jpg
ag_0022.jpg,C:\Users\mance\Documents\Steffi\Lichen-Dreams\backend\ia\datasets\liquenes_desconocidos\agua\ag_0022.jpg,2,desconocido,train,agua,false,ag_0022.jpg
ag_0023.jpg,C:\Users\mance\Documents\Steffi\Lichen-Dreams\backend\ia\datasets\liquenes_desconocidos\agua\ag_0023.jpg,2,desconocido,train,agua,false,ag_0023.jpg
ag_0024.jpg,C:\Users\mance\Documents\Steffi\Lichen-Dreams\backend\ia\datasets\liquenes_desconocidos\agua\ag_0024.jpg,2,desconocido,train,agua,false,ag_0024.jpg
ag_0025.jpg,C:\Users\mance\Documents\Steffi\Lichen-Dreams\backend\ia\datasets\liquenes_desconocidos\agua\ag_0025.jpg,2,desconocido,train,agua,false,ag_0025.jpg
ag_0026.jpg,C:\Users\mance\Documents\Steffi\Lichen-Dreams\backend\ia\datasets\liquenes_desconocidos\agua\ag_0026.jpg,2,desconocido,train,agua,false,ag_0026.jpg
ag_0027.jpg,C:\Users\mance\Documents\Steffi\Lichen-Dreams\backend\ia\datasets\liquenes_desconocidos\agua\ag_0027.jpg,2,desconocido,train,agua,false,ag_0027.jpg
ag_0028.jpg,C:\Users\mance\Documents\Steffi\Lichen-Dreams\backend\ia\datasets\liquenes_desconocidos\agua\ag_0028.jpg,2,desconocido,train,agua,false,ag_0028.jpg
ag_0029.jpg,C:\Users\mance\Documents\Steffi\Lichen-Dreams\backend\ia\datasets\liquenes_desconocidos\agua\ag_0029.jpg,2,desconocido,train,agua,false,ag_0029.jpg
ag_0030.jpg,C:\Users\mance\Documents\Steffi\Lichen-Dreams\backend\ia\datasets\liquenes_desconocidos\agua\ag_0030.jpg,2,desconocido,train,agua,false,ag_0030.jpg
ag_0031.jpg,C:\Users\mance\Documents\Steffi\Lichen-Dreams\backend\ia\datasets\liquenes_desconocidos\agua\ag_0031.jpg,2,desconocido,train,agua,false,ag_0031.jpg
ag_0032.jpg,C:\Users\mance\Documents\Steffi\Lichen-Dreams\backend\ia\datasets\liquenes_desconocidos\agua\ag_0032.jpg,2,desconocido,train,agua,false,ag_0032.jpg
ag_0033.jpg,C:\Users\mance\Documents\Steffi\Lichen-Dreams\backend\ia\datasets\liquenes_desconocidos\agua\ag_0033.jpg,2,desconocido,train,agua,false,ag_0033.jpg
ag_0034.jpg,C:\Users\mance\Documents\Steffi\Lichen-Dreams\backend\ia\datasets\liquenes_desconocidos\agua\ag_0034.jpg,2,desconocido,train,agua,false,ag_0034.jpg
ag_0035.jpg,C:\Users\mance\Documents\Steffi\Lichen-Dreams\backend\ia\datasets\liquenes_desconocidos\agua\ag_0035.jpg,2,desconocido,train,agua,false,ag_0035.jpg
ag_0036.jpg,C:\Users\mance\Documents\Steffi\Lichen-Dreams\backend\ia\datasets\liquenes_desconocidos\agua\ag_0036.jpg,2,desconocido,train,agua,false,ag_0036.jpg
ag_0037.jpg,C:\Users\mance\Documents\Steffi\Lichen-Dreams\backend\ia\datasets\liquenes_desconocidos\agua\ag_0037.jpg,2,desconocido,train,agua,false,ag_0037.jpg
ag_0038.jpg,C:\Users\mance\Documents\Steffi\Lichen-Dreams\backend\ia\datasets\liquenes_desconocidos\agua\ag_0038.jpg,2,desconocido,train,agua,false,ag_0038.jpg
ag_0039.jpg,C:\Users\mance\Documents\Steffi\Lichen-Dreams\backend\ia\datasets\liquenes_desconocidos\agua\ag_0039.jpg,2,desconocido,train,agua,false,ag_0039.jpg
ag_0040.jpg,C:\Users\mance\Documents\Steffi\Lichen-Dreams\backend\ia\datasets\liquenes_desconocidos\agua\ag_0040.jpg,2,desconocido,train,agua,false,ag_0040.jpg
ag_0041.jpg,C:\Users\mance\Documents\Steffi\Lichen-Dreams\backend\ia\datasets\liquenes_desconocidos\agua\ag_0041.jpg,2,desconocido,train,agua,false,ag_0041.jpg
ag_0042.jpg,C:\Users\mance\Documents\Steffi\Lichen-Dreams\backend\ia\datasets\liquenes_desconocidos\agua\ag_0042.jpg,2,desconocido,train,agua,false,ag_0042.jpg
ag_0043.jpg,C:\Users\mance\Documents\Steffi\Lichen-Dreams\backend\ia\datasets\liquenes_desconocidos\agua\ag_0043.jpg,2,desconocido,train,agua,false,ag_0043.jpg
ag_0044.jpg,C:\Users\mance\Documents\Steffi\Lichen-Dreams\backend\ia\datasets\liquenes_desconocidos\agua\ag_0044.jpg,2,desconocido,train,agua,false,ag_0044.jpg
an_0001.jpg,C:\Users\mance\Documents\Steffi\Lichen-Dreams\backend\ia\datasets\liquenes_desconocidos\animales\an_0001.jpg,2,desconocido,train,animales,false,an_0001.jpg
an_0002.jpg,C:\Users\mance\Documents\Steffi\Lichen-Dreams\backend\ia\datasets\liquenes_desconocidos\animales\an_0002.jpg,2,desconocido,train,animales,false,an_0002.jpg
an_0003.jpg,C:\Users\mance\Documents\Steffi\Lichen-Dreams\backend\ia\datasets\liquenes_desconocidos\animales\an_0003.jpg,2,desconocido,train,animales,false,an_0003.jpg
an_0004.jpg,C:\Users\mance\Documents\Steffi\Lichen-Dreams\backend\ia\datasets\liquenes_desconocidos\animales\an_0004.jpg,2,desconocido,train,animales,false,an_0004.jpg
an_0005.jpg,C:\Users\mance\Documents\Steffi\Lichen-Dreams\backend\ia\datasets\liquenes_desconocidos\animales\an_0005.jpg,2,desconocido,train,animales,false,an_0005.jpg
an_0006.jpg,C:\Users\mance\Documents\Steffi\Lichen-Dreams\backend\ia\datasets\liquenes_desconocidos\animales\an_0006.jpg,2,desconocido,train,animales,false,an_0006.jpg
an_0007.jpg,C:\Users\mance\Documents\Steffi\Lichen-Dreams\backend\ia\datasets\liquenes_desconocidos\animales\an_0007.jpg,2,desconocido,train,animales,false,an_0007.jpg
an_0008.jpg,C:\Users\mance\Documents\Steffi\Lichen-Dreams\backend\ia\datasets\liquenes_desconocidos\animales\an_0008.jpg,2,desconocido,train,animales,false,an_0008.jpg
an_0009.jpg,C:\Users\mance\Documents\Steffi\Lichen-Dreams\backend\ia\datasets\liquenes_desconocidos\animales\an_0009.jpg,2,desconocido,train,animales,false,an_0009.jpg
an_0010.jpg,C:\Users\mance\Documents\Steffi\Lichen-Dreams\backend\ia\datasets\liquenes_desconocidos\animales\an_0010.jpg,2,desconocido,train,animales,false,an_0010.jpg
an_0011.jpg,C:\Users\mance\Documents\Steffi\Lichen-Dreams\backend\ia\datasets\liquenes_desconocidos\animales\an_0011.jpg,2,desconocido,train,animales,false,an_0011.jpg
an_0012.jpg,C:\Users\mance\Documents\Steffi\Lichen-Dreams\backend\ia\datasets\liquenes_desconocidos\animales\an_0012.jpg,2,desconocido,train,animales,false,an_0012.jpg
an_0013.jpg,C:\Users\mance\Documents\Steffi\Lichen-Dreams\backend\ia\datasets\liquenes_desconocidos\animales\an_0013.jpg,2,desconocido,train,animales,false,an_0013.jpg
an_0014.jpg,C:\Users\mance\Documents\Steffi\Lichen-Dreams\backend\ia\datasets\liquenes_desconocidos\animales\an_0014.jpg,2,desconocido,train,animales,false,an_0014.jpg
an_0015.jpg,C:\Users\mance\Documents\Steffi\Lichen-Dreams\backend\ia\datasets\liquenes_desconocidos\animales\an_0015.jpg,2,desconocido,train,animales,false,an_0015.jpg
an_0016.jpg,C:\Users\mance\Documents\Steffi\Lichen-Dreams\backend\ia\datasets\liquenes_desconocidos\animales\an_0016.jpg,2,desconocido,train,animales,false,an_0016.jpg
an_0017.jpg,C:\Users\mance\Documents\Steffi\Lichen-Dreams\backend\ia\datasets\liquenes_desconocidos\animales\an_0017.jpg,2,desconocido,train,animales,false,an_0017.jpg
an_0018.jpg,C:\Users\mance\Documents\Steffi\Lichen-Dreams\backend\ia\datasets\liquenes_desconocidos\animales\an_0018.jpg,2,desconocido,train,animales,false,an_0018.jpg
an_0019.jpg,C:\Users\mance\Documents\Steffi\Lichen-Dreams\backend\ia\datasets\liquenes_desconocidos\animales\an_0019.jpg,2,desconocido,train,animales,false,an_0019.jpg
an_0020.jpg,C:\Users\mance\Documents\Steffi\Lichen-Dreams\backend\ia\datasets\liquenes_desconocidos\animales\an_0020.jpg,2,desconocido,train,animales,false,an_0020.jpg
an_0021.jpg,C:\Users\mance\Documents\Steffi\Lichen-Dreams\backend\ia\datasets\liquenes_desconocidos\animales\an_0021.jpg,2,desconocido,train,animales,false,an_0021.jpg
an_0022.jpg,C:\Users\mance\Documents\Steffi\Lichen-Dreams\backend\ia\datasets\liquenes_desconocidos\animales\an_0022.jpg,2,desconocido,train,animales,false,an_0022.jpg
an_0023.jpg,C:\Users\mance\Documents\Steffi\Lichen-Dreams\backend\ia\datasets\liquenes_desconocidos\animales\an_0023.jpg,2,desconocido,train,animales,false,an_0023.jpg
an_0024.jpg,C:\Users\mance\Documents\Steffi\Lichen-Dreams\backend\ia\datasets\liquenes_desconocidos\animales\an_0024.jpg,2,desconocido,train,animales,false,an_0024.jpg
an_0025.jpeg,C:\Users\mance\Documents\Steffi\Lichen-Dreams\backend\ia\datasets\liquenes_desconocidos\animales\an_0025.jpeg,2,desconocido,train,animales,false,an_0025.jpeg
an_0026.jpeg,C:\Users\mance\Documents\Steffi\Lichen-Dreams\backend\ia\datasets\liquenes_desconocidos\animales\an_0026.jpeg,2,desconocido,train,animales,false,an_0026.jpeg
an_0027.jpeg,C:\Users\mance\Documents\Steffi\Lichen-Dreams\backend\ia\datasets\liquenes_desconocidos\animales\an_0027.jpeg,2,desconocido,train,animales,false,an_0027.jpeg
an_0028.jpg,C:\Users\mance\Documents\Steffi\Lichen-Dreams\backend\ia\datasets\liquenes_desconocidos\animales\an_0028.jpg,2,desconocido,train,animales,false,an_0028.jpg
an_0029.jpeg,C:\Users\mance\Documents\Steffi\Lichen-Dreams\backend\ia\datasets\liquenes_desconocidos\animales\an_0029.jpeg,2,desconocido,train,animales,false,an_0029.jpeg
an_0030.jpeg,C:\Users\mance\Documents\Steffi\Lichen-Dreams\backend\ia\datasets\liquenes_desconocidos\animales\an_0030.jpeg,2,desconocido,train,animales,false,an_0030.jpeg
an_0031.jpeg,C:\Users\mance\Documents\Steffi\Lichen-Dreams\backend\ia\datasets\liquenes_desconocidos\animales\an_0031.jpeg,2,desconocido,train,animales,false,an_0031.jpeg
an_0032.jpeg,C:\Users\mance\Documents\Steffi\Lichen-Dreams\backend\ia\datasets\liquenes_desconocidos\animales\an_0032.jpeg,2,desconocido,train,animales,false,an_0032.jpeg
an_0033.jpeg,C:\Users\mance\Documents\Steffi\Lichen-Dreams\backend\ia\datasets\liquenes_desconocidos\animales\an_0033.jpeg,2,desconocido,train,animales,false,an_0033.jpeg
an_0034.jpg,C:\Users\mance\Documents\Steffi\Lichen-Dreams\backend\ia\datasets\liquenes_desconocidos\animales\an_0034.jpg,2,desconocido,train,animales,false,an_0034.jpg
an_0035.jpg,C:\Users\mance\Documents\Steffi\Lichen-Dreams\backend\ia\datasets\liquenes_desconocidos\animales\an_0035.jpg,2,desconocido,train,animales,false,an_0035.jpg
an_0036.jpg,C:\Users\mance\Documents\Steffi\Lichen-Dreams\backend\ia\datasets\liquenes_desconocidos\animales\an_0036.jpg,2,desconocido,train,animales,false,an_0036.jpg
an_0037.webp,C:\Users\mance\Documents\Steffi\Lichen-Dreams\backend\ia\datasets\liquenes_desconocidos\animales\an_0037.webp,2,desconocido,train,animales,false,an_0037.webp
an_0038.jpg,C:\Users\mance\Documents\Steffi\Lichen-Dreams\backend\ia\datasets\liquenes_desconocidos\animales\an_0038.jpg,2,desconocido,train,animales,false,an_0038.jpg
an_0039.jpeg,C:\Users\mance\Documents\Steffi\Lichen-Dreams\backend\ia\datasets\liquenes_desconocidos\animales\an_0039.jpeg,2,desconocido,train,animales,false,an_0039.jpeg
an_0040.jpeg,C:\Users\mance\Documents\Steffi\Lichen-Dreams\backend\ia\datasets\liquenes_desconocidos\animales\an_0040.jpeg,2,desconocido,train,animales,false,an_0040.jpeg
an_0041.jpeg,C:\Users\mance\Documents\Steffi\Lichen-Dreams\backend\ia\datasets\liquenes_desconocidos\animales\an_0041.jpeg,2,desconocido,train,animales,false,an_0041.jpeg
an_0042.jpeg,C:\Users\mance\Documents\Steffi\Lichen-Dreams\backend\ia\datasets\liquenes_desconocidos\animales\an_0042.jpeg,2,desconocido,train,animales,false,an_0042.jpeg
an_0043.jpeg,C:\Users\mance\Documents\Steffi\Lichen-Dreams\backend\ia\datasets\liquenes_desconocidos\animales\an_0043.jpeg,2,desconocido,train,animales,false,an_0043.jpeg
an_0044.jpeg,C:\Users\mance\Documents\Steffi\Lichen-Dreams\backend\ia\datasets\liquenes_desconocidos\animales\an_0044.jpeg,2,desconocido,train,animales,false,an_0044.jpeg
an_0045.jpeg,C:\Users\mance\Documents\Steffi\Lichen-Dreams\backend\ia\datasets\liquenes_desconocidos\animales\an_0045.jpeg,2,desconocido,train,animales,false,an_0045.jpeg
an_0046.jpeg,C:\Users\mance\Documents\Steffi\Lichen-Dreams\backend\ia\datasets\liquenes_desconocidos\animales\an_0046.jpeg,2,desconocido,train,animales,false,an_0046.jpeg
an_0047.jpeg,C:\Users\mance\Documents\Steffi\Lichen-Dreams\backend\ia\datasets\liquenes_desconocidos\animales\an_0047.jpeg,2,desconocido,train,animales,false,an_0047.jpeg
an_0048.jpeg,C:\Users\mance\Documents\Steffi\Lichen-Dreams\backend\ia\datasets\liquenes_desconocidos\animales\an_0048.jpeg,2,desconocido,train,animales,false,an_0048.jpeg
an_0049.jpeg,C:\Users\mance\Documents\Steffi\Lichen-Dreams\backend\ia\datasets\liquenes_desconocidos\animales\an_0049.jpeg,2,desconocido,train,animales,false,an_0049.jpeg
an_0050.jpeg,C:\Users\mance\Documents\Steffi\Lichen-Dreams\backend\ia\datasets\liquenes_desconocidos\animales\an_0050.jpeg,2,desconocido,train,animales,false,an_0050.jpeg
an_0051.jpeg,C:\Users\mance\Documents\Steffi\Lichen-Dreams\backend\ia\datasets\liquenes_desconocidos\animales\an_0051.jpeg,2,desconocido,train,animales,false,an_0051.jpeg
an_0052.jpeg,C:\Users\mance\Documents\Steffi\Lichen-Dreams\backend\ia\datasets\liquenes_desconocidos\animales\an_0052.jpeg,2,desconocido,train,animales,false,an_0052.jpeg
an_0053.jpg,C:\Users\mance\Documents\Steffi\Lichen-Dreams\backend\ia\datasets\liquenes_desconocidos\animales\an_0053.jpg,2,desconocido,train,animales,false,an_0053.jpg
ar_0001.jpg,C:\Users\mance\Documents\Steffi\Lichen-Dreams\backend\ia\datasets\liquenes_desconocidos\arena\ar_0001.jpg,2,desconocido,train,arena,false,ar_0001.jpg
ar_0002.jpg,C:\Users\mance\Documents\Steffi\Lichen-Dreams\backend\ia\datasets\liquenes_desconocidos\arena\ar_0002.jpg,2,desconocido,train,arena,false,ar_0002.jpg
ar_0003.jpg,C:\Users\mance\Documents\Steffi\Lichen-Dreams\backend\ia\datasets\liquenes_desconocidos\arena\ar_0003.jpg,2,desconocido,train,arena,false,ar_0003.jpg
ar_0004.jpg,C:\Users\mance\Documents\Steffi\Lichen-Dreams\backend\ia\datasets\liquenes_desconocidos\arena\ar_0004.jpg,2,desconocido,train,arena,false,ar_0004.jpg
ar_0005.jpg,C:\Users\mance\Documents\Steffi\Lichen-Dreams\backend\ia\datasets\liquenes_desconocidos\arena\ar_0005.jpg,2,desconocido,train,arena,false,ar_0005.jpg
ar_0006.jpg,C:\Users\mance\Documents\Steffi\Lichen-Dreams\backend\ia\datasets\liquenes_desconocidos\arena\ar_0006.jpg,2,desconocido,train,arena,false,ar_0006.jpg
ar_0007.jpg,C:\Users\mance\Documents\Steffi\Lichen-Dreams\backend\ia\datasets\liquenes_desconocidos\arena\ar_0007.jpg,2,desconocido,train,arena,false,ar_0007.jpg
ar_0008.jpg,C:\Users\mance\Documents\Steffi\Lichen-Dreams\backend\ia\datasets\liquenes_desconocidos\arena\ar_0008.jpg,2,desconocido,train,arena,false,ar_0008.jpg
ar_0009.jpg,C:\Users\mance\Documents\Steffi\Lichen-Dreams\backend\ia\datasets\liquenes_desconocidos\arena\ar_0009.jpg,2,desconocido,train,arena,false,ar_0009.jpg
ar_0010.jpg,C:\Users\mance\Documents\Steffi\Lichen-Dreams\backend\ia\datasets\liquenes_desconocidos\arena\ar_0010.jpg,2,desconocido,train,arena,false,ar_0010.jpg
ar_0011.jpg,C:\Users\mance\Documents\Steffi\Lichen-Dreams\backend\ia\datasets\liquenes_desconocidos\arena\ar_0011.jpg,2,desconocido,train,arena,false,ar_0011.jpg
ar_0012.jpg,C:\Users\mance\Documents\Steffi\Lichen-Dreams\backend\ia\datasets\liquenes_desconocidos\arena\ar_0012.jpg,2,desconocido,train,arena,false,ar_0012.jpg
ar_0013.jpg,C:\Users\mance\Documents\Steffi\Lichen-Dreams\backend\ia\datasets\liquenes_desconocidos\arena\ar_0013.jpg,2,desconocido,train,arena,false,ar_0013.jpg
ar_0014.jpg,C:\Users\mance\Documents\Steffi\Lichen-Dreams\backend\ia\datasets\liquenes_desconocidos\arena\ar_0014.jpg,2,desconocido,train,arena,false,ar_0014.jpg
ar_0015.jpg,C:\Users\mance\Documents\Steffi\Lichen-Dreams\backend\ia\datasets\liquenes_desconocidos\arena\ar_0015.jpg,2,desconocido,train,arena,false,ar_0015.jpg
ar_0016.jpg,C:\Users\mance\Documents\Steffi\Lichen-Dreams\backend\ia\datasets\liquenes_desconocidos\arena\ar_0016.jpg,2,desconocido,train,arena,false,ar_0016.jpg
ar_0017.jpg,C:\Users\mance\Documents\Steffi\Lichen-Dreams\backend\ia\datasets\liquenes_desconocidos\arena\ar_0017.jpg,2,desconocido,train,arena,false,ar_0017.jpg
ar_0018.jpg,C:\Users\mance\Documents\Steffi\Lichen-Dreams\backend\ia\datasets\liquenes_desconocidos\arena\ar_0018.jpg,2,desconocido,train,arena,false,ar_0018.jpg
ar_0019.jpg,C:\Users\mance\Documents\Steffi\Lichen-Dreams\backend\ia\datasets\liquenes_desconocidos\arena\ar_0019.jpg,2,desconocido,train,arena,false,ar_0019.jpg
ar_0020.jpg,C:\Users\mance\Documents\Steffi\Lichen-Dreams\backend\ia\datasets\liquenes_desconocidos\arena\ar_0020.jpg,2,desconocido,train,arena,false,ar_0020.jpg
ar_0021.webp,C:\Users\mance\Documents\Steffi\Lichen-Dreams\backend\ia\datasets\liquenes_desconocidos\arena\ar_0021.webp,2,desconocido,train,arena,false,ar_0021.webp
ar_0022.jpg,C:\Users\mance\Documents\Steffi\Lichen-Dreams\backend\ia\datasets\liquenes_desconocidos\arena\ar_0022.jpg,2,desconocido,train,arena,false,ar_0022.jpg
ar_0023.jpg,C:\Users\mance\Documents\Steffi\Lichen-Dreams\backend\ia\datasets\liquenes_desconocidos\arena\ar_0023.jpg,2,desconocido,train,arena,false,ar_0023.jpg
ar_0024.jpg,C:\Users\mance\Documents\Steffi\Lichen-Dreams\backend\ia\datasets\liquenes_desconocidos\arena\ar_0024.jpg,2,desconocido,train,arena,false,ar_0024.jpg
ar_0025.jpeg,C:\Users\mance\Documents\Steffi\Lichen-Dreams\backend\ia\datasets\liquenes_desconocidos\arena\ar_0025.jpeg,2,desconocido,train,arena,false,ar_0025.jpeg
ar_0026.jpeg,C:\Users\mance\Documents\Steffi\Lichen-Dreams\backend\ia\datasets\liquenes_desconocidos\arena\ar_0026.jpeg,2,desconocido,train,arena,false,ar_0026.jpeg
ar_0027.jpg,C:\Users\mance\Documents\Steffi\Lichen-Dreams\backend\ia\datasets\liquenes_desconocidos\arena\ar_0027.jpg,2,desconocido,train,arena,false,ar_0027.jpg
ba_0001.jpg,C:\Users\mance\Documents\Steffi\Lichen-Dreams\backend\ia\datasets\liquenes_desconocidos\barro\ba_0001.jpg,2,desconocido,train,barro,false,ba_0001.jpg
ba_0002.jpg,C:\Users\mance\Documents\Steffi\Lichen-Dreams\backend\ia\datasets\liquenes_desconocidos\barro\ba_0002.jpg,2,desconocido,train,barro,false,ba_0002.jpg
ba_0003.jpg,C:\Users\mance\Documents\Steffi\Lichen-Dreams\backend\ia\datasets\liquenes_desconocidos\barro\ba_0003.jpg,2,desconocido,train,barro,false,ba_0003.jpg
ba_0004.jpg,C:\Users\mance\Documents\Steffi\Lichen-Dreams\backend\ia\datasets\liquenes_desconocidos\barro\ba_0004.jpg,2,desconocido,train,barro,false,ba_0004.jpg
ba_0005.jpg,C:\Users\mance\Documents\Steffi\Lichen-Dreams\backend\ia\datasets\liquenes_desconocidos\barro\ba_0005.jpg,2,desconocido,train,barro,false,ba_0005.jpg
ba_0006.jpg,C:\Users\mance\Documents\Steffi\Lichen-Dreams\backend\ia\datasets\liquenes_desconocidos\barro\ba_0006.jpg,2,desconocido,train,barro,false,ba_0006.jpg
ba_0007.jpg,C:\Users\mance\Documents\Steffi\Lichen-Dreams\backend\ia\datasets\liquenes_desconocidos\barro\ba_0007.jpg,2,desconocido,train,barro,false,ba_0007.jpg
ba_0008.jpg,C:\Users\mance\Documents\Steffi\Lichen-Dreams\backend\ia\datasets\liquenes_desconocidos\barro\ba_0008.jpg,2,desconocido,train,barro,false,ba_0008.jpg
ba_0009.jpg,C:\Users\mance\Documents\Steffi\Lichen-Dreams\backend\ia\datasets\liquenes_desconocidos\barro\ba_0009.jpg,2,desconocido,train,barro,false,ba_0009.jpg
ba_0010.jpg,C:\Users\mance\Documents\Steffi\Lichen-Dreams\backend\ia\datasets\liquenes_desconocidos\barro\ba_0010.jpg,2,desconocido,train,barro,false,ba_0010.jpg
ba_0011.jpg,C:\Users\mance\Documents\Steffi\Lichen-Dreams\backend\ia\datasets\liquenes_desconocidos\barro\ba_0011.jpg,2,desconocido,train,barro,false,ba_0011.jpg
ba_0012.jpg,C:\Users\mance\Documents\Steffi\Lichen-Dreams\backend\ia\datasets\liquenes_desconocidos\barro\ba_0012.jpg,2,desconocido,train,barro,false,ba_0012.jpg
ba_0013.jpg,C:\Users\mance\Documents\Steffi\Lichen-Dreams\backend\ia\datasets\liquenes_desconocidos\barro\ba_0013.jpg,2,desconocido,train,barro,false,ba_0013.jpg
ba_0014.jpg,C:\Users\mance\Documents\Steffi\Lichen-Dreams\backend\ia\datasets\liquenes_desconocidos\barro\ba_0014.jpg,2,desconocido,train,barro,false,ba_0014.jpg
ba_0015.jpg,C:\Users\mance\Documents\Steffi\Lichen-Dreams\backend\ia\datasets\liquenes_desconocidos\barro\ba_0015.jpg,2,desconocido,train,barro,false,ba_0015.jpg
ba_0016.jpg,C:\Users\mance\Documents\Steffi\Lichen-Dreams\backend\ia\datasets\liquenes_desconocidos\barro\ba_0016.jpg,2,desconocido,train,barro,false,ba_0016.jpg
ba_0017.jpg,C:\Users\mance\Documents\Steffi\Lichen-Dreams\backend\ia\datasets\liquenes_desconocidos\barro\ba_0017.jpg,2,desconocido,train,barro,false,ba_0017.jpg
ba_0018.jpg,C:\Users\mance\Documents\Steffi\Lichen-Dreams\backend\ia\datasets\liquenes_desconocidos\barro\ba_0018.jpg,2,desconocido,train,barro,false,ba_0018.jpg
ba_0019.webp,C:\Users\mance\Documents\Steffi\Lichen-Dreams\backend\ia\datasets\liquenes_desconocidos\barro\ba_0019.webp,2,desconocido,train,barro,false,ba_0019.webp
ba_0020.jpg,C:\Users\mance\Documents\Steffi\Lichen-Dreams\backend\ia\datasets\liquenes_desconocidos\barro\ba_0020.jpg,2,desconocido,train,barro,false,ba_0020.jpg
ca_0001.jpg,C:\Users\mance\Documents\Steffi\Lichen-Dreams\backend\ia\datasets\liquenes_desconocidos\casos_ambiguos\ca_0001.jpg,2,desconocido,train,casos_ambiguos,false,ca_0001.jpg
ca_0002.jpg,C:\Users\mance\Documents\Steffi\Lichen-Dreams\backend\ia\datasets\liquenes_desconocidos\casos_ambiguos\ca_0002.jpg,2,desconocido,train,casos_ambiguos,false,ca_0002.jpg
ca_0003.jpg,C:\Users\mance\Documents\Steffi\Lichen-Dreams\backend\ia\datasets\liquenes_desconocidos\casos_ambiguos\ca_0003.jpg,2,desconocido,train,casos_ambiguos,false,ca_0003.jpg
ca_0004.jpg,C:\Users\mance\Documents\Steffi\Lichen-Dreams\backend\ia\datasets\liquenes_desconocidos\casos_ambiguos\ca_0004.jpg,2,desconocido,train,casos_ambiguos,false,ca_0004.jpg
ca_0005.jpg,C:\Users\mance\Documents\Steffi\Lichen-Dreams\backend\ia\datasets\liquenes_desconocidos\casos_ambiguos\ca_0005.jpg,2,desconocido,train,casos_ambiguos,false,ca_0005.jpg
ca_0006.jpg,C:\Users\mance\Documents\Steffi\Lichen-Dreams\backend\ia\datasets\liquenes_desconocidos\casos_ambiguos\ca_0006.jpg,2,desconocido,train,casos_ambiguos,false,ca_0006.jpg
ca_0007.jpg,C:\Users\mance\Documents\Steffi\Lichen-Dreams\backend\ia\datasets\liquenes_desconocidos\casos_ambiguos\ca_0007.jpg,2,desconocido,train,casos_ambiguos,false,ca_0007.jpg
ca_0008.jpg,C:\Users\mance\Documents\Steffi\Lichen-Dreams\backend\ia\datasets\liquenes_desconocidos\casos_ambiguos\ca_0008.jpg,2,desconocido,train,casos_ambiguos,false,ca_0008.jpg
ca_0009.jpg,C:\Users\mance\Documents\Steffi\Lichen-Dreams\backend\ia\datasets\liquenes_desconocidos\casos_ambiguos\ca_0009.jpg,2,desconocido,train,casos_ambiguos,false,ca_0009.jpg
ca_0010.jpg,C:\Users\mance\Documents\Steffi\Lichen-Dreams\backend\ia\datasets\liquenes_desconocidos\casos_ambiguos\ca_0010.jpg,2,desconocido,train,casos_ambiguos,false,ca_0010.jpg
ca_0011.jpg,C:\Users\mance\Documents\Steffi\Lichen-Dreams\backend\ia\datasets\liquenes_desconocidos\casos_ambiguos\ca_0011.jpg,2,desconocido,train,casos_ambiguos,false,ca_0011.jpg
ca_0012.jpg,C:\Users\mance\Documents\Steffi\Lichen-Dreams\backend\ia\datasets\liquenes_desconocidos\casos_ambiguos\ca_0012.jpg,2,desconocido,train,casos_ambiguos,false,ca_0012.jpg
ca_0013.jpg,C:\Users\mance\Documents\Steffi\Lichen-Dreams\backend\ia\datasets\liquenes_desconocidos\casos_ambiguos\ca_0013.jpg,2,desconocido,train,casos_ambiguos,false,ca_0013.jpg
ca_0014.jpg,C:\Users\mance\Documents\Steffi\Lichen-Dreams\backend\ia\datasets\liquenes_desconocidos\casos_ambiguos\ca_0014.jpg,2,desconocido,train,casos_ambiguos,false,ca_0014.jpg
ca_0015.jpg,C:\Users\mance\Documents\Steffi\Lichen-Dreams\backend\ia\datasets\liquenes_desconocidos\casos_ambiguos\ca_0015.jpg,2,desconocido,train,casos_ambiguos,false,ca_0015.jpg
ca_0016.jpeg,C:\Users\mance\Documents\Steffi\Lichen-Dreams\backend\ia\datasets\liquenes_desconocidos\casos_ambiguos\ca_0016.jpeg,2,desconocido,train,casos_ambiguos,false,ca_0016.jpeg
ca_0017.jpeg,C:\Users\mance\Documents\Steffi\Lichen-Dreams\backend\ia\datasets\liquenes_desconocidos\casos_ambiguos\ca_0017.jpeg,2,desconocido,train,casos_ambiguos,false,ca_0017.jpeg
ca_0018.jpeg,C:\Users\mance\Documents\Steffi\Lichen-Dreams\backend\ia\datasets\liquenes_desconocidos\casos_ambiguos\ca_0018.jpeg,2,desconocido,train,casos_ambiguos,false,ca_0018.jpeg
ca_0019.jpeg,C:\Users\mance\Documents\Steffi\Lichen-Dreams\backend\ia\datasets\liquenes_desconocidos\casos_ambiguos\ca_0019.jpeg,2,desconocido,train,casos_ambiguos,false,ca_0019.jpeg
ca_0020.jpeg,C:\Users\mance\Documents\Steffi\Lichen-Dreams\backend\ia\datasets\liquenes_desconocidos\casos_ambiguos\ca_0020.jpeg,2,desconocido,train,casos_ambiguos,false,ca_0020.jpeg
ca_0021.jpeg,C:\Users\mance\Documents\Steffi\Lichen-Dreams\backend\ia\datasets\liquenes_desconocidos\casos_ambiguos\ca_0021.jpeg,2,desconocido,train,casos_ambiguos,false,ca_0021.jpeg
ca_0022.jpeg,C:\Users\mance\Documents\Steffi\Lichen-Dreams\backend\ia\datasets\liquenes_desconocidos\casos_ambiguos\ca_0022.jpeg,2,desconocido,train,casos_ambiguos,false,ca_0022.jpeg
ca_0023.jpeg,C:\Users\mance\Documents\Steffi\Lichen-Dreams\backend\ia\datasets\liquenes_desconocidos\casos_ambiguos\ca_0023.jpeg,2,desconocido,train,casos_ambiguos,false,ca_0023.jpeg
ca_0024.jpeg,C:\Users\mance\Documents\Steffi\Lichen-Dreams\backend\ia\datasets\liquenes_desconocidos\casos_ambiguos\ca_0024.jpeg,2,desconocido,train,casos_ambiguos,false,ca_0024.jpeg
ca_0025.jpeg,C:\Users\mance\Documents\Steffi\Lichen-Dreams\backend\ia\datasets\liquenes_desconocidos\casos_ambiguos\ca_0025.jpeg,2,desconocido,train,casos_ambiguos,false,ca_0025.jpeg
ca_0026.jpeg,C:\Users\mance\Documents\Steffi\Lichen-Dreams\backend\ia\datasets\liquenes_desconocidos\casos_ambiguos\ca_0026.jpeg,2,desconocido,train,casos_ambiguos,false,ca_0026.jpeg
ca_0027.jpeg,C:\Users\mance\Documents\Steffi\Lichen-Dreams\backend\ia\datasets\liquenes_desconocidos\casos_ambiguos\ca_0027.jpeg,2,desconocido,train,casos_ambiguos,false,ca_0027.jpeg
ca_0028.jpeg,C:\Users\mance\Documents\Steffi\Lichen-Dreams\backend\ia\datasets\liquenes_desconocidos\casos_ambiguos\ca_0028.jpeg,2,desconocido,train,casos_ambiguos,false,ca_0028.jpeg
ca_0029.jpeg,C:\Users\mance\Documents\Steffi\Lichen-Dreams\backend\ia\datasets\liquenes_desconocidos\casos_ambiguos\ca_0029.jpeg,2,desconocido,train,casos_ambiguos,false,ca_0029.jpeg
ca_0030.jpeg,C:\Users\mance\Documents\Steffi\Lichen-Dreams\backend\ia\datasets\liquenes_desconocidos\casos_ambiguos\ca_0030.jpeg,2,desconocido,train,casos_ambiguos,false,ca_0030.jpeg
ca_0031.jpeg,C:\Users\mance\Documents\Steffi\Lichen-Dreams\backend\ia\datasets\liquenes_desconocidos\casos_ambiguos\ca_0031.jpeg,2,desconocido,train,casos_ambiguos,false,ca_0031.jpeg
ca_0032.jpeg,C:\Users\mance\Documents\Steffi\Lichen-Dreams\backend\ia\datasets\liquenes_desconocidos\casos_ambiguos\ca_0032.jpeg,2,desconocido,train,casos_ambiguos,false,ca_0032.jpeg
ca_0033.jpeg,C:\Users\mance\Documents\Steffi\Lichen-Dreams\backend\ia\datasets\liquenes_desconocidos\casos_ambiguos\ca_0033.jpeg,2,desconocido,train,casos_ambiguos,false,ca_0033.jpeg
ca_0034.jpeg,C:\Users\mance\Documents\Steffi\Lichen-Dreams\backend\ia\datasets\liquenes_desconocidos\casos_ambiguos\ca_0034.jpeg,2,desconocido,train,casos_ambiguos,false,ca_0034.jpeg
ca_0035.jpeg,C:\Users\mance\Documents\Steffi\Lichen-Dreams\backend\ia\datasets\liquenes_desconocidos\casos_ambiguos\ca_0035.jpeg,2,desconocido,train,casos_ambiguos,false,ca_0035.jpeg
ca_0036.jpeg,C:\Users\mance\Documents\Steffi\Lichen-Dreams\backend\ia\datasets\liquenes_desconocidos\casos_ambiguos\ca_0036.jpeg,2,desconocido,train,casos_ambiguos,false,ca_0036.jpeg
ca_0037.jpeg,C:\Users\mance\Documents\Steffi\Lichen-Dreams\backend\ia\datasets\liquenes_desconocidos\casos_ambiguos\ca_0037.jpeg,2,desconocido,train,casos_ambiguos,false,ca_0037.jpeg
ca_0038.jpeg,C:\Users\mance\Documents\Steffi\Lichen-Dreams\backend\ia\datasets\liquenes_desconocidos\casos_ambiguos\ca_0038.jpeg,2,desconocido,train,casos_ambiguos,false,ca_0038.jpeg
ca_0039.jpeg,C:\Users\mance\Documents\Steffi\Lichen-Dreams\backend\ia\datasets\liquenes_desconocidos\casos_ambiguos\ca_0039.jpeg,2,desconocido,train,casos_ambiguos,false,ca_0039.jpeg
ci_0001.jpg,C:\Users\mance\Documents\Steffi\Lichen-Dreams\backend\ia\datasets\liquenes_desconocidos\cielo\ci_0001.jpg,2,desconocido,train,cielo,false,ci_0001.jpg
ci_0002.jpg,C:\Users\mance\Documents\Steffi\Lichen-Dreams\backend\ia\datasets\liquenes_desconocidos\cielo\ci_0002.jpg,2,desconocido,train,cielo,false,ci_0002.jpg
ci_0003.jpg,C:\Users\mance\Documents\Steffi\Lichen-Dreams\backend\ia\datasets\liquenes_desconocidos\cielo\ci_0003.jpg,2,desconocido,train,cielo,false,ci_0003.jpg
ci_0004.jpg,C:\Users\mance\Documents\Steffi\Lichen-Dreams\backend\ia\datasets\liquenes_desconocidos\cielo\ci_0004.jpg,2,desconocido,train,cielo,false,ci_0004.jpg
ci_0005.jpg,C:\Users\mance\Documents\Steffi\Lichen-Dreams\backend\ia\datasets\liquenes_desconocidos\cielo\ci_0005.jpg,2,desconocido,train,cielo,false,ci_0005.jpg
ci_0006.jpg,C:\Users\mance\Documents\Steffi\Lichen-Dreams\backend\ia\datasets\liquenes_desconocidos\cielo\ci_0006.jpg,2,desconocido,train,cielo,false,ci_0006.jpg
ci_0007.jpg,C:\Users\mance\Documents\Steffi\Lichen-Dreams\backend\ia\datasets\liquenes_desconocidos\cielo\ci_0007.jpg,2,desconocido,train,cielo,false,ci_0007.jpg
ci_0008.jpg,C:\Users\mance\Documents\Steffi\Lichen-Dreams\backend\ia\datasets\liquenes_desconocidos\cielo\ci_0008.jpg,2,desconocido,train,cielo,false,ci_0008.jpg
ci_0009.jpg,C:\Users\mance\Documents\Steffi\Lichen-Dreams\backend\ia\datasets\liquenes_desconocidos\cielo\ci_0009.jpg,2,desconocido,train,cielo,false,ci_0009.jpg
ci_0010.jpg,C:\Users\mance\Documents\Steffi\Lichen-Dreams\backend\ia\datasets\liquenes_desconocidos\cielo\ci_0010.jpg,2,desconocido,train,cielo,false,ci_0010.jpg
ci_0011.jpg,C:\Users\mance\Documents\Steffi\Lichen-Dreams\backend\ia\datasets\liquenes_desconocidos\cielo\ci_0011.jpg,2,desconocido,train,cielo,false,ci_0011.jpg
ci_0012.jpg,C:\Users\mance\Documents\Steffi\Lichen-Dreams\backend\ia\datasets\liquenes_desconocidos\cielo\ci_0012.jpg,2,desconocido,train,cielo,false,ci_0012.jpg
ci_0013.jpeg,C:\Users\mance\Documents\Steffi\Lichen-Dreams\backend\ia\datasets\liquenes_desconocidos\cielo\ci_0013.jpeg,2,desconocido,train,cielo,false,ci_0013.jpeg
ci_0014.jpg,C:\Users\mance\Documents\Steffi\Lichen-Dreams\backend\ia\datasets\liquenes_desconocidos\cielo\ci_0014.jpg,2,desconocido,train,cielo,false,ci_0014.jpg
ci_0015.jpeg,C:\Users\mance\Documents\Steffi\Lichen-Dreams\backend\ia\datasets\liquenes_desconocidos\cielo\ci_0015.jpeg,2,desconocido,train,cielo,false,ci_0015.jpeg
ci_0016.jpg,C:\Users\mance\Documents\Steffi\Lichen-Dreams\backend\ia\datasets\liquenes_desconocidos\cielo\ci_0016.jpg,2,desconocido,train,cielo,false,ci_0016.jpg
ci_0017.jpg,C:\Users\mance\Documents\Steffi\Lichen-Dreams\backend\ia\datasets\liquenes_desconocidos\cielo\ci_0017.jpg,2,desconocido,train,cielo,false,ci_0017.jpg
ci_0018.jpg,C:\Users\mance\Documents\Steffi\Lichen-Dreams\backend\ia\datasets\liquenes_desconocidos\cielo\ci_0018.jpg,2,desconocido,train,cielo,false,ci_0018.jpg
ci_0019.jpg,C:\Users\mance\Documents\Steffi\Lichen-Dreams\backend\ia\datasets\liquenes_desconocidos\cielo\ci_0019.jpg,2,desconocido,train,cielo,false,ci_0019.jpg
ci_0020.jpeg,C:\Users\mance\Documents\Steffi\Lichen-Dreams\backend\ia\datasets\liquenes_desconocidos\cielo\ci_0020.jpeg,2,desconocido,train,cielo,false,ci_0020.jpeg
ci_0021.jpeg,C:\Users\mance\Documents\Steffi\Lichen-Dreams\backend\ia\datasets\liquenes_desconocidos\cielo\ci_0021.jpeg,2,desconocido,train,cielo,false,ci_0021.jpeg
ci_0022.jpg,C:\Users\mance\Documents\Steffi\Lichen-Dreams\backend\ia\datasets\liquenes_desconocidos\cielo\ci_0022.jpg,2,desconocido,train,cielo,false,ci_0022.jpg
ci_0023.jpg,C:\Users\mance\Documents\Steffi\Lichen-Dreams\backend\ia\datasets\liquenes_desconocidos\cielo\ci_0023.jpg,2,desconocido,train,cielo,false,ci_0023.jpg
ci_0024.jpg,C:\Users\mance\Documents\Steffi\Lichen-Dreams\backend\ia\datasets\liquenes_desconocidos\cielo\ci_0024.jpg,2,desconocido,train,cielo,false,ci_0024.jpg
ci_0025.jpg,C:\Users\mance\Documents\Steffi\Lichen-Dreams\backend\ia\datasets\liquenes_desconocidos\cielo\ci_0025.jpg,2,desconocido,train,cielo,false,ci_0025.jpg
ci_0026.jpg,C:\Users\mance\Documents\Steffi\Lichen-Dreams\backend\ia\datasets\liquenes_desconocidos\cielo\ci_0026.jpg,2,desconocido,train,cielo,false,ci_0026.jpg
ci_0027.jpg,C:\Users\mance\Documents\Steffi\Lichen-Dreams\backend\ia\datasets\liquenes_desconocidos\cielo\ci_0027.jpg,2,desconocido,train,cielo,false,ci_0027.jpg
ci_0028.jpg,C:\Users\mance\Documents\Steffi\Lichen-Dreams\backend\ia\datasets\liquenes_desconocidos\cielo\ci_0028.jpg,2,desconocido,train,cielo,false,ci_0028.jpg
ci_0029.jpg,C:\Users\mance\Documents\Steffi\Lichen-Dreams\backend\ia\datasets\liquenes_desconocidos\cielo\ci_0029.jpg,2,desconocido,train,cielo,false,ci_0029.jpg
ci_0030.jpg,C:\Users\mance\Documents\Steffi\Lichen-Dreams\backend\ia\datasets\liquenes_desconocidos\cielo\ci_0030.jpg,2,desconocido,train,cielo,false,ci_0030.jpg
ci_0031.jpg,C:\Users\mance\Documents\Steffi\Lichen-Dreams\backend\ia\datasets\liquenes_desconocidos\cielo\ci_0031.jpg,2,desconocido,train,cielo,false,ci_0031.jpg
ci_0032.jpg,C:\Users\mance\Documents\Steffi\Lichen-Dreams\backend\ia\datasets\liquenes_desconocidos\cielo\ci_0032.jpg,2,desconocido,train,cielo,false,ci_0032.jpg
ci_0033.jpg,C:\Users\mance\Documents\Steffi\Lichen-Dreams\backend\ia\datasets\liquenes_desconocidos\cielo\ci_0033.jpg,2,desconocido,train,cielo,false,ci_0033.jpg
ci_0034.jpeg,C:\Users\mance\Documents\Steffi\Lichen-Dreams\backend\ia\datasets\liquenes_desconocidos\cielo\ci_0034.jpeg,2,desconocido,train,cielo,false,ci_0034.jpeg
ci_0035.jpeg,C:\Users\mance\Documents\Steffi\Lichen-Dreams\backend\ia\datasets\liquenes_desconocidos\cielo\ci_0035.jpeg,2,desconocido,train,cielo,false,ci_0035.jpeg
ci_0036.jpeg,C:\Users\mance\Documents\Steffi\Lichen-Dreams\backend\ia\datasets\liquenes_desconocidos\cielo\ci_0036.jpeg,2,desconocido,train,cielo,false,ci_0036.jpeg
ci_0037.jpeg,C:\Users\mance\Documents\Steffi\Lichen-Dreams\backend\ia\datasets\liquenes_desconocidos\cielo\ci_0037.jpeg,2,desconocido,train,cielo,false,ci_0037.jpeg
ci_0038.jpeg,C:\Users\mance\Documents\Steffi\Lichen-Dreams\backend\ia\datasets\liquenes_desconocidos\cielo\ci_0038.jpeg,2,desconocido,train,cielo,false,ci_0038.jpeg
cs_0001.jpg,C:\Users\mance\Documents\Steffi\Lichen-Dreams\backend\ia\datasets\liquenes_desconocidos\corteza_sin_liquen\cs_0001.jpg,2,desconocido,train,corteza_sin_liquen,false,cs_0001.jpg
cs_0002.jpg,C:\Users\mance\Documents\Steffi\Lichen-Dreams\backend\ia\datasets\liquenes_desconocidos\corteza_sin_liquen\cs_0002.jpg,2,desconocido,train,corteza_sin_liquen,false,cs_0002.jpg
cs_0003.jpg,C:\Users\mance\Documents\Steffi\Lichen-Dreams\backend\ia\datasets\liquenes_desconocidos\corteza_sin_liquen\cs_0003.jpg,2,desconocido,train,corteza_sin_liquen,false,cs_0003.jpg
cs_0004.jpg,C:\Users\mance\Documents\Steffi\Lichen-Dreams\backend\ia\datasets\liquenes_desconocidos\corteza_sin_liquen\cs_0004.jpg,2,desconocido,train,corteza_sin_liquen,false,cs_0004.jpg
cs_0005.jpg,C:\Users\mance\Documents\Steffi\Lichen-Dreams\backend\ia\datasets\liquenes_desconocidos\corteza_sin_liquen\cs_0005.jpg,2,desconocido,train,corteza_sin_liquen,false,cs_0005.jpg
cs_0006.jpg,C:\Users\mance\Documents\Steffi\Lichen-Dreams\backend\ia\datasets\liquenes_desconocidos\corteza_sin_liquen\cs_0006.jpg,2,desconocido,train,corteza_sin_liquen,false,cs_0006.jpg
cs_0007.jpg,C:\Users\mance\Documents\Steffi\Lichen-Dreams\backend\ia\datasets\liquenes_desconocidos\corteza_sin_liquen\cs_0007.jpg,2,desconocido,train,corteza_sin_liquen,false,cs_0007.jpg
cs_0008.jpg,C:\Users\mance\Documents\Steffi\Lichen-Dreams\backend\ia\datasets\liquenes_desconocidos\corteza_sin_liquen\cs_0008.jpg,2,desconocido,train,corteza_sin_liquen,false,cs_0008.jpg
cs_0009.jpg,C:\Users\mance\Documents\Steffi\Lichen-Dreams\backend\ia\datasets\liquenes_desconocidos\corteza_sin_liquen\cs_0009.jpg,2,desconocido,train,corteza_sin_liquen,false,cs_0009.jpg
cs_0010.jpg,C:\Users\mance\Documents\Steffi\Lichen-Dreams\backend\ia\datasets\liquenes_desconocidos\corteza_sin_liquen\cs_0010.jpg,2,desconocido,train,corteza_sin_liquen,false,cs_0010.jpg
cs_0011.jpg,C:\Users\mance\Documents\Steffi\Lichen-Dreams\backend\ia\datasets\liquenes_desconocidos\corteza_sin_liquen\cs_0011.jpg,2,desconocido,train,corteza_sin_liquen,false,cs_0011.jpg
cs_0012.jpg,C:\Users\mance\Documents\Steffi\Lichen-Dreams\backend\ia\datasets\liquenes_desconocidos\corteza_sin_liquen\cs_0012.jpg,2,desconocido,train,corteza_sin_liquen,false,cs_0012.jpg
cs_0013.jpg,C:\Users\mance\Documents\Steffi\Lichen-Dreams\backend\ia\datasets\liquenes_desconocidos\corteza_sin_liquen\cs_0013.jpg,2,desconocido,train,corteza_sin_liquen,false,cs_0013.jpg
cs_0014.jpg,C:\Users\mance\Documents\Steffi\Lichen-Dreams\backend\ia\datasets\liquenes_desconocidos\corteza_sin_liquen\cs_0014.jpg,2,desconocido,train,corteza_sin_liquen,false,cs_0014.jpg
cs_0015.jpg,C:\Users\mance\Documents\Steffi\Lichen-Dreams\backend\ia\datasets\liquenes_desconocidos\corteza_sin_liquen\cs_0015.jpg,2,desconocido,train,corteza_sin_liquen,false,cs_0015.jpg
cs_0016.jpg,C:\Users\mance\Documents\Steffi\Lichen-Dreams\backend\ia\datasets\liquenes_desconocidos\corteza_sin_liquen\cs_0016.jpg,2,desconocido,train,corteza_sin_liquen,false,cs_0016.jpg
cs_0017.webp,C:\Users\mance\Documents\Steffi\Lichen-Dreams\backend\ia\datasets\liquenes_desconocidos\corteza_sin_liquen\cs_0017.webp,2,desconocido,train,corteza_sin_liquen,false,cs_0017.webp
cs_0018.jpg,C:\Users\mance\Documents\Steffi\Lichen-Dreams\backend\ia\datasets\liquenes_desconocidos\corteza_sin_liquen\cs_0018.jpg,2,desconocido,train,corteza_sin_liquen,false,cs_0018.jpg
cs_0019.jpg,C:\Users\mance\Documents\Steffi\Lichen-Dreams\backend\ia\datasets\liquenes_desconocidos\corteza_sin_liquen\cs_0019.jpg,2,desconocido,train,corteza_sin_liquen,false,cs_0019.jpg
cs_0020.jpg,C:\Users\mance\Documents\Steffi\Lichen-Dreams\backend\ia\datasets\liquenes_desconocidos\corteza_sin_liquen\cs_0020.jpg,2,desconocido,train,corteza_sin_liquen,false,cs_0020.jpg
cs_0021.jpg,C:\Users\mance\Documents\Steffi\Lichen-Dreams\backend\ia\datasets\liquenes_desconocidos\corteza_sin_liquen\cs_0021.jpg,2,desconocido,train,corteza_sin_liquen,false,cs_0021.jpg
cs_0022.jpg,C:\Users\mance\Documents\Steffi\Lichen-Dreams\backend\ia\datasets\liquenes_desconocidos\corteza_sin_liquen\cs_0022.jpg,2,desconocido,train,corteza_sin_liquen,false,cs_0022.jpg
cs_0023.jpg,C:\Users\mance\Documents\Steffi\Lichen-Dreams\backend\ia\datasets\liquenes_desconocidos\corteza_sin_liquen\cs_0023.jpg,2,desconocido,train,corteza_sin_liquen,false,cs_0023.jpg
cs_0024.jpg,C:\Users\mance\Documents\Steffi\Lichen-Dreams\backend\ia\datasets\liquenes_desconocidos\corteza_sin_liquen\cs_0024.jpg,2,desconocido,train,corteza_sin_liquen,false,cs_0024.jpg
cs_0025.jpg,C:\Users\mance\Documents\Steffi\Lichen-Dreams\backend\ia\datasets\liquenes_desconocidos\corteza_sin_liquen\cs_0025.jpg,2,desconocido,train,corteza_sin_liquen,false,cs_0025.jpg
cs_0026.jpeg,C:\Users\mance\Documents\Steffi\Lichen-Dreams\backend\ia\datasets\liquenes_desconocidos\corteza_sin_liquen\cs_0026.jpeg,2,desconocido,train,corteza_sin_liquen,false,cs_0026.jpeg
cs_0027.jpeg,C:\Users\mance\Documents\Steffi\Lichen-Dreams\backend\ia\datasets\liquenes_desconocidos\corteza_sin_liquen\cs_0027.jpeg,2,desconocido,train,corteza_sin_liquen,false,cs_0027.jpeg
cs_0028.jpeg,C:\Users\mance\Documents\Steffi\Lichen-Dreams\backend\ia\datasets\liquenes_desconocidos\corteza_sin_liquen\cs_0028.jpeg,2,desconocido,train,corteza_sin_liquen,false,cs_0028.jpeg
cs_0029.jpg,C:\Users\mance\Documents\Steffi\Lichen-Dreams\backend\ia\datasets\liquenes_desconocidos\corteza_sin_liquen\cs_0029.jpg,2,desconocido,train,corteza_sin_liquen,false,cs_0029.jpg
cs_0030.jpg,C:\Users\mance\Documents\Steffi\Lichen-Dreams\backend\ia\datasets\liquenes_desconocidos\corteza_sin_liquen\cs_0030.jpg,2,desconocido,train,corteza_sin_liquen,false,cs_0030.jpg
cs_0031.webp,C:\Users\mance\Documents\Steffi\Lichen-Dreams\backend\ia\datasets\liquenes_desconocidos\corteza_sin_liquen\cs_0031.webp,2,desconocido,train,corteza_sin_liquen,false,cs_0031.webp
cs_0032.jpg,C:\Users\mance\Documents\Steffi\Lichen-Dreams\backend\ia\datasets\liquenes_desconocidos\corteza_sin_liquen\cs_0032.jpg,2,desconocido,train,corteza_sin_liquen,false,cs_0032.jpg
cs_0033.jpg,C:\Users\mance\Documents\Steffi\Lichen-Dreams\backend\ia\datasets\liquenes_desconocidos\corteza_sin_liquen\cs_0033.jpg,2,desconocido,train,corteza_sin_liquen,false,cs_0033.jpg
cs_0034.jpg,C:\Users\mance\Documents\Steffi\Lichen-Dreams\backend\ia\datasets\liquenes_desconocidos\corteza_sin_liquen\cs_0034.jpg,2,desconocido,train,corteza_sin_liquen,false,cs_0034.jpg
cs_0035.jpg,C:\Users\mance\Documents\Steffi\Lichen-Dreams\backend\ia\datasets\liquenes_desconocidos\corteza_sin_liquen\cs_0035.jpg,2,desconocido,train,corteza_sin_liquen,false,cs_0035.jpg
cs_0036.jpg,C:\Users\mance\Documents\Steffi\Lichen-Dreams\backend\ia\datasets\liquenes_desconocidos\corteza_sin_liquen\cs_0036.jpg,2,desconocido,train,corteza_sin_liquen,false,cs_0036.jpg
cs_0037.jpg,C:\Users\mance\Documents\Steffi\Lichen-Dreams\backend\ia\datasets\liquenes_desconocidos\corteza_sin_liquen\cs_0037.jpg,2,desconocido,train,corteza_sin_liquen,false,cs_0037.jpg
cs_0038.jpg,C:\Users\mance\Documents\Steffi\Lichen-Dreams\backend\ia\datasets\liquenes_desconocidos\corteza_sin_liquen\cs_0038.jpg,2,desconocido,train,corteza_sin_liquen,false,cs_0038.jpg
cs_0039.jpg,C:\Users\mance\Documents\Steffi\Lichen-Dreams\backend\ia\datasets\liquenes_desconocidos\corteza_sin_liquen\cs_0039.jpg,2,desconocido,train,corteza_sin_liquen,false,cs_0039.jpg
cs_0040.webp,C:\Users\mance\Documents\Steffi\Lichen-Dreams\backend\ia\datasets\liquenes_desconocidos\corteza_sin_liquen\cs_0040.webp,2,desconocido,train,corteza_sin_liquen,false,cs_0040.webp
cs_0041.jpg,C:\Users\mance\Documents\Steffi\Lichen-Dreams\backend\ia\datasets\liquenes_desconocidos\corteza_sin_liquen\cs_0041.jpg,2,desconocido,train,corteza_sin_liquen,false,cs_0041.jpg
cs_0042.webp,C:\Users\mance\Documents\Steffi\Lichen-Dreams\backend\ia\datasets\liquenes_desconocidos\corteza_sin_liquen\cs_0042.webp,2,desconocido,train,corteza_sin_liquen,false,cs_0042.webp
ed_0001.jpg,C:\Users\mance\Documents\Steffi\Lichen-Dreams\backend\ia\datasets\liquenes_desconocidos\edificios\ed_0001.jpg,2,desconocido,test,edificios,false,ed_0001.jpg
ed_0002.jpg,C:\Users\mance\Documents\Steffi\Lichen-Dreams\backend\ia\datasets\liquenes_desconocidos\edificios\ed_0002.jpg,2,desconocido,test,edificios,false,ed_0002.jpg
ed_0003.jpg,C:\Users\mance\Documents\Steffi\Lichen-Dreams\backend\ia\datasets\liquenes_desconocidos\edificios\ed_0003.jpg,2,desconocido,test,edificios,false,ed_0003.jpg
ed_0004.jpg,C:\Users\mance\Documents\Steffi\Lichen-Dreams\backend\ia\datasets\liquenes_desconocidos\edificios\ed_0004.jpg,2,desconocido,test,edificios,false,ed_0004.jpg
ed_0005.jpg,C:\Users\mance\Documents\Steffi\Lichen-Dreams\backend\ia\datasets\liquenes_desconocidos\edificios\ed_0005.jpg,2,desconocido,test,edificios,false,ed_0005.jpg
ed_0006.jpg,C:\Users\mance\Documents\Steffi\Lichen-Dreams\backend\ia\datasets\liquenes_desconocidos\edificios\ed_0006.jpg,2,desconocido,test,edificios,false,ed_0006.jpg
ed_0007.webp,C:\Users\mance\Documents\Steffi\Lichen-Dreams\backend\ia\datasets\liquenes_desconocidos\edificios\ed_0007.webp,2,desconocido,test,edificios,false,ed_0007.webp
ed_0008.jpg,C:\Users\mance\Documents\Steffi\Lichen-Dreams\backend\ia\datasets\liquenes_desconocidos\edificios\ed_0008.jpg,2,desconocido,test,edificios,false,ed_0008.jpg
ed_0009.jpg,C:\Users\mance\Documents\Steffi\Lichen-Dreams\backend\ia\datasets\liquenes_desconocidos\edificios\ed_0009.jpg,2,desconocido,test,edificios,false,ed_0009.jpg
ed_0010.jpg,C:\Users\mance\Documents\Steffi\Lichen-Dreams\backend\ia\datasets\liquenes_desconocidos\edificios\ed_0010.jpg,2,desconocido,test,edificios,false,ed_0010.jpg
ed_0011.jpg,C:\Users\mance\Documents\Steffi\Lichen-Dreams\backend\ia\datasets\liquenes_desconocidos\edificios\ed_0011.jpg,2,desconocido,test,edificios,false,ed_0011.jpg
ed_0012.jpg,C:\Users\mance\Documents\Steffi\Lichen-Dreams\backend\ia\datasets\liquenes_desconocidos\edificios\ed_0012.jpg,2,desconocido,test,edificios,false,ed_0012.jpg
fa_0001.jpg,C:\Users\mance\Documents\Steffi\Lichen-Dreams\backend\ia\datasets\liquenes_desconocidos\frutas_alimentos\fa_0001.jpg,2,desconocido,train,frutas_alimentos,false,fa_0001.jpg
fa_0002.jpg,C:\Users\mance\Documents\Steffi\Lichen-Dreams\backend\ia\datasets\liquenes_desconocidos\frutas_alimentos\fa_0002.jpg,2,desconocido,train,frutas_alimentos,false,fa_0002.jpg
fa_0003.jpg,C:\Users\mance\Documents\Steffi\Lichen-Dreams\backend\ia\datasets\liquenes_desconocidos\frutas_alimentos\fa_0003.jpg,2,desconocido,train,frutas_alimentos,false,fa_0003.jpg
fa_0004.jpg,C:\Users\mance\Documents\Steffi\Lichen-Dreams\backend\ia\datasets\liquenes_desconocidos\frutas_alimentos\fa_0004.jpg,2,desconocido,train,frutas_alimentos,false,fa_0004.jpg
fa_0005.jpg,C:\Users\mance\Documents\Steffi\Lichen-Dreams\backend\ia\datasets\liquenes_desconocidos\frutas_alimentos\fa_0005.jpg,2,desconocido,train,frutas_alimentos,false,fa_0005.jpg
fa_0006.jpg,C:\Users\mance\Documents\Steffi\Lichen-Dreams\backend\ia\datasets\liquenes_desconocidos\frutas_alimentos\fa_0006.jpg,2,desconocido,train,frutas_alimentos,false,fa_0006.jpg
fa_0007.jpg,C:\Users\mance\Documents\Steffi\Lichen-Dreams\backend\ia\datasets\liquenes_desconocidos\frutas_alimentos\fa_0007.jpg,2,desconocido,train,frutas_alimentos,false,fa_0007.jpg
fa_0008.jpg,C:\Users\mance\Documents\Steffi\Lichen-Dreams\backend\ia\datasets\liquenes_desconocidos\frutas_alimentos\fa_0008.jpg,2,desconocido,train,frutas_alimentos,false,fa_0008.jpg
fa_0009.jpg,C:\Users\mance\Documents\Steffi\Lichen-Dreams\backend\ia\datasets\liquenes_desconocidos\frutas_alimentos\fa_0009.jpg,2,desconocido,train,frutas_alimentos,false,fa_0009.jpg
fa_0010.jpg,C:\Users\mance\Documents\Steffi\Lichen-Dreams\backend\ia\datasets\liquenes_desconocidos\frutas_alimentos\fa_0010.jpg,2,desconocido,train,frutas_alimentos,false,fa_0010.jpg
fa_0011.jpg,C:\Users\mance\Documents\Steffi\Lichen-Dreams\backend\ia\datasets\liquenes_desconocidos\frutas_alimentos\fa_0011.jpg,2,desconocido,train,frutas_alimentos,false,fa_0011.jpg
fa_0012.jpg,C:\Users\mance\Documents\Steffi\Lichen-Dreams\backend\ia\datasets\liquenes_desconocidos\frutas_alimentos\fa_0012.jpg,2,desconocido,train,frutas_alimentos,false,fa_0012.jpg
fa_0013.jpg,C:\Users\mance\Documents\Steffi\Lichen-Dreams\backend\ia\datasets\liquenes_desconocidos\frutas_alimentos\fa_0013.jpg,2,desconocido,train,frutas_alimentos,false,fa_0013.jpg
fa_0014.jpg,C:\Users\mance\Documents\Steffi\Lichen-Dreams\backend\ia\datasets\liquenes_desconocidos\frutas_alimentos\fa_0014.jpg,2,desconocido,train,frutas_alimentos,false,fa_0014.jpg
fa_0015.jpg,C:\Users\mance\Documents\Steffi\Lichen-Dreams\backend\ia\datasets\liquenes_desconocidos\frutas_alimentos\fa_0015.jpg,2,desconocido,train,frutas_alimentos,false,fa_0015.jpg
fa_0016.jpg,C:\Users\mance\Documents\Steffi\Lichen-Dreams\backend\ia\datasets\liquenes_desconocidos\frutas_alimentos\fa_0016.jpg,2,desconocido,train,frutas_alimentos,false,fa_0016.jpg
fa_0017.webp,C:\Users\mance\Documents\Steffi\Lichen-Dreams\backend\ia\datasets\liquenes_desconocidos\frutas_alimentos\fa_0017.webp,2,desconocido,train,frutas_alimentos,false,fa_0017.webp
fa_0018.jpg,C:\Users\mance\Documents\Steffi\Lichen-Dreams\backend\ia\datasets\liquenes_desconocidos\frutas_alimentos\fa_0018.jpg,2,desconocido,train,frutas_alimentos,false,fa_0018.jpg
fa_0019.jpg,C:\Users\mance\Documents\Steffi\Lichen-Dreams\backend\ia\datasets\liquenes_desconocidos\frutas_alimentos\fa_0019.jpg,2,desconocido,train,frutas_alimentos,false,fa_0019.jpg
fa_0020.jpg,C:\Users\mance\Documents\Steffi\Lichen-Dreams\backend\ia\datasets\liquenes_desconocidos\frutas_alimentos\fa_0020.jpg,2,desconocido,train,frutas_alimentos,false,fa_0020.jpg
fa_0021.jpg,C:\Users\mance\Documents\Steffi\Lichen-Dreams\backend\ia\datasets\liquenes_desconocidos\frutas_alimentos\fa_0021.jpg,2,desconocido,train,frutas_alimentos,false,fa_0021.jpg
fa_0022.jpg,C:\Users\mance\Documents\Steffi\Lichen-Dreams\backend\ia\datasets\liquenes_desconocidos\frutas_alimentos\fa_0022.jpg,2,desconocido,train,frutas_alimentos,false,fa_0022.jpg
fa_0023.jpg,C:\Users\mance\Documents\Steffi\Lichen-Dreams\backend\ia\datasets\liquenes_desconocidos\frutas_alimentos\fa_0023.jpg,2,desconocido,train,frutas_alimentos,false,fa_0023.jpg
fa_0024.jpg,C:\Users\mance\Documents\Steffi\Lichen-Dreams\backend\ia\datasets\liquenes_desconocidos\frutas_alimentos\fa_0024.jpg,2,desconocido,train,frutas_alimentos,false,fa_0024.jpg
fa_0025.jpg,C:\Users\mance\Documents\Steffi\Lichen-Dreams\backend\ia\datasets\liquenes_desconocidos\frutas_alimentos\fa_0025.jpg,2,desconocido,train,frutas_alimentos,false,fa_0025.jpg
fa_0026.jpg,C:\Users\mance\Documents\Steffi\Lichen-Dreams\backend\ia\datasets\liquenes_desconocidos\frutas_alimentos\fa_0026.jpg,2,desconocido,train,frutas_alimentos,false,fa_0026.jpg
fa_0027.jpg,C:\Users\mance\Documents\Steffi\Lichen-Dreams\backend\ia\datasets\liquenes_desconocidos\frutas_alimentos\fa_0027.jpg,2,desconocido,train,frutas_alimentos,false,fa_0027.jpg
fa_0028.jpeg,C:\Users\mance\Documents\Steffi\Lichen-Dreams\backend\ia\datasets\liquenes_desconocidos\frutas_alimentos\fa_0028.jpeg,2,desconocido,train,frutas_alimentos,false,fa_0028.jpeg
fa_0029.jpeg,C:\Users\mance\Documents\Steffi\Lichen-Dreams\backend\ia\datasets\liquenes_desconocidos\frutas_alimentos\fa_0029.jpeg,2,desconocido,train,frutas_alimentos,false,fa_0029.jpeg
fa_0030.jpeg,C:\Users\mance\Documents\Steffi\Lichen-Dreams\backend\ia\datasets\liquenes_desconocidos\frutas_alimentos\fa_0030.jpeg,2,desconocido,train,frutas_alimentos,false,fa_0030.jpeg
fa_0031.jpg,C:\Users\mance\Documents\Steffi\Lichen-Dreams\backend\ia\datasets\liquenes_desconocidos\frutas_alimentos\fa_0031.jpg,2,desconocido,train,frutas_alimentos,false,fa_0031.jpg
fa_0032.jpg,C:\Users\mance\Documents\Steffi\Lichen-Dreams\backend\ia\datasets\liquenes_desconocidos\frutas_alimentos\fa_0032.jpg,2,desconocido,train,frutas_alimentos,false,fa_0032.jpg
fa_0033.jpg,C:\Users\mance\Documents\Steffi\Lichen-Dreams\backend\ia\datasets\liquenes_desconocidos\frutas_alimentos\fa_0033.jpg,2,desconocido,train,frutas_alimentos,false,fa_0033.jpg
fa_0034.jpg,C:\Users\mance\Documents\Steffi\Lichen-Dreams\backend\ia\datasets\liquenes_desconocidos\frutas_alimentos\fa_0034.jpg,2,desconocido,train,frutas_alimentos,false,fa_0034.jpg
fa_0035.jpg,C:\Users\mance\Documents\Steffi\Lichen-Dreams\backend\ia\datasets\liquenes_desconocidos\frutas_alimentos\fa_0035.jpg,2,desconocido,train,frutas_alimentos,false,fa_0035.jpg
fa_0036.jpg,C:\Users\mance\Documents\Steffi\Lichen-Dreams\backend\ia\datasets\liquenes_desconocidos\frutas_alimentos\fa_0036.jpg,2,desconocido,train,frutas_alimentos,false,fa_0036.jpg
fa_0037.webp,C:\Users\mance\Documents\Steffi\Lichen-Dreams\backend\ia\datasets\liquenes_desconocidos\frutas_alimentos\fa_0037.webp,2,desconocido,train,frutas_alimentos,false,fa_0037.webp
fl_0001.jpeg,C:\Users\mance\Documents\Steffi\Lichen-Dreams\backend\ia\datasets\liquenes_desconocidos\flores\fl_0001.jpeg,2,desconocido,train,flores,false,fl_0001.jpeg
fl_0002.jpeg,C:\Users\mance\Documents\Steffi\Lichen-Dreams\backend\ia\datasets\liquenes_desconocidos\flores\fl_0002.jpeg,2,desconocido,train,flores,false,fl_0002.jpeg
fl_0003.jpg,C:\Users\mance\Documents\Steffi\Lichen-Dreams\backend\ia\datasets\liquenes_desconocidos\flores\fl_0003.jpg,2,desconocido,train,flores,false,fl_0003.jpg
fl_0004.jpg,C:\Users\mance\Documents\Steffi\Lichen-Dreams\backend\ia\datasets\liquenes_desconocidos\flores\fl_0004.jpg,2,desconocido,train,flores,false,fl_0004.jpg
fl_0005.jpg,C:\Users\mance\Documents\Steffi\Lichen-Dreams\backend\ia\datasets\liquenes_desconocidos\flores\fl_0005.jpg,2,desconocido,train,flores,false,fl_0005.jpg
fl_0006.jpg,C:\Users\mance\Documents\Steffi\Lichen-Dreams\backend\ia\datasets\liquenes_desconocidos\flores\fl_0006.jpg,2,desconocido,train,flores,false,fl_0006.jpg
fl_0007.jpg,C:\Users\mance\Documents\Steffi\Lichen-Dreams\backend\ia\datasets\liquenes_desconocidos\flores\fl_0007.jpg,2,desconocido,train,flores,false,fl_0007.jpg
fl_0008.jpg,C:\Users\mance\Documents\Steffi\Lichen-Dreams\backend\ia\datasets\liquenes_desconocidos\flores\fl_0008.jpg,2,desconocido,train,flores,false,fl_0008.jpg
fl_0009.jpg,C:\Users\mance\Documents\Steffi\Lichen-Dreams\backend\ia\datasets\liquenes_desconocidos\flores\fl_0009.jpg,2,desconocido,train,flores,false,fl_0009.jpg
fl_0010.jpg,C:\Users\mance\Documents\Steffi\Lichen-Dreams\backend\ia\datasets\liquenes_desconocidos\flores\fl_0010.jpg,2,desconocido,train,flores,false,fl_0010.jpg
fl_0011.jpg,C:\Users\mance\Documents\Steffi\Lichen-Dreams\backend\ia\datasets\liquenes_desconocidos\flores\fl_0011.jpg,2,desconocido,train,flores,false,fl_0011.jpg
fl_0012.jpg,C:\Users\mance\Documents\Steffi\Lichen-Dreams\backend\ia\datasets\liquenes_desconocidos\flores\fl_0012.jpg,2,desconocido,train,flores,false,fl_0012.jpg
fl_0013.jpg,C:\Users\mance\Documents\Steffi\Lichen-Dreams\backend\ia\datasets\liquenes_desconocidos\flores\fl_0013.jpg,2,desconocido,train,flores,false,fl_0013.jpg
fl_0014.jpg,C:\Users\mance\Documents\Steffi\Lichen-Dreams\backend\ia\datasets\liquenes_desconocidos\flores\fl_0014.jpg,2,desconocido,train,flores,false,fl_0014.jpg
fl_0015.jpg,C:\Users\mance\Documents\Steffi\Lichen-Dreams\backend\ia\datasets\liquenes_desconocidos\flores\fl_0015.jpg,2,desconocido,train,flores,false,fl_0015.jpg
fl_0016.jpg,C:\Users\mance\Documents\Steffi\Lichen-Dreams\backend\ia\datasets\liquenes_desconocidos\flores\fl_0016.jpg,2,desconocido,train,flores,false,fl_0016.jpg
fl_0017.jpg,C:\Users\mance\Documents\Steffi\Lichen-Dreams\backend\ia\datasets\liquenes_desconocidos\flores\fl_0017.jpg,2,desconocido,train,flores,false,fl_0017.jpg
fl_0018.jpg,C:\Users\mance\Documents\Steffi\Lichen-Dreams\backend\ia\datasets\liquenes_desconocidos\flores\fl_0018.jpg,2,desconocido,train,flores,false,fl_0018.jpg
fl_0019.jpg,C:\Users\mance\Documents\Steffi\Lichen-Dreams\backend\ia\datasets\liquenes_desconocidos\flores\fl_0019.jpg,2,desconocido,train,flores,false,fl_0019.jpg
fl_0020.jpg,C:\Users\mance\Documents\Steffi\Lichen-Dreams\backend\ia\datasets\liquenes_desconocidos\flores\fl_0020.jpg,2,desconocido,train,flores,false,fl_0020.jpg
fl_0021.jpg,C:\Users\mance\Documents\Steffi\Lichen-Dreams\backend\ia\datasets\liquenes_desconocidos\flores\fl_0021.jpg,2,desconocido,train,flores,false,fl_0021.jpg
fl_0022.jpg,C:\Users\mance\Documents\Steffi\Lichen-Dreams\backend\ia\datasets\liquenes_desconocidos\flores\fl_0022.jpg,2,desconocido,train,flores,false,fl_0022.jpg
fl_0023.jpg,C:\Users\mance\Documents\Steffi\Lichen-Dreams\backend\ia\datasets\liquenes_desconocidos\flores\fl_0023.jpg,2,desconocido,train,flores,false,fl_0023.jpg
fl_0024.jpeg,C:\Users\mance\Documents\Steffi\Lichen-Dreams\backend\ia\datasets\liquenes_desconocidos\flores\fl_0024.jpeg,2,desconocido,train,flores,false,fl_0024.jpeg
fl_0025.jpeg,C:\Users\mance\Documents\Steffi\Lichen-Dreams\backend\ia\datasets\liquenes_desconocidos\flores\fl_0025.jpeg,2,desconocido,train,flores,false,fl_0025.jpeg
fl_0026.jpeg,C:\Users\mance\Documents\Steffi\Lichen-Dreams\backend\ia\datasets\liquenes_desconocidos\flores\fl_0026.jpeg,2,desconocido,train,flores,false,fl_0026.jpeg
fl_0027.jpeg,C:\Users\mance\Documents\Steffi\Lichen-Dreams\backend\ia\datasets\liquenes_desconocidos\flores\fl_0027.jpeg,2,desconocido,train,flores,false,fl_0027.jpeg
fl_0028.jpeg,C:\Users\mance\Documents\Steffi\Lichen-Dreams\backend\ia\datasets\liquenes_desconocidos\flores\fl_0028.jpeg,2,desconocido,train,flores,false,fl_0028.jpeg
fl_0029.jpeg,C:\Users\mance\Documents\Steffi\Lichen-Dreams\backend\ia\datasets\liquenes_desconocidos\flores\fl_0029.jpeg,2,desconocido,train,flores,false,fl_0029.jpeg
fl_0030.jpg,C:\Users\mance\Documents\Steffi\Lichen-Dreams\backend\ia\datasets\liquenes_desconocidos\flores\fl_0030.jpg,2,desconocido,train,flores,false,fl_0030.jpg
fl_0031.jpg,C:\Users\mance\Documents\Steffi\Lichen-Dreams\backend\ia\datasets\liquenes_desconocidos\flores\fl_0031.jpg,2,desconocido,train,flores,false,fl_0031.jpg
fl_0032.jpeg,C:\Users\mance\Documents\Steffi\Lichen-Dreams\backend\ia\datasets\liquenes_desconocidos\flores\fl_0032.jpeg,2,desconocido,train,flores,false,fl_0032.jpeg
fl_0033.jpeg,C:\Users\mance\Documents\Steffi\Lichen-Dreams\backend\ia\datasets\liquenes_desconocidos\flores\fl_0033.jpeg,2,desconocido,train,flores,false,fl_0033.jpeg
fl_0034.jpeg,C:\Users\mance\Documents\Steffi\Lichen-Dreams\backend\ia\datasets\liquenes_desconocidos\flores\fl_0034.jpeg,2,desconocido,train,flores,false,fl_0034.jpeg
fl_0035.jpeg,C:\Users\mance\Documents\Steffi\Lichen-Dreams\backend\ia\datasets\liquenes_desconocidos\flores\fl_0035.jpeg,2,desconocido,train,flores,false,fl_0035.jpeg
fl_0036.jpg,C:\Users\mance\Documents\Steffi\Lichen-Dreams\backend\ia\datasets\liquenes_desconocidos\flores\fl_0036.jpg,2,desconocido,train,flores,false,fl_0036.jpg
fl_0037.jpg,C:\Users\mance\Documents\Steffi\Lichen-Dreams\backend\ia\datasets\liquenes_desconocidos\flores\fl_0037.jpg,2,desconocido,train,flores,false,fl_0037.jpg
fl_0038.jpg,C:\Users\mance\Documents\Steffi\Lichen-Dreams\backend\ia\datasets\liquenes_desconocidos\flores\fl_0038.jpg,2,desconocido,train,flores,false,fl_0038.jpg
fl_0039.jpg,C:\Users\mance\Documents\Steffi\Lichen-Dreams\backend\ia\datasets\liquenes_desconocidos\flores\fl_0039.jpg,2,desconocido,train,flores,false,fl_0039.jpg
fl_0040.jpg,C:\Users\mance\Documents\Steffi\Lichen-Dreams\backend\ia\datasets\liquenes_desconocidos\flores\fl_0040.jpg,2,desconocido,train,flores,false,fl_0040.jpg
fl_0041.jpg,C:\Users\mance\Documents\Steffi\Lichen-Dreams\backend\ia\datasets\liquenes_desconocidos\flores\fl_0041.jpg,2,desconocido,train,flores,false,fl_0041.jpg
fl_0042.jpeg,C:\Users\mance\Documents\Steffi\Lichen-Dreams\backend\ia\datasets\liquenes_desconocidos\flores\fl_0042.jpeg,2,desconocido,train,flores,false,fl_0042.jpeg
fl_0043.jpeg,C:\Users\mance\Documents\Steffi\Lichen-Dreams\backend\ia\datasets\liquenes_desconocidos\flores\fl_0043.jpeg,2,desconocido,train,flores,false,fl_0043.jpeg
fl_0044.jpeg,C:\Users\mance\Documents\Steffi\Lichen-Dreams\backend\ia\datasets\liquenes_desconocidos\flores\fl_0044.jpeg,2,desconocido,train,flores,false,fl_0044.jpeg
fl_0045.jpeg,C:\Users\mance\Documents\Steffi\Lichen-Dreams\backend\ia\datasets\liquenes_desconocidos\flores\fl_0045.jpeg,2,desconocido,train,flores,false,fl_0045.jpeg
fl_0046.jpeg,C:\Users\mance\Documents\Steffi\Lichen-Dreams\backend\ia\datasets\liquenes_desconocidos\flores\fl_0046.jpeg,2,desconocido,train,flores,false,fl_0046.jpeg
fl_0047.jpeg,C:\Users\mance\Documents\Steffi\Lichen-Dreams\backend\ia\datasets\liquenes_desconocidos\flores\fl_0047.jpeg,2,desconocido,train,flores,false,fl_0047.jpeg
fl_0048.jpeg,C:\Users\mance\Documents\Steffi\Lichen-Dreams\backend\ia\datasets\liquenes_desconocidos\flores\fl_0048.jpeg,2,desconocido,train,flores,false,fl_0048.jpeg
fl_0049.jpeg,C:\Users\mance\Documents\Steffi\Lichen-Dreams\backend\ia\datasets\liquenes_desconocidos\flores\fl_0049.jpeg,2,desconocido,train,flores,false,fl_0049.jpeg
fl_0050.jpeg,C:\Users\mance\Documents\Steffi\Lichen-Dreams\backend\ia\datasets\liquenes_desconocidos\flores\fl_0050.jpeg,2,desconocido,train,flores,false,fl_0050.jpeg
fl_0051.jpeg,C:\Users\mance\Documents\Steffi\Lichen-Dreams\backend\ia\datasets\liquenes_desconocidos\flores\fl_0051.jpeg,2,desconocido,train,flores,false,fl_0051.jpeg
fl_0052.jpeg,C:\Users\mance\Documents\Steffi\Lichen-Dreams\backend\ia\datasets\liquenes_desconocidos\flores\fl_0052.jpeg,2,desconocido,train,flores,false,fl_0052.jpeg
fl_0053.jpeg,C:\Users\mance\Documents\Steffi\Lichen-Dreams\backend\ia\datasets\liquenes_desconocidos\flores\fl_0053.jpeg,2,desconocido,train,flores,false,fl_0053.jpeg
fl_0054.jpeg,C:\Users\mance\Documents\Steffi\Lichen-Dreams\backend\ia\datasets\liquenes_desconocidos\flores\fl_0054.jpeg,2,desconocido,train,flores,false,fl_0054.jpeg
fl_0055.jpeg,C:\Users\mance\Documents\Steffi\Lichen-Dreams\backend\ia\datasets\liquenes_desconocidos\flores\fl_0055.jpeg,2,desconocido,train,flores,false,fl_0055.jpeg
fl_0056.jpeg,C:\Users\mance\Documents\Steffi\Lichen-Dreams\backend\ia\datasets\liquenes_desconocidos\flores\fl_0056.jpeg,2,desconocido,train,flores,false,fl_0056.jpeg
fl_0057.jpeg,C:\Users\mance\Documents\Steffi\Lichen-Dreams\backend\ia\datasets\liquenes_desconocidos\flores\fl_0057.jpeg,2,desconocido,train,flores,false,fl_0057.jpeg
fl_0058.jpeg,C:\Users\mance\Documents\Steffi\Lichen-Dreams\backend\ia\datasets\liquenes_desconocidos\flores\fl_0058.jpeg,2,desconocido,train,flores,false,fl_0058.jpeg
fl_0059.jpeg,C:\Users\mance\Documents\Steffi\Lichen-Dreams\backend\ia\datasets\liquenes_desconocidos\flores\fl_0059.jpeg,2,desconocido,train,flores,false,fl_0059.jpeg
fl_0060.jpg,C:\Users\mance\Documents\Steffi\Lichen-Dreams\backend\ia\datasets\liquenes_desconocidos\flores\fl_0060.jpg,2,desconocido,train,flores,false,fl_0060.jpg
hp_0001.jpg,C:\Users\mance\Documents\Steffi\Lichen-Dreams\backend\ia\datasets\liquenes_desconocidos\hojas_plantas\hp_0001.jpg,2,desconocido,train,hojas_plantas,false,hp_0001.jpg
hp_0002.jpg,C:\Users\mance\Documents\Steffi\Lichen-Dreams\backend\ia\datasets\liquenes_desconocidos\hojas_plantas\hp_0002.jpg,2,desconocido,train,hojas_plantas,false,hp_0002.jpg
hp_0003.jpg,C:\Users\mance\Documents\Steffi\Lichen-Dreams\backend\ia\datasets\liquenes_desconocidos\hojas_plantas\hp_0003.jpg,2,desconocido,train,hojas_plantas,false,hp_0003.jpg
hp_0004.jpg,C:\Users\mance\Documents\Steffi\Lichen-Dreams\backend\ia\datasets\liquenes_desconocidos\hojas_plantas\hp_0004.jpg,2,desconocido,train,hojas_plantas,false,hp_0004.jpg
hp_0005.jpg,C:\Users\mance\Documents\Steffi\Lichen-Dreams\backend\ia\datasets\liquenes_desconocidos\hojas_plantas\hp_0005.jpg,2,desconocido,train,hojas_plantas,false,hp_0005.jpg
hp_0006.jpg,C:\Users\mance\Documents\Steffi\Lichen-Dreams\backend\ia\datasets\liquenes_desconocidos\hojas_plantas\hp_0006.jpg,2,desconocido,train,hojas_plantas,false,hp_0006.jpg
hp_0007.jpg,C:\Users\mance\Documents\Steffi\Lichen-Dreams\backend\ia\datasets\liquenes_desconocidos\hojas_plantas\hp_0007.jpg,2,desconocido,train,hojas_plantas,false,hp_0007.jpg
hp_0008.jpg,C:\Users\mance\Documents\Steffi\Lichen-Dreams\backend\ia\datasets\liquenes_desconocidos\hojas_plantas\hp_0008.jpg,2,desconocido,train,hojas_plantas,false,hp_0008.jpg
hp_0009.jpg,C:\Users\mance\Documents\Steffi\Lichen-Dreams\backend\ia\datasets\liquenes_desconocidos\hojas_plantas\hp_0009.jpg,2,desconocido,train,hojas_plantas,false,hp_0009.jpg
hp_0010.jpg,C:\Users\mance\Documents\Steffi\Lichen-Dreams\backend\ia\datasets\liquenes_desconocidos\hojas_plantas\hp_0010.jpg,2,desconocido,train,hojas_plantas,false,hp_0010.jpg
hp_0011.jpg,C:\Users\mance\Documents\Steffi\Lichen-Dreams\backend\ia\datasets\liquenes_desconocidos\hojas_plantas\hp_0011.jpg,2,desconocido,train,hojas_plantas,false,hp_0011.jpg
hp_0012.jpg,C:\Users\mance\Documents\Steffi\Lichen-Dreams\backend\ia\datasets\liquenes_desconocidos\hojas_plantas\hp_0012.jpg,2,desconocido,train,hojas_plantas,false,hp_0012.jpg
hp_0013.jpg,C:\Users\mance\Documents\Steffi\Lichen-Dreams\backend\ia\datasets\liquenes_desconocidos\hojas_plantas\hp_0013.jpg,2,desconocido,train,hojas_plantas,false,hp_0013.jpg
hp_0014.jpg,C:\Users\mance\Documents\Steffi\Lichen-Dreams\backend\ia\datasets\liquenes_desconocidos\hojas_plantas\hp_0014.jpg,2,desconocido,train,hojas_plantas,false,hp_0014.jpg
hp_0015.jpg,C:\Users\mance\Documents\Steffi\Lichen-Dreams\backend\ia\datasets\liquenes_desconocidos\hojas_plantas\hp_0015.jpg,2,desconocido,train,hojas_plantas,false,hp_0015.jpg
hp_0016.jpg,C:\Users\mance\Documents\Steffi\Lichen-Dreams\backend\ia\datasets\liquenes_desconocidos\hojas_plantas\hp_0016.jpg,2,desconocido,train,hojas_plantas,false,hp_0016.jpg
hp_0017.jpg,C:\Users\mance\Documents\Steffi\Lichen-Dreams\backend\ia\datasets\liquenes_desconocidos\hojas_plantas\hp_0017.jpg,2,desconocido,train,hojas_plantas,false,hp_0017.jpg
hp_0018.jpg,C:\Users\mance\Documents\Steffi\Lichen-Dreams\backend\ia\datasets\liquenes_desconocidos\hojas_plantas\hp_0018.jpg,2,desconocido,train,hojas_plantas,false,hp_0018.jpg
hp_0019.jpg,C:\Users\mance\Documents\Steffi\Lichen-Dreams\backend\ia\datasets\liquenes_desconocidos\hojas_plantas\hp_0019.jpg,2,desconocido,train,hojas_plantas,false,hp_0019.jpg
hp_0020.jpg,C:\Users\mance\Documents\Steffi\Lichen-Dreams\backend\ia\datasets\liquenes_desconocidos\hojas_plantas\hp_0020.jpg,2,desconocido,train,hojas_plantas,false,hp_0020.jpg
hp_0021.jpg,C:\Users\mance\Documents\Steffi\Lichen-Dreams\backend\ia\datasets\liquenes_desconocidos\hojas_plantas\hp_0021.jpg,2,desconocido,train,hojas_plantas,false,hp_0021.jpg
hp_0022.jpg,C:\Users\mance\Documents\Steffi\Lichen-Dreams\backend\ia\datasets\liquenes_desconocidos\hojas_plantas\hp_0022.jpg,2,desconocido,train,hojas_plantas,false,hp_0022.jpg
hp_0023.jpg,C:\Users\mance\Documents\Steffi\Lichen-Dreams\backend\ia\datasets\liquenes_desconocidos\hojas_plantas\hp_0023.jpg,2,desconocido,train,hojas_plantas,false,hp_0023.jpg
hp_0024.jpg,C:\Users\mance\Documents\Steffi\Lichen-Dreams\backend\ia\datasets\liquenes_desconocidos\hojas_plantas\hp_0024.jpg,2,desconocido,train,hojas_plantas,false,hp_0024.jpg
hp_0025.jpg,C:\Users\mance\Documents\Steffi\Lichen-Dreams\backend\ia\datasets\liquenes_desconocidos\hojas_plantas\hp_0025.jpg,2,desconocido,train,hojas_plantas,false,hp_0025.jpg
hp_0026.jpg,C:\Users\mance\Documents\Steffi\Lichen-Dreams\backend\ia\datasets\liquenes_desconocidos\hojas_plantas\hp_0026.jpg,2,desconocido,train,hojas_plantas,false,hp_0026.jpg
hp_0027.jpg,C:\Users\mance\Documents\Steffi\Lichen-Dreams\backend\ia\datasets\liquenes_desconocidos\hojas_plantas\hp_0027.jpg,2,desconocido,train,hojas_plantas,false,hp_0027.jpg
hp_0028.jpg,C:\Users\mance\Documents\Steffi\Lichen-Dreams\backend\ia\datasets\liquenes_desconocidos\hojas_plantas\hp_0028.jpg,2,desconocido,train,hojas_plantas,false,hp_0028.jpg
hp_0029.jpg,C:\Users\mance\Documents\Steffi\Lichen-Dreams\backend\ia\datasets\liquenes_desconocidos\hojas_plantas\hp_0029.jpg,2,desconocido,train,hojas_plantas,false,hp_0029.jpg
hp_0030.jpg,C:\Users\mance\Documents\Steffi\Lichen-Dreams\backend\ia\datasets\liquenes_desconocidos\hojas_plantas\hp_0030.jpg,2,desconocido,train,hojas_plantas,false,hp_0030.jpg
hp_0031.jpg,C:\Users\mance\Documents\Steffi\Lichen-Dreams\backend\ia\datasets\liquenes_desconocidos\hojas_plantas\hp_0031.jpg,2,desconocido,train,hojas_plantas,false,hp_0031.jpg
hp_0032.jpg,C:\Users\mance\Documents\Steffi\Lichen-Dreams\backend\ia\datasets\liquenes_desconocidos\hojas_plantas\hp_0032.jpg,2,desconocido,train,hojas_plantas,false,hp_0032.jpg
hp_0033.jpg,C:\Users\mance\Documents\Steffi\Lichen-Dreams\backend\ia\datasets\liquenes_desconocidos\hojas_plantas\hp_0033.jpg,2,desconocido,train,hojas_plantas,false,hp_0033.jpg
hp_0034.jpg,C:\Users\mance\Documents\Steffi\Lichen-Dreams\backend\ia\datasets\liquenes_desconocidos\hojas_plantas\hp_0034.jpg,2,desconocido,train,hojas_plantas,false,hp_0034.jpg
hp_0035.jpg,C:\Users\mance\Documents\Steffi\Lichen-Dreams\backend\ia\datasets\liquenes_desconocidos\hojas_plantas\hp_0035.jpg,2,desconocido,train,hojas_plantas,false,hp_0035.jpg
hp_0036.jpeg,C:\Users\mance\Documents\Steffi\Lichen-Dreams\backend\ia\datasets\liquenes_desconocidos\hojas_plantas\hp_0036.jpeg,2,desconocido,train,hojas_plantas,false,hp_0036.jpeg
hp_0037.jpeg,C:\Users\mance\Documents\Steffi\Lichen-Dreams\backend\ia\datasets\liquenes_desconocidos\hojas_plantas\hp_0037.jpeg,2,desconocido,train,hojas_plantas,false,hp_0037.jpeg
hp_0038.jpg,C:\Users\mance\Documents\Steffi\Lichen-Dreams\backend\ia\datasets\liquenes_desconocidos\hojas_plantas\hp_0038.jpg,2,desconocido,train,hojas_plantas,false,hp_0038.jpg
hp_0039.jpeg,C:\Users\mance\Documents\Steffi\Lichen-Dreams\backend\ia\datasets\liquenes_desconocidos\hojas_plantas\hp_0039.jpeg,2,desconocido,train,hojas_plantas,false,hp_0039.jpeg
hp_0040.jpeg,C:\Users\mance\Documents\Steffi\Lichen-Dreams\backend\ia\datasets\liquenes_desconocidos\hojas_plantas\hp_0040.jpeg,2,desconocido,train,hojas_plantas,false,hp_0040.jpeg
hp_0041.jpeg,C:\Users\mance\Documents\Steffi\Lichen-Dreams\backend\ia\datasets\liquenes_desconocidos\hojas_plantas\hp_0041.jpeg,2,desconocido,train,hojas_plantas,false,hp_0041.jpeg
hp_0042.jpeg,C:\Users\mance\Documents\Steffi\Lichen-Dreams\backend\ia\datasets\liquenes_desconocidos\hojas_plantas\hp_0042.jpeg,2,desconocido,train,hojas_plantas,false,hp_0042.jpeg
hp_0043.jpeg,C:\Users\mance\Documents\Steffi\Lichen-Dreams\backend\ia\datasets\liquenes_desconocidos\hojas_plantas\hp_0043.jpeg,2,desconocido,train,hojas_plantas,false,hp_0043.jpeg
hp_0044.jpeg,C:\Users\mance\Documents\Steffi\Lichen-Dreams\backend\ia\datasets\liquenes_desconocidos\hojas_plantas\hp_0044.jpeg,2,desconocido,train,hojas_plantas,false,hp_0044.jpeg
hp_0045.jpeg,C:\Users\mance\Documents\Steffi\Lichen-Dreams\backend\ia\datasets\liquenes_desconocidos\hojas_plantas\hp_0045.jpeg,2,desconocido,train,hojas_plantas,false,hp_0045.jpeg
hp_0046.jpeg,C:\Users\mance\Documents\Steffi\Lichen-Dreams\backend\ia\datasets\liquenes_desconocidos\hojas_plantas\hp_0046.jpeg,2,desconocido,train,hojas_plantas,false,hp_0046.jpeg
hp_0047.jpeg,C:\Users\mance\Documents\Steffi\Lichen-Dreams\backend\ia\datasets\liquenes_desconocidos\hojas_plantas\hp_0047.jpeg,2,desconocido,train,hojas_plantas,false,hp_0047.jpeg
hp_0048.jpeg,C:\Users\mance\Documents\Steffi\Lichen-Dreams\backend\ia\datasets\liquenes_desconocidos\hojas_plantas\hp_0048.jpeg,2,desconocido,train,hojas_plantas,false,hp_0048.jpeg
hp_0049.jpeg,C:\Users\mance\Documents\Steffi\Lichen-Dreams\backend\ia\datasets\liquenes_desconocidos\hojas_plantas\hp_0049.jpeg,2,desconocido,train,hojas_plantas,false,hp_0049.jpeg
hp_0050.webp,C:\Users\mance\Documents\Steffi\Lichen-Dreams\backend\ia\datasets\liquenes_desconocidos\hojas_plantas\hp_0050.webp,2,desconocido,train,hojas_plantas,false,hp_0050.webp
hp_0051.jpeg,C:\Users\mance\Documents\Steffi\Lichen-Dreams\backend\ia\datasets\liquenes_desconocidos\hojas_plantas\hp_0051.jpeg,2,desconocido,train,hojas_plantas,false,hp_0051.jpeg
hp_0052.jpeg,C:\Users\mance\Documents\Steffi\Lichen-Dreams\backend\ia\datasets\liquenes_desconocidos\hojas_plantas\hp_0052.jpeg,2,desconocido,train,hojas_plantas,false,hp_0052.jpeg
hp_0053.jpeg,C:\Users\mance\Documents\Steffi\Lichen-Dreams\backend\ia\datasets\liquenes_desconocidos\hojas_plantas\hp_0053.jpeg,2,desconocido,train,hojas_plantas,false,hp_0053.jpeg
hp_0054.jpeg,C:\Users\mance\Documents\Steffi\Lichen-Dreams\backend\ia\datasets\liquenes_desconocidos\hojas_plantas\hp_0054.jpeg,2,desconocido,train,hojas_plantas,false,hp_0054.jpeg
hp_0055.jpeg,C:\Users\mance\Documents\Steffi\Lichen-Dreams\backend\ia\datasets\liquenes_desconocidos\hojas_plantas\hp_0055.jpeg,2,desconocido,train,hojas_plantas,false,hp_0055.jpeg
hp_0056.jpeg,C:\Users\mance\Documents\Steffi\Lichen-Dreams\backend\ia\datasets\liquenes_desconocidos\hojas_plantas\hp_0056.jpeg,2,desconocido,train,hojas_plantas,false,hp_0056.jpeg
hp_0057.jpeg,C:\Users\mance\Documents\Steffi\Lichen-Dreams\backend\ia\datasets\liquenes_desconocidos\hojas_plantas\hp_0057.jpeg,2,desconocido,train,hojas_plantas,false,hp_0057.jpeg
hp_0058.jpeg,C:\Users\mance\Documents\Steffi\Lichen-Dreams\backend\ia\datasets\liquenes_desconocidos\hojas_plantas\hp_0058.jpeg,2,desconocido,train,hojas_plantas,false,hp_0058.jpeg
hp_0059.jpeg,C:\Users\mance\Documents\Steffi\Lichen-Dreams\backend\ia\datasets\liquenes_desconocidos\hojas_plantas\hp_0059.jpeg,2,desconocido,train,hojas_plantas,false,hp_0059.jpeg
hp_0060.jpeg,C:\Users\mance\Documents\Steffi\Lichen-Dreams\backend\ia\datasets\liquenes_desconocidos\hojas_plantas\hp_0060.jpeg,2,desconocido,train,hojas_plantas,false,hp_0060.jpeg
hp_0061.jpeg,C:\Users\mance\Documents\Steffi\Lichen-Dreams\backend\ia\datasets\liquenes_desconocidos\hojas_plantas\hp_0061.jpeg,2,desconocido,train,hojas_plantas,false,hp_0061.jpeg
hp_0062.jpeg,C:\Users\mance\Documents\Steffi\Lichen-Dreams\backend\ia\datasets\liquenes_desconocidos\hojas_plantas\hp_0062.jpeg,2,desconocido,train,hojas_plantas,false,hp_0062.jpeg
hp_0063.jpeg,C:\Users\mance\Documents\Steffi\Lichen-Dreams\backend\ia\datasets\liquenes_desconocidos\hojas_plantas\hp_0063.jpeg,2,desconocido,train,hojas_plantas,false,hp_0063.jpeg
hp_0064.jpeg,C:\Users\mance\Documents\Steffi\Lichen-Dreams\backend\ia\datasets\liquenes_desconocidos\hojas_plantas\hp_0064.jpeg,2,desconocido,train,hojas_plantas,false,hp_0064.jpeg
hp_0065.jpeg,C:\Users\mance\Documents\Steffi\Lichen-Dreams\backend\ia\datasets\liquenes_desconocidos\hojas_plantas\hp_0065.jpeg,2,desconocido,train,hojas_plantas,false,hp_0065.jpeg
hp_0066.jpeg,C:\Users\mance\Documents\Steffi\Lichen-Dreams\backend\ia\datasets\liquenes_desconocidos\hojas_plantas\hp_0066.jpeg,2,desconocido,train,hojas_plantas,false,hp_0066.jpeg
hp_0067.jpeg,C:\Users\mance\Documents\Steffi\Lichen-Dreams\backend\ia\datasets\liquenes_desconocidos\hojas_plantas\hp_0067.jpeg,2,desconocido,train,hojas_plantas,false,hp_0067.jpeg
hp_0068.jpeg,C:\Users\mance\Documents\Steffi\Lichen-Dreams\backend\ia\datasets\liquenes_desconocidos\hojas_plantas\hp_0068.jpeg,2,desconocido,train,hojas_plantas,false,hp_0068.jpeg
hp_0069.jpeg,C:\Users\mance\Documents\Steffi\Lichen-Dreams\backend\ia\datasets\liquenes_desconocidos\hojas_plantas\hp_0069.jpeg,2,desconocido,train,hojas_plantas,false,hp_0069.jpeg
hp_0070.jpeg,C:\Users\mance\Documents\Steffi\Lichen-Dreams\backend\ia\datasets\liquenes_desconocidos\hojas_plantas\hp_0070.jpeg,2,desconocido,train,hojas_plantas,false,hp_0070.jpeg
hp_0071.jpeg,C:\Users\mance\Documents\Steffi\Lichen-Dreams\backend\ia\datasets\liquenes_desconocidos\hojas_plantas\hp_0071.jpeg,2,desconocido,train,hojas_plantas,false,hp_0071.jpeg
hp_0072.jpeg,C:\Users\mance\Documents\Steffi\Lichen-Dreams\backend\ia\datasets\liquenes_desconocidos\hojas_plantas\hp_0072.jpeg,2,desconocido,train,hojas_plantas,false,hp_0072.jpeg
hp_0073.jpeg,C:\Users\mance\Documents\Steffi\Lichen-Dreams\backend\ia\datasets\liquenes_desconocidos\hojas_plantas\hp_0073.jpeg,2,desconocido,train,hojas_plantas,false,hp_0073.jpeg
hp_0074.jpeg,C:\Users\mance\Documents\Steffi\Lichen-Dreams\backend\ia\datasets\liquenes_desconocidos\hojas_plantas\hp_0074.jpeg,2,desconocido,train,hojas_plantas,false,hp_0074.jpeg
hp_0075.jpeg,C:\Users\mance\Documents\Steffi\Lichen-Dreams\backend\ia\datasets\liquenes_desconocidos\hojas_plantas\hp_0075.jpeg,2,desconocido,train,hojas_plantas,false,hp_0075.jpeg
hp_0076.jpeg,C:\Users\mance\Documents\Steffi\Lichen-Dreams\backend\ia\datasets\liquenes_desconocidos\hojas_plantas\hp_0076.jpeg,2,desconocido,train,hojas_plantas,false,hp_0076.jpeg
hp_0077.jpg,C:\Users\mance\Documents\Steffi\Lichen-Dreams\backend\ia\datasets\liquenes_desconocidos\hojas_plantas\hp_0077.jpg,2,desconocido,train,hojas_plantas,false,hp_0077.jpg
in_0001.jpg,C:\Users\mance\Documents\Steffi\Lichen-Dreams\backend\ia\datasets\liquenes_desconocidos\insectos\in_0001.jpg,2,desconocido,train,insectos,false,in_0001.jpg
in_0002.jpg,C:\Users\mance\Documents\Steffi\Lichen-Dreams\backend\ia\datasets\liquenes_desconocidos\insectos\in_0002.jpg,2,desconocido,train,insectos,false,in_0002.jpg
in_0003.jpg,C:\Users\mance\Documents\Steffi\Lichen-Dreams\backend\ia\datasets\liquenes_desconocidos\insectos\in_0003.jpg,2,desconocido,train,insectos,false,in_0003.jpg
in_0004.jpg,C:\Users\mance\Documents\Steffi\Lichen-Dreams\backend\ia\datasets\liquenes_desconocidos\insectos\in_0004.jpg,2,desconocido,train,insectos,false,in_0004.jpg
in_0005.jpg,C:\Users\mance\Documents\Steffi\Lichen-Dreams\backend\ia\datasets\liquenes_desconocidos\insectos\in_0005.jpg,2,desconocido,train,insectos,false,in_0005.jpg
in_0006.jpg,C:\Users\mance\Documents\Steffi\Lichen-Dreams\backend\ia\datasets\liquenes_desconocidos\insectos\in_0006.jpg,2,desconocido,train,insectos,false,in_0006.jpg
in_0007.jpg,C:\Users\mance\Documents\Steffi\Lichen-Dreams\backend\ia\datasets\liquenes_desconocidos\insectos\in_0007.jpg,2,desconocido,train,insectos,false,in_0007.jpg
in_0008.jpg,C:\Users\mance\Documents\Steffi\Lichen-Dreams\backend\ia\datasets\liquenes_desconocidos\insectos\in_0008.jpg,2,desconocido,train,insectos,false,in_0008.jpg
in_0009.jpg,C:\Users\mance\Documents\Steffi\Lichen-Dreams\backend\ia\datasets\liquenes_desconocidos\insectos\in_0009.jpg,2,desconocido,train,insectos,false,in_0009.jpg
in_0010.jpg,C:\Users\mance\Documents\Steffi\Lichen-Dreams\backend\ia\datasets\liquenes_desconocidos\insectos\in_0010.jpg,2,desconocido,train,insectos,false,in_0010.jpg
in_0011.jpg,C:\Users\mance\Documents\Steffi\Lichen-Dreams\backend\ia\datasets\liquenes_desconocidos\insectos\in_0011.jpg,2,desconocido,train,insectos,false,in_0011.jpg
in_0012.jpg,C:\Users\mance\Documents\Steffi\Lichen-Dreams\backend\ia\datasets\liquenes_desconocidos\insectos\in_0012.jpg,2,desconocido,train,insectos,false,in_0012.jpg
in_0013.jpg,C:\Users\mance\Documents\Steffi\Lichen-Dreams\backend\ia\datasets\liquenes_desconocidos\insectos\in_0013.jpg,2,desconocido,train,insectos,false,in_0013.jpg
in_0014.jpg,C:\Users\mance\Documents\Steffi\Lichen-Dreams\backend\ia\datasets\liquenes_desconocidos\insectos\in_0014.jpg,2,desconocido,train,insectos,false,in_0014.jpg
in_0015.jpeg,C:\Users\mance\Documents\Steffi\Lichen-Dreams\backend\ia\datasets\liquenes_desconocidos\insectos\in_0015.jpeg,2,desconocido,train,insectos,false,in_0015.jpeg
in_0016.jpeg,C:\Users\mance\Documents\Steffi\Lichen-Dreams\backend\ia\datasets\liquenes_desconocidos\insectos\in_0016.jpeg,2,desconocido,train,insectos,false,in_0016.jpeg
ma_0001.jpg,C:\Users\mance\Documents\Steffi\Lichen-Dreams\backend\ia\datasets\liquenes_desconocidos\madera\ma_0001.jpg,2,desconocido,train,madera,false,ma_0001.jpg
ma_0002.jpg,C:\Users\mance\Documents\Steffi\Lichen-Dreams\backend\ia\datasets\liquenes_desconocidos\madera\ma_0002.jpg,2,desconocido,train,madera,false,ma_0002.jpg
ma_0003.jpg,C:\Users\mance\Documents\Steffi\Lichen-Dreams\backend\ia\datasets\liquenes_desconocidos\madera\ma_0003.jpg,2,desconocido,train,madera,false,ma_0003.jpg
ma_0004.jpg,C:\Users\mance\Documents\Steffi\Lichen-Dreams\backend\ia\datasets\liquenes_desconocidos\madera\ma_0004.jpg,2,desconocido,train,madera,false,ma_0004.jpg
ma_0005.jpg,C:\Users\mance\Documents\Steffi\Lichen-Dreams\backend\ia\datasets\liquenes_desconocidos\madera\ma_0005.jpg,2,desconocido,train,madera,false,ma_0005.jpg
ma_0006.jpg,C:\Users\mance\Documents\Steffi\Lichen-Dreams\backend\ia\datasets\liquenes_desconocidos\madera\ma_0006.jpg,2,desconocido,train,madera,false,ma_0006.jpg
ma_0007.jpg,C:\Users\mance\Documents\Steffi\Lichen-Dreams\backend\ia\datasets\liquenes_desconocidos\madera\ma_0007.jpg,2,desconocido,train,madera,false,ma_0007.jpg
ma_0008.jpg,C:\Users\mance\Documents\Steffi\Lichen-Dreams\backend\ia\datasets\liquenes_desconocidos\madera\ma_0008.jpg,2,desconocido,train,madera,false,ma_0008.jpg
ma_0009.jpg,C:\Users\mance\Documents\Steffi\Lichen-Dreams\backend\ia\datasets\liquenes_desconocidos\madera\ma_0009.jpg,2,desconocido,train,madera,false,ma_0009.jpg
ma_0010.jpg,C:\Users\mance\Documents\Steffi\Lichen-Dreams\backend\ia\datasets\liquenes_desconocidos\madera\ma_0010.jpg,2,desconocido,train,madera,false,ma_0010.jpg
ma_0011.jpg,C:\Users\mance\Documents\Steffi\Lichen-Dreams\backend\ia\datasets\liquenes_desconocidos\madera\ma_0011.jpg,2,desconocido,train,madera,false,ma_0011.jpg
ma_0012.jpg,C:\Users\mance\Documents\Steffi\Lichen-Dreams\backend\ia\datasets\liquenes_desconocidos\madera\ma_0012.jpg,2,desconocido,train,madera,false,ma_0012.jpg
ma_0013.jpg,C:\Users\mance\Documents\Steffi\Lichen-Dreams\backend\ia\datasets\liquenes_desconocidos\madera\ma_0013.jpg,2,desconocido,train,madera,false,ma_0013.jpg
ma_0014.jpg,C:\Users\mance\Documents\Steffi\Lichen-Dreams\backend\ia\datasets\liquenes_desconocidos\madera\ma_0014.jpg,2,desconocido,train,madera,false,ma_0014.jpg
ma_0015.jpeg,C:\Users\mance\Documents\Steffi\Lichen-Dreams\backend\ia\datasets\liquenes_desconocidos\madera\ma_0015.jpeg,2,desconocido,train,madera,false,ma_0015.jpeg
ma_0016.jpeg,C:\Users\mance\Documents\Steffi\Lichen-Dreams\backend\ia\datasets\liquenes_desconocidos\madera\ma_0016.jpeg,2,desconocido,train,madera,false,ma_0016.jpeg
ma_0017.jpg,C:\Users\mance\Documents\Steffi\Lichen-Dreams\backend\ia\datasets\liquenes_desconocidos\madera\ma_0017.jpg,2,desconocido,train,madera,false,ma_0017.jpg
ma_0018.jpg,C:\Users\mance\Documents\Steffi\Lichen-Dreams\backend\ia\datasets\liquenes_desconocidos\madera\ma_0018.jpg,2,desconocido,train,madera,false,ma_0018.jpg
ma_0019.jpg,C:\Users\mance\Documents\Steffi\Lichen-Dreams\backend\ia\datasets\liquenes_desconocidos\madera\ma_0019.jpg,2,desconocido,train,madera,false,ma_0019.jpg
ma_0020.jpg,C:\Users\mance\Documents\Steffi\Lichen-Dreams\backend\ia\datasets\liquenes_desconocidos\madera\ma_0020.jpg,2,desconocido,train,madera,false,ma_0020.jpg
ma_0021.jpg,C:\Users\mance\Documents\Steffi\Lichen-Dreams\backend\ia\datasets\liquenes_desconocidos\madera\ma_0021.jpg,2,desconocido,train,madera,false,ma_0021.jpg
ma_0022.jpg,C:\Users\mance\Documents\Steffi\Lichen-Dreams\backend\ia\datasets\liquenes_desconocidos\madera\ma_0022.jpg,2,desconocido,train,madera,false,ma_0022.jpg
ma_0023.jpg,C:\Users\mance\Documents\Steffi\Lichen-Dreams\backend\ia\datasets\liquenes_desconocidos\madera\ma_0023.jpg,2,desconocido,train,madera,false,ma_0023.jpg
ma_0024.jpg,C:\Users\mance\Documents\Steffi\Lichen-Dreams\backend\ia\datasets\liquenes_desconocidos\madera\ma_0024.jpg,2,desconocido,train,madera,false,ma_0024.jpg
ma_0025.jpg,C:\Users\mance\Documents\Steffi\Lichen-Dreams\backend\ia\datasets\liquenes_desconocidos\madera\ma_0025.jpg,2,desconocido,train,madera,false,ma_0025.jpg
ma_0026.jpeg,C:\Users\mance\Documents\Steffi\Lichen-Dreams\backend\ia\datasets\liquenes_desconocidos\madera\ma_0026.jpeg,2,desconocido,train,madera,false,ma_0026.jpeg
ma_0027.jpg,C:\Users\mance\Documents\Steffi\Lichen-Dreams\backend\ia\datasets\liquenes_desconocidos\madera\ma_0027.jpg,2,desconocido,train,madera,false,ma_0027.jpg
ma_0028.jpg,C:\Users\mance\Documents\Steffi\Lichen-Dreams\backend\ia\datasets\liquenes_desconocidos\madera\ma_0028.jpg,2,desconocido,train,madera,false,ma_0028.jpg
ma_0029.jpg,C:\Users\mance\Documents\Steffi\Lichen-Dreams\backend\ia\datasets\liquenes_desconocidos\madera\ma_0029.jpg,2,desconocido,train,madera,false,ma_0029.jpg
ma_0030.jpg,C:\Users\mance\Documents\Steffi\Lichen-Dreams\backend\ia\datasets\liquenes_desconocidos\madera\ma_0030.jpg,2,desconocido,train,madera,false,ma_0030.jpg
ma_0031.jpg,C:\Users\mance\Documents\Steffi\Lichen-Dreams\backend\ia\datasets\liquenes_desconocidos\madera\ma_0031.jpg,2,desconocido,train,madera,false,ma_0031.jpg
ma_0032.jpg,C:\Users\mance\Documents\Steffi\Lichen-Dreams\backend\ia\datasets\liquenes_desconocidos\madera\ma_0032.jpg,2,desconocido,train,madera,false,ma_0032.jpg
ma_0033.jpeg,C:\Users\mance\Documents\Steffi\Lichen-Dreams\backend\ia\datasets\liquenes_desconocidos\madera\ma_0033.jpeg,2,desconocido,train,madera,false,ma_0033.jpeg
ma_0034.jpeg,C:\Users\mance\Documents\Steffi\Lichen-Dreams\backend\ia\datasets\liquenes_desconocidos\madera\ma_0034.jpeg,2,desconocido,train,madera,false,ma_0034.jpeg
ma_0035.jpeg,C:\Users\mance\Documents\Steffi\Lichen-Dreams\backend\ia\datasets\liquenes_desconocidos\madera\ma_0035.jpeg,2,desconocido,train,madera,false,ma_0035.jpeg
ma_0036.jpeg,C:\Users\mance\Documents\Steffi\Lichen-Dreams\backend\ia\datasets\liquenes_desconocidos\madera\ma_0036.jpeg,2,desconocido,train,madera,false,ma_0036.jpeg
ma_0037.jpeg,C:\Users\mance\Documents\Steffi\Lichen-Dreams\backend\ia\datasets\liquenes_desconocidos\madera\ma_0037.jpeg,2,desconocido,train,madera,false,ma_0037.jpeg
ma_0038.jpg,C:\Users\mance\Documents\Steffi\Lichen-Dreams\backend\ia\datasets\liquenes_desconocidos\madera\ma_0038.jpg,2,desconocido,train,madera,false,ma_0038.jpg
ma_0039.jpeg,C:\Users\mance\Documents\Steffi\Lichen-Dreams\backend\ia\datasets\liquenes_desconocidos\madera\ma_0039.jpeg,2,desconocido,train,madera,false,ma_0039.jpeg
ma_0040.jpeg,C:\Users\mance\Documents\Steffi\Lichen-Dreams\backend\ia\datasets\liquenes_desconocidos\madera\ma_0040.jpeg,2,desconocido,train,madera,false,ma_0040.jpeg
ma_0041.jpeg,C:\Users\mance\Documents\Steffi\Lichen-Dreams\backend\ia\datasets\liquenes_desconocidos\madera\ma_0041.jpeg,2,desconocido,train,madera,false,ma_0041.jpeg
ma_0042.jpg,C:\Users\mance\Documents\Steffi\Lichen-Dreams\backend\ia\datasets\liquenes_desconocidos\madera\ma_0042.jpg,2,desconocido,train,madera,false,ma_0042.jpg
ma_0043.webp,C:\Users\mance\Documents\Steffi\Lichen-Dreams\backend\ia\datasets\liquenes_desconocidos\madera\ma_0043.webp,2,desconocido,train,madera,false,ma_0043.webp
ma_0044.jpg,C:\Users\mance\Documents\Steffi\Lichen-Dreams\backend\ia\datasets\liquenes_desconocidos\madera\ma_0044.jpg,2,desconocido,train,madera,false,ma_0044.jpg
ma_0045.jpeg,C:\Users\mance\Documents\Steffi\Lichen-Dreams\backend\ia\datasets\liquenes_desconocidos\madera\ma_0045.jpeg,2,desconocido,train,madera,false,ma_0045.jpeg
ma_0046.jpeg,C:\Users\mance\Documents\Steffi\Lichen-Dreams\backend\ia\datasets\liquenes_desconocidos\madera\ma_0046.jpeg,2,desconocido,train,madera,false,ma_0046.jpeg
ma_0047.jpeg,C:\Users\mance\Documents\Steffi\Lichen-Dreams\backend\ia\datasets\liquenes_desconocidos\madera\ma_0047.jpeg,2,desconocido,train,madera,false,ma_0047.jpeg
ma_0048.jpeg,C:\Users\mance\Documents\Steffi\Lichen-Dreams\backend\ia\datasets\liquenes_desconocidos\madera\ma_0048.jpeg,2,desconocido,train,madera,false,ma_0048.jpeg
ma_0049.jpeg,C:\Users\mance\Documents\Steffi\Lichen-Dreams\backend\ia\datasets\liquenes_desconocidos\madera\ma_0049.jpeg,2,desconocido,train,madera,false,ma_0049.jpeg
ma_0050.jpeg,C:\Users\mance\Documents\Steffi\Lichen-Dreams\backend\ia\datasets\liquenes_desconocidos\madera\ma_0050.jpeg,2,desconocido,train,madera,false,ma_0050.jpeg
ma_0051.jpg,C:\Users\mance\Documents\Steffi\Lichen-Dreams\backend\ia\datasets\liquenes_desconocidos\madera\ma_0051.jpg,2,desconocido,train,madera,false,ma_0051.jpg
ma_0052.jpg,C:\Users\mance\Documents\Steffi\Lichen-Dreams\backend\ia\datasets\liquenes_desconocidos\madera\ma_0052.jpg,2,desconocido,train,madera,false,ma_0052.jpg
me_0001.jpg,C:\Users\mance\Documents\Steffi\Lichen-Dreams\backend\ia\datasets\liquenes_desconocidos\metal\me_0001.jpg,2,desconocido,train,metal,false,me_0001.jpg
me_0002.jpg,C:\Users\mance\Documents\Steffi\Lichen-Dreams\backend\ia\datasets\liquenes_desconocidos\metal\me_0002.jpg,2,desconocido,train,metal,false,me_0002.jpg
me_0003.jpg,C:\Users\mance\Documents\Steffi\Lichen-Dreams\backend\ia\datasets\liquenes_desconocidos\metal\me_0003.jpg,2,desconocido,train,metal,false,me_0003.jpg
me_0004.jpg,C:\Users\mance\Documents\Steffi\Lichen-Dreams\backend\ia\datasets\liquenes_desconocidos\metal\me_0004.jpg,2,desconocido,train,metal,false,me_0004.jpg
me_0005.jpg,C:\Users\mance\Documents\Steffi\Lichen-Dreams\backend\ia\datasets\liquenes_desconocidos\metal\me_0005.jpg,2,desconocido,train,metal,false,me_0005.jpg
me_0006.jpg,C:\Users\mance\Documents\Steffi\Lichen-Dreams\backend\ia\datasets\liquenes_desconocidos\metal\me_0006.jpg,2,desconocido,train,metal,false,me_0006.jpg
me_0007.jpg,C:\Users\mance\Documents\Steffi\Lichen-Dreams\backend\ia\datasets\liquenes_desconocidos\metal\me_0007.jpg,2,desconocido,train,metal,false,me_0007.jpg
me_0008.jpg,C:\Users\mance\Documents\Steffi\Lichen-Dreams\backend\ia\datasets\liquenes_desconocidos\metal\me_0008.jpg,2,desconocido,train,metal,false,me_0008.jpg
me_0009.jpg,C:\Users\mance\Documents\Steffi\Lichen-Dreams\backend\ia\datasets\liquenes_desconocidos\metal\me_0009.jpg,2,desconocido,train,metal,false,me_0009.jpg
me_0010.jpg,C:\Users\mance\Documents\Steffi\Lichen-Dreams\backend\ia\datasets\liquenes_desconocidos\metal\me_0010.jpg,2,desconocido,train,metal,false,me_0010.jpg
me_0011.jpg,C:\Users\mance\Documents\Steffi\Lichen-Dreams\backend\ia\datasets\liquenes_desconocidos\metal\me_0011.jpg,2,desconocido,train,metal,false,me_0011.jpg
me_0012.jpg,C:\Users\mance\Documents\Steffi\Lichen-Dreams\backend\ia\datasets\liquenes_desconocidos\metal\me_0012.jpg,2,desconocido,train,metal,false,me_0012.jpg
me_0013.jpg,C:\Users\mance\Documents\Steffi\Lichen-Dreams\backend\ia\datasets\liquenes_desconocidos\metal\me_0013.jpg,2,desconocido,train,metal,false,me_0013.jpg
me_0014.jpg,C:\Users\mance\Documents\Steffi\Lichen-Dreams\backend\ia\datasets\liquenes_desconocidos\metal\me_0014.jpg,2,desconocido,train,metal,false,me_0014.jpg
me_0015.jpg,C:\Users\mance\Documents\Steffi\Lichen-Dreams\backend\ia\datasets\liquenes_desconocidos\metal\me_0015.jpg,2,desconocido,train,metal,false,me_0015.jpg
me_0016.jpg,C:\Users\mance\Documents\Steffi\Lichen-Dreams\backend\ia\datasets\liquenes_desconocidos\metal\me_0016.jpg,2,desconocido,train,metal,false,me_0016.jpg
me_0017.jpg,C:\Users\mance\Documents\Steffi\Lichen-Dreams\backend\ia\datasets\liquenes_desconocidos\metal\me_0017.jpg,2,desconocido,train,metal,false,me_0017.jpg
me_0018.jpg,C:\Users\mance\Documents\Steffi\Lichen-Dreams\backend\ia\datasets\liquenes_desconocidos\metal\me_0018.jpg,2,desconocido,train,metal,false,me_0018.jpg
me_0019.jpg,C:\Users\mance\Documents\Steffi\Lichen-Dreams\backend\ia\datasets\liquenes_desconocidos\metal\me_0019.jpg,2,desconocido,train,metal,false,me_0019.jpg
me_0020.jpg,C:\Users\mance\Documents\Steffi\Lichen-Dreams\backend\ia\datasets\liquenes_desconocidos\metal\me_0020.jpg,2,desconocido,train,metal,false,me_0020.jpg
me_0021.jpg,C:\Users\mance\Documents\Steffi\Lichen-Dreams\backend\ia\datasets\liquenes_desconocidos\metal\me_0021.jpg,2,desconocido,train,metal,false,me_0021.jpg
me_0022.jpg,C:\Users\mance\Documents\Steffi\Lichen-Dreams\backend\ia\datasets\liquenes_desconocidos\metal\me_0022.jpg,2,desconocido,train,metal,false,me_0022.jpg
me_0023.jpg,C:\Users\mance\Documents\Steffi\Lichen-Dreams\backend\ia\datasets\liquenes_desconocidos\metal\me_0023.jpg,2,desconocido,train,metal,false,me_0023.jpg
me_0024.webp,C:\Users\mance\Documents\Steffi\Lichen-Dreams\backend\ia\datasets\liquenes_desconocidos\metal\me_0024.webp,2,desconocido,train,metal,false,me_0024.webp
me_0025.jpg,C:\Users\mance\Documents\Steffi\Lichen-Dreams\backend\ia\datasets\liquenes_desconocidos\metal\me_0025.jpg,2,desconocido,train,metal,false,me_0025.jpg
me_0026.jpeg,C:\Users\mance\Documents\Steffi\Lichen-Dreams\backend\ia\datasets\liquenes_desconocidos\metal\me_0026.jpeg,2,desconocido,train,metal,false,me_0026.jpeg
me_0027.jpeg,C:\Users\mance\Documents\Steffi\Lichen-Dreams\backend\ia\datasets\liquenes_desconocidos\metal\me_0027.jpeg,2,desconocido,train,metal,false,me_0027.jpeg
me_0028.jpeg,C:\Users\mance\Documents\Steffi\Lichen-Dreams\backend\ia\datasets\liquenes_desconocidos\metal\me_0028.jpeg,2,desconocido,train,metal,false,me_0028.jpeg
me_0029.jpg,C:\Users\mance\Documents\Steffi\Lichen-Dreams\backend\ia\datasets\liquenes_desconocidos\metal\me_0029.jpg,2,desconocido,train,metal,false,me_0029.jpg
me_0030.jpg,C:\Users\mance\Documents\Steffi\Lichen-Dreams\backend\ia\datasets\liquenes_desconocidos\metal\me_0030.jpg,2,desconocido,train,metal,false,me_0030.jpg
me_0031.jpg,C:\Users\mance\Documents\Steffi\Lichen-Dreams\backend\ia\datasets\liquenes_desconocidos\metal\me_0031.jpg,2,desconocido,train,metal,false,me_0031.jpg
me_0032.jpg,C:\Users\mance\Documents\Steffi\Lichen-Dreams\backend\ia\datasets\liquenes_desconocidos\metal\me_0032.jpg,2,desconocido,train,metal,false,me_0032.jpg
me_0033.webp,C:\Users\mance\Documents\Steffi\Lichen-Dreams\backend\ia\datasets\liquenes_desconocidos\metal\me_0033.webp,2,desconocido,train,metal,false,me_0033.webp
me_0034.jpg,C:\Users\mance\Documents\Steffi\Lichen-Dreams\backend\ia\datasets\liquenes_desconocidos\metal\me_0034.jpg,2,desconocido,train,metal,false,me_0034.jpg
me_0035.jpg,C:\Users\mance\Documents\Steffi\Lichen-Dreams\backend\ia\datasets\liquenes_desconocidos\metal\me_0035.jpg,2,desconocido,train,metal,false,me_0035.jpg
me_0036.jpeg,C:\Users\mance\Documents\Steffi\Lichen-Dreams\backend\ia\datasets\liquenes_desconocidos\metal\me_0036.jpeg,2,desconocido,train,metal,false,me_0036.jpeg
me_0037.jpeg,C:\Users\mance\Documents\Steffi\Lichen-Dreams\backend\ia\datasets\liquenes_desconocidos\metal\me_0037.jpeg,2,desconocido,train,metal,false,me_0037.jpeg
me_0038.jpeg,C:\Users\mance\Documents\Steffi\Lichen-Dreams\backend\ia\datasets\liquenes_desconocidos\metal\me_0038.jpeg,2,desconocido,train,metal,false,me_0038.jpeg
me_0039.jpeg,C:\Users\mance\Documents\Steffi\Lichen-Dreams\backend\ia\datasets\liquenes_desconocidos\metal\me_0039.jpeg,2,desconocido,train,metal,false,me_0039.jpeg
me_0040.jpeg,C:\Users\mance\Documents\Steffi\Lichen-Dreams\backend\ia\datasets\liquenes_desconocidos\metal\me_0040.jpeg,2,desconocido,train,metal,false,me_0040.jpeg
me_0041.jpeg,C:\Users\mance\Documents\Steffi\Lichen-Dreams\backend\ia\datasets\liquenes_desconocidos\metal\me_0041.jpeg,2,desconocido,train,metal,false,me_0041.jpeg
mu_0001.jpg,C:\Users\mance\Documents\Steffi\Lichen-Dreams\backend\ia\datasets\liquenes_desconocidos\musgo\mu_0001.jpg,2,desconocido,train,musgo,false,mu_0001.jpg
mu_0002.jpg,C:\Users\mance\Documents\Steffi\Lichen-Dreams\backend\ia\datasets\liquenes_desconocidos\musgo\mu_0002.jpg,2,desconocido,train,musgo,false,mu_0002.jpg
mu_0003.jpg,C:\Users\mance\Documents\Steffi\Lichen-Dreams\backend\ia\datasets\liquenes_desconocidos\musgo\mu_0003.jpg,2,desconocido,train,musgo,false,mu_0003.jpg
mu_0004.jpg,C:\Users\mance\Documents\Steffi\Lichen-Dreams\backend\ia\datasets\liquenes_desconocidos\musgo\mu_0004.jpg,2,desconocido,train,musgo,false,mu_0004.jpg
mu_0005.jpg,C:\Users\mance\Documents\Steffi\Lichen-Dreams\backend\ia\datasets\liquenes_desconocidos\musgo\mu_0005.jpg,2,desconocido,train,musgo,false,mu_0005.jpg
mu_0006.jpg,C:\Users\mance\Documents\Steffi\Lichen-Dreams\backend\ia\datasets\liquenes_desconocidos\musgo\mu_0006.jpg,2,desconocido,train,musgo,false,mu_0006.jpg
mu_0007.jpg,C:\Users\mance\Documents\Steffi\Lichen-Dreams\backend\ia\datasets\liquenes_desconocidos\musgo\mu_0007.jpg,2,desconocido,train,musgo,false,mu_0007.jpg
mu_0008.jpg,C:\Users\mance\Documents\Steffi\Lichen-Dreams\backend\ia\datasets\liquenes_desconocidos\musgo\mu_0008.jpg,2,desconocido,train,musgo,false,mu_0008.jpg
mu_0009.jpg,C:\Users\mance\Documents\Steffi\Lichen-Dreams\backend\ia\datasets\liquenes_desconocidos\musgo\mu_0009.jpg,2,desconocido,train,musgo,false,mu_0009.jpg
mu_0010.jpg,C:\Users\mance\Documents\Steffi\Lichen-Dreams\backend\ia\datasets\liquenes_desconocidos\musgo\mu_0010.jpg,2,desconocido,train,musgo,false,mu_0010.jpg
mu_0011.jpg,C:\Users\mance\Documents\Steffi\Lichen-Dreams\backend\ia\datasets\liquenes_desconocidos\musgo\mu_0011.jpg,2,desconocido,train,musgo,false,mu_0011.jpg
mu_0012.jpg,C:\Users\mance\Documents\Steffi\Lichen-Dreams\backend\ia\datasets\liquenes_desconocidos\musgo\mu_0012.jpg,2,desconocido,train,musgo,false,mu_0012.jpg
mu_0013.webp,C:\Users\mance\Documents\Steffi\Lichen-Dreams\backend\ia\datasets\liquenes_desconocidos\musgo\mu_0013.webp,2,desconocido,train,musgo,false,mu_0013.webp
mu_0014.jpg,C:\Users\mance\Documents\Steffi\Lichen-Dreams\backend\ia\datasets\liquenes_desconocidos\musgo\mu_0014.jpg,2,desconocido,train,musgo,false,mu_0014.jpg
mu_0015.jpg,C:\Users\mance\Documents\Steffi\Lichen-Dreams\backend\ia\datasets\liquenes_desconocidos\musgo\mu_0015.jpg,2,desconocido,train,musgo,false,mu_0015.jpg
mu_0016.jpg,C:\Users\mance\Documents\Steffi\Lichen-Dreams\backend\ia\datasets\liquenes_desconocidos\musgo\mu_0016.jpg,2,desconocido,train,musgo,false,mu_0016.jpg
mu_0017.jpg,C:\Users\mance\Documents\Steffi\Lichen-Dreams\backend\ia\datasets\liquenes_desconocidos\musgo\mu_0017.jpg,2,desconocido,train,musgo,false,mu_0017.jpg
mu_0018.jpg,C:\Users\mance\Documents\Steffi\Lichen-Dreams\backend\ia\datasets\liquenes_desconocidos\musgo\mu_0018.jpg,2,desconocido,train,musgo,false,mu_0018.jpg
mu_0019.jpg,C:\Users\mance\Documents\Steffi\Lichen-Dreams\backend\ia\datasets\liquenes_desconocidos\musgo\mu_0019.jpg,2,desconocido,train,musgo,false,mu_0019.jpg
mu_0020.jpg,C:\Users\mance\Documents\Steffi\Lichen-Dreams\backend\ia\datasets\liquenes_desconocidos\musgo\mu_0020.jpg,2,desconocido,train,musgo,false,mu_0020.jpg
mu_0021.jpeg,C:\Users\mance\Documents\Steffi\Lichen-Dreams\backend\ia\datasets\liquenes_desconocidos\musgo\mu_0021.jpeg,2,desconocido,train,musgo,false,mu_0021.jpeg
mu_0022.jpeg,C:\Users\mance\Documents\Steffi\Lichen-Dreams\backend\ia\datasets\liquenes_desconocidos\musgo\mu_0022.jpeg,2,desconocido,train,musgo,false,mu_0022.jpeg
mu_0023.jpeg,C:\Users\mance\Documents\Steffi\Lichen-Dreams\backend\ia\datasets\liquenes_desconocidos\musgo\mu_0023.jpeg,2,desconocido,train,musgo,false,mu_0023.jpeg
mu_0024.jpeg,C:\Users\mance\Documents\Steffi\Lichen-Dreams\backend\ia\datasets\liquenes_desconocidos\musgo\mu_0024.jpeg,2,desconocido,train,musgo,false,mu_0024.jpeg
mu_0025.jpeg,C:\Users\mance\Documents\Steffi\Lichen-Dreams\backend\ia\datasets\liquenes_desconocidos\musgo\mu_0025.jpeg,2,desconocido,train,musgo,false,mu_0025.jpeg
mu_0026.jpeg,C:\Users\mance\Documents\Steffi\Lichen-Dreams\backend\ia\datasets\liquenes_desconocidos\musgo\mu_0026.jpeg,2,desconocido,train,musgo,false,mu_0026.jpeg
mu_0027.jpg,C:\Users\mance\Documents\Steffi\Lichen-Dreams\backend\ia\datasets\liquenes_desconocidos\musgo\mu_0027.jpg,2,desconocido,train,musgo,false,mu_0027.jpg
mu_0028.jpg,C:\Users\mance\Documents\Steffi\Lichen-Dreams\backend\ia\datasets\liquenes_desconocidos\musgo\mu_0028.jpg,2,desconocido,train,musgo,false,mu_0028.jpg
mu_0029.jpg,C:\Users\mance\Documents\Steffi\Lichen-Dreams\backend\ia\datasets\liquenes_desconocidos\musgo\mu_0029.jpg,2,desconocido,train,musgo,false,mu_0029.jpg
mu_0030.jpg,C:\Users\mance\Documents\Steffi\Lichen-Dreams\backend\ia\datasets\liquenes_desconocidos\musgo\mu_0030.jpg,2,desconocido,train,musgo,false,mu_0030.jpg
mu_0031.jpg,C:\Users\mance\Documents\Steffi\Lichen-Dreams\backend\ia\datasets\liquenes_desconocidos\musgo\mu_0031.jpg,2,desconocido,train,musgo,false,mu_0031.jpg
mu_0032.jpg,C:\Users\mance\Documents\Steffi\Lichen-Dreams\backend\ia\datasets\liquenes_desconocidos\musgo\mu_0032.jpg,2,desconocido,train,musgo,false,mu_0032.jpg
mu_0033.jpg,C:\Users\mance\Documents\Steffi\Lichen-Dreams\backend\ia\datasets\liquenes_desconocidos\musgo\mu_0033.jpg,2,desconocido,train,musgo,false,mu_0033.jpg
mu_0034.jpg,C:\Users\mance\Documents\Steffi\Lichen-Dreams\backend\ia\datasets\liquenes_desconocidos\musgo\mu_0034.jpg,2,desconocido,train,musgo,false,mu_0034.jpg
mu_0035.jpg,C:\Users\mance\Documents\Steffi\Lichen-Dreams\backend\ia\datasets\liquenes_desconocidos\musgo\mu_0035.jpg,2,desconocido,train,musgo,false,mu_0035.jpg
mu_0036.webp,C:\Users\mance\Documents\Steffi\Lichen-Dreams\backend\ia\datasets\liquenes_desconocidos\musgo\mu_0036.webp,2,desconocido,train,musgo,false,mu_0036.webp
mu_0037.jpg,C:\Users\mance\Documents\Steffi\Lichen-Dreams\backend\ia\datasets\liquenes_desconocidos\musgo\mu_0037.jpg,2,desconocido,train,musgo,false,mu_0037.jpg
mu_0038.webp,C:\Users\mance\Documents\Steffi\Lichen-Dreams\backend\ia\datasets\liquenes_desconocidos\musgo\mu_0038.webp,2,desconocido,train,musgo,false,mu_0038.webp
mu_0039.jpg,C:\Users\mance\Documents\Steffi\Lichen-Dreams\backend\ia\datasets\liquenes_desconocidos\musgo\mu_0039.jpg,2,desconocido,train,musgo,false,mu_0039.jpg
mu_0040.jpg,C:\Users\mance\Documents\Steffi\Lichen-Dreams\backend\ia\datasets\liquenes_desconocidos\musgo\mu_0040.jpg,2,desconocido,train,musgo,false,mu_0040.jpg
mu_0041.webp,C:\Users\mance\Documents\Steffi\Lichen-Dreams\backend\ia\datasets\liquenes_desconocidos\musgo\mu_0041.webp,2,desconocido,train,musgo,false,mu_0041.webp
mu_0042.jpg,C:\Users\mance\Documents\Steffi\Lichen-Dreams\backend\ia\datasets\liquenes_desconocidos\musgo\mu_0042.jpg,2,desconocido,train,musgo,false,mu_0042.jpg
mu_0043.jpg,C:\Users\mance\Documents\Steffi\Lichen-Dreams\backend\ia\datasets\liquenes_desconocidos\musgo\mu_0043.jpg,2,desconocido,train,musgo,false,mu_0043.jpg
mu_0044.webp,C:\Users\mance\Documents\Steffi\Lichen-Dreams\backend\ia\datasets\liquenes_desconocidos\musgo\mu_0044.webp,2,desconocido,train,musgo,false,mu_0044.webp
mu_0045.jpg,C:\Users\mance\Documents\Steffi\Lichen-Dreams\backend\ia\datasets\liquenes_desconocidos\musgo\mu_0045.jpg,2,desconocido,train,musgo,false,mu_0045.jpg
mu_0046.jpg,C:\Users\mance\Documents\Steffi\Lichen-Dreams\backend\ia\datasets\liquenes_desconocidos\musgo\mu_0046.jpg,2,desconocido,train,musgo,false,mu_0046.jpg
mu_0047.jpeg,C:\Users\mance\Documents\Steffi\Lichen-Dreams\backend\ia\datasets\liquenes_desconocidos\musgo\mu_0047.jpeg,2,desconocido,train,musgo,false,mu_0047.jpeg
mu_0048.jpeg,C:\Users\mance\Documents\Steffi\Lichen-Dreams\backend\ia\datasets\liquenes_desconocidos\musgo\mu_0048.jpeg,2,desconocido,train,musgo,false,mu_0048.jpeg
ob_0001.jpg,C:\Users\mance\Documents\Steffi\Lichen-Dreams\backend\ia\datasets\liquenes_desconocidos\objetos\ob_0001.jpg,2,desconocido,test,objetos,false,ob_0001.jpg
ob_0002.jpg,C:\Users\mance\Documents\Steffi\Lichen-Dreams\backend\ia\datasets\liquenes_desconocidos\objetos\ob_0002.jpg,2,desconocido,test,objetos,false,ob_0002.jpg
ob_0003.jpg,C:\Users\mance\Documents\Steffi\Lichen-Dreams\backend\ia\datasets\liquenes_desconocidos\objetos\ob_0003.jpg,2,desconocido,test,objetos,false,ob_0003.jpg
ob_0004.jpg,C:\Users\mance\Documents\Steffi\Lichen-Dreams\backend\ia\datasets\liquenes_desconocidos\objetos\ob_0004.jpg,2,desconocido,test,objetos,false,ob_0004.jpg
ob_0005.jpg,C:\Users\mance\Documents\Steffi\Lichen-Dreams\backend\ia\datasets\liquenes_desconocidos\objetos\ob_0005.jpg,2,desconocido,test,objetos,false,ob_0005.jpg
ob_0006.jpg,C:\Users\mance\Documents\Steffi\Lichen-Dreams\backend\ia\datasets\liquenes_desconocidos\objetos\ob_0006.jpg,2,desconocido,test,objetos,false,ob_0006.jpg
ob_0007.jpg,C:\Users\mance\Documents\Steffi\Lichen-Dreams\backend\ia\datasets\liquenes_desconocidos\objetos\ob_0007.jpg,2,desconocido,test,objetos,false,ob_0007.jpg
ob_0008.jpg,C:\Users\mance\Documents\Steffi\Lichen-Dreams\backend\ia\datasets\liquenes_desconocidos\objetos\ob_0008.jpg,2,desconocido,test,objetos,false,ob_0008.jpg
ob_0009.jpg,C:\Users\mance\Documents\Steffi\Lichen-Dreams\backend\ia\datasets\liquenes_desconocidos\objetos\ob_0009.jpg,2,desconocido,test,objetos,false,ob_0009.jpg
ob_0010.jpg,C:\Users\mance\Documents\Steffi\Lichen-Dreams\backend\ia\datasets\liquenes_desconocidos\objetos\ob_0010.jpg,2,desconocido,test,objetos,false,ob_0010.jpg
ob_0011.jpg,C:\Users\mance\Documents\Steffi\Lichen-Dreams\backend\ia\datasets\liquenes_desconocidos\objetos\ob_0011.jpg,2,desconocido,test,objetos,false,ob_0011.jpg
ob_0012.jpg,C:\Users\mance\Documents\Steffi\Lichen-Dreams\backend\ia\datasets\liquenes_desconocidos\objetos\ob_0012.jpg,2,desconocido,test,objetos,false,ob_0012.jpg
ob_0013.jpg,C:\Users\mance\Documents\Steffi\Lichen-Dreams\backend\ia\datasets\liquenes_desconocidos\objetos\ob_0013.jpg,2,desconocido,test,objetos,false,ob_0013.jpg
ob_0014.jpg,C:\Users\mance\Documents\Steffi\Lichen-Dreams\backend\ia\datasets\liquenes_desconocidos\objetos\ob_0014.jpg,2,desconocido,test,objetos,false,ob_0014.jpg
ob_0015.jpg,C:\Users\mance\Documents\Steffi\Lichen-Dreams\backend\ia\datasets\liquenes_desconocidos\objetos\ob_0015.jpg,2,desconocido,test,objetos,false,ob_0015.jpg
ob_0016.jpeg,C:\Users\mance\Documents\Steffi\Lichen-Dreams\backend\ia\datasets\liquenes_desconocidos\objetos\ob_0016.jpeg,2,desconocido,test,objetos,false,ob_0016.jpeg
ob_0017.jpeg,C:\Users\mance\Documents\Steffi\Lichen-Dreams\backend\ia\datasets\liquenes_desconocidos\objetos\ob_0017.jpeg,2,desconocido,test,objetos,false,ob_0017.jpeg
ob_0018.jpeg,C:\Users\mance\Documents\Steffi\Lichen-Dreams\backend\ia\datasets\liquenes_desconocidos\objetos\ob_0018.jpeg,2,desconocido,test,objetos,false,ob_0018.jpeg
ob_0019.jpeg,C:\Users\mance\Documents\Steffi\Lichen-Dreams\backend\ia\datasets\liquenes_desconocidos\objetos\ob_0019.jpeg,2,desconocido,test,objetos,false,ob_0019.jpeg
ob_0020.jpeg,C:\Users\mance\Documents\Steffi\Lichen-Dreams\backend\ia\datasets\liquenes_desconocidos\objetos\ob_0020.jpeg,2,desconocido,test,objetos,false,ob_0020.jpeg
ob_0021.jpeg,C:\Users\mance\Documents\Steffi\Lichen-Dreams\backend\ia\datasets\liquenes_desconocidos\objetos\ob_0021.jpeg,2,desconocido,test,objetos,false,ob_0021.jpeg
ob_0022.jpeg,C:\Users\mance\Documents\Steffi\Lichen-Dreams\backend\ia\datasets\liquenes_desconocidos\objetos\ob_0022.jpeg,2,desconocido,test,objetos,false,ob_0022.jpeg
ob_0023.jpg,C:\Users\mance\Documents\Steffi\Lichen-Dreams\backend\ia\datasets\liquenes_desconocidos\objetos\ob_0023.jpg,2,desconocido,test,objetos,false,ob_0023.jpg
ob_0024.jpeg,C:\Users\mance\Documents\Steffi\Lichen-Dreams\backend\ia\datasets\liquenes_desconocidos\objetos\ob_0024.jpeg,2,desconocido,test,objetos,false,ob_0024.jpeg
ob_0025.jpeg,C:\Users\mance\Documents\Steffi\Lichen-Dreams\backend\ia\datasets\liquenes_desconocidos\objetos\ob_0025.jpeg,2,desconocido,test,objetos,false,ob_0025.jpeg
ob_0026.jpeg,C:\Users\mance\Documents\Steffi\Lichen-Dreams\backend\ia\datasets\liquenes_desconocidos\objetos\ob_0026.jpeg,2,desconocido,test,objetos,false,ob_0026.jpeg
ob_0027.jpeg,C:\Users\mance\Documents\Steffi\Lichen-Dreams\backend\ia\datasets\liquenes_desconocidos\objetos\ob_0027.jpeg,2,desconocido,test,objetos,false,ob_0027.jpeg
ob_0028.jpeg,C:\Users\mance\Documents\Steffi\Lichen-Dreams\backend\ia\datasets\liquenes_desconocidos\objetos\ob_0028.jpeg,2,desconocido,test,objetos,false,ob_0028.jpeg
ob_0029.jpeg,C:\Users\mance\Documents\Steffi\Lichen-Dreams\backend\ia\datasets\liquenes_desconocidos\objetos\ob_0029.jpeg,2,desconocido,test,objetos,false,ob_0029.jpeg
ob_0030.jpeg,C:\Users\mance\Documents\Steffi\Lichen-Dreams\backend\ia\datasets\liquenes_desconocidos\objetos\ob_0030.jpeg,2,desconocido,test,objetos,false,ob_0030.jpeg
ob_0031.jpeg,C:\Users\mance\Documents\Steffi\Lichen-Dreams\backend\ia\datasets\liquenes_desconocidos\objetos\ob_0031.jpeg,2,desconocido,test,objetos,false,ob_0031.jpeg
ob_0032.jpeg,C:\Users\mance\Documents\Steffi\Lichen-Dreams\backend\ia\datasets\liquenes_desconocidos\objetos\ob_0032.jpeg,2,desconocido,test,objetos,false,ob_0032.jpeg
pc_0001.jpg,C:\Users\mance\Documents\Steffi\Lichen-Dreams\backend\ia\datasets\liquenes_desconocidos\papel_carton\pc_0001.jpg,2,desconocido,train,papel_carton,false,pc_0001.jpg
pc_0002.jpg,C:\Users\mance\Documents\Steffi\Lichen-Dreams\backend\ia\datasets\liquenes_desconocidos\papel_carton\pc_0002.jpg,2,desconocido,train,papel_carton,false,pc_0002.jpg
pc_0003.jpg,C:\Users\mance\Documents\Steffi\Lichen-Dreams\backend\ia\datasets\liquenes_desconocidos\papel_carton\pc_0003.jpg,2,desconocido,train,papel_carton,false,pc_0003.jpg
pc_0004.jpg,C:\Users\mance\Documents\Steffi\Lichen-Dreams\backend\ia\datasets\liquenes_desconocidos\papel_carton\pc_0004.jpg,2,desconocido,train,papel_carton,false,pc_0004.jpg
pc_0005.jpg,C:\Users\mance\Documents\Steffi\Lichen-Dreams\backend\ia\datasets\liquenes_desconocidos\papel_carton\pc_0005.jpg,2,desconocido,train,papel_carton,false,pc_0005.jpg
pc_0006.jpg,C:\Users\mance\Documents\Steffi\Lichen-Dreams\backend\ia\datasets\liquenes_desconocidos\papel_carton\pc_0006.jpg,2,desconocido,train,papel_carton,false,pc_0006.jpg
pc_0007.jpg,C:\Users\mance\Documents\Steffi\Lichen-Dreams\backend\ia\datasets\liquenes_desconocidos\papel_carton\pc_0007.jpg,2,desconocido,train,papel_carton,false,pc_0007.jpg
pc_0008.jpg,C:\Users\mance\Documents\Steffi\Lichen-Dreams\backend\ia\datasets\liquenes_desconocidos\papel_carton\pc_0008.jpg,2,desconocido,train,papel_carton,false,pc_0008.jpg
pc_0009.jpg,C:\Users\mance\Documents\Steffi\Lichen-Dreams\backend\ia\datasets\liquenes_desconocidos\papel_carton\pc_0009.jpg,2,desconocido,train,papel_carton,false,pc_0009.jpg
pc_0010.jpg,C:\Users\mance\Documents\Steffi\Lichen-Dreams\backend\ia\datasets\liquenes_desconocidos\papel_carton\pc_0010.jpg,2,desconocido,train,papel_carton,false,pc_0010.jpg
pc_0011.jpg,C:\Users\mance\Documents\Steffi\Lichen-Dreams\backend\ia\datasets\liquenes_desconocidos\papel_carton\pc_0011.jpg,2,desconocido,train,papel_carton,false,pc_0011.jpg
pc_0012.jpg,C:\Users\mance\Documents\Steffi\Lichen-Dreams\backend\ia\datasets\liquenes_desconocidos\papel_carton\pc_0012.jpg,2,desconocido,train,papel_carton,false,pc_0012.jpg
pc_0013.jpg,C:\Users\mance\Documents\Steffi\Lichen-Dreams\backend\ia\datasets\liquenes_desconocidos\papel_carton\pc_0013.jpg,2,desconocido,train,papel_carton,false,pc_0013.jpg
pc_0014.jpg,C:\Users\mance\Documents\Steffi\Lichen-Dreams\backend\ia\datasets\liquenes_desconocidos\papel_carton\pc_0014.jpg,2,desconocido,train,papel_carton,false,pc_0014.jpg
pc_0015.jpg,C:\Users\mance\Documents\Steffi\Lichen-Dreams\backend\ia\datasets\liquenes_desconocidos\papel_carton\pc_0015.jpg,2,desconocido,train,papel_carton,false,pc_0015.jpg
pc_0016.jpg,C:\Users\mance\Documents\Steffi\Lichen-Dreams\backend\ia\datasets\liquenes_desconocidos\papel_carton\pc_0016.jpg,2,desconocido,train,papel_carton,false,pc_0016.jpg
pc_0017.jpg,C:\Users\mance\Documents\Steffi\Lichen-Dreams\backend\ia\datasets\liquenes_desconocidos\papel_carton\pc_0017.jpg,2,desconocido,train,papel_carton,false,pc_0017.jpg
pc_0018.jpg,C:\Users\mance\Documents\Steffi\Lichen-Dreams\backend\ia\datasets\liquenes_desconocidos\papel_carton\pc_0018.jpg,2,desconocido,train,papel_carton,false,pc_0018.jpg
pc_0019.jpg,C:\Users\mance\Documents\Steffi\Lichen-Dreams\backend\ia\datasets\liquenes_desconocidos\papel_carton\pc_0019.jpg,2,desconocido,train,papel_carton,false,pc_0019.jpg
pc_0020.jpg,C:\Users\mance\Documents\Steffi\Lichen-Dreams\backend\ia\datasets\liquenes_desconocidos\papel_carton\pc_0020.jpg,2,desconocido,train,papel_carton,false,pc_0020.jpg
pc_0021.jpg,C:\Users\mance\Documents\Steffi\Lichen-Dreams\backend\ia\datasets\liquenes_desconocidos\papel_carton\pc_0021.jpg,2,desconocido,train,papel_carton,false,pc_0021.jpg
pc_0022.jpg,C:\Users\mance\Documents\Steffi\Lichen-Dreams\backend\ia\datasets\liquenes_desconocidos\papel_carton\pc_0022.jpg,2,desconocido,train,papel_carton,false,pc_0022.jpg
pc_0023.jpg,C:\Users\mance\Documents\Steffi\Lichen-Dreams\backend\ia\datasets\liquenes_desconocidos\papel_carton\pc_0023.jpg,2,desconocido,train,papel_carton,false,pc_0023.jpg
pc_0024.jpg,C:\Users\mance\Documents\Steffi\Lichen-Dreams\backend\ia\datasets\liquenes_desconocidos\papel_carton\pc_0024.jpg,2,desconocido,train,papel_carton,false,pc_0024.jpg
pc_0025.jpg,C:\Users\mance\Documents\Steffi\Lichen-Dreams\backend\ia\datasets\liquenes_desconocidos\papel_carton\pc_0025.jpg,2,desconocido,train,papel_carton,false,pc_0025.jpg
pc_0026.jpg,C:\Users\mance\Documents\Steffi\Lichen-Dreams\backend\ia\datasets\liquenes_desconocidos\papel_carton\pc_0026.jpg,2,desconocido,train,papel_carton,false,pc_0026.jpg
pe_0001.jpg,C:\Users\mance\Documents\Steffi\Lichen-Dreams\backend\ia\datasets\liquenes_desconocidos\paredes_cemento\pe_0001.jpg,2,desconocido,test,paredes_cemento,false,pe_0001.jpg
pe_0002.jpg,C:\Users\mance\Documents\Steffi\Lichen-Dreams\backend\ia\datasets\liquenes_desconocidos\paredes_cemento\pe_0002.jpg,2,desconocido,test,paredes_cemento,false,pe_0002.jpg
pe_0003.jpg,C:\Users\mance\Documents\Steffi\Lichen-Dreams\backend\ia\datasets\liquenes_desconocidos\paredes_cemento\pe_0003.jpg,2,desconocido,test,paredes_cemento,false,pe_0003.jpg
pe_0004.jpg,C:\Users\mance\Documents\Steffi\Lichen-Dreams\backend\ia\datasets\liquenes_desconocidos\paredes_cemento\pe_0004.jpg,2,desconocido,test,paredes_cemento,false,pe_0004.jpg
pe_0005.jpg,C:\Users\mance\Documents\Steffi\Lichen-Dreams\backend\ia\datasets\liquenes_desconocidos\paredes_cemento\pe_0005.jpg,2,desconocido,test,paredes_cemento,false,pe_0005.jpg
pe_0006.jpg,C:\Users\mance\Documents\Steffi\Lichen-Dreams\backend\ia\datasets\liquenes_desconocidos\paredes_cemento\pe_0006.jpg,2,desconocido,test,paredes_cemento,false,pe_0006.jpg
pe_0007.jpg,C:\Users\mance\Documents\Steffi\Lichen-Dreams\backend\ia\datasets\liquenes_desconocidos\paredes_cemento\pe_0007.jpg,2,desconocido,test,paredes_cemento,false,pe_0007.jpg
pe_0008.jpg,C:\Users\mance\Documents\Steffi\Lichen-Dreams\backend\ia\datasets\liquenes_desconocidos\paredes_cemento\pe_0008.jpg,2,desconocido,test,paredes_cemento,false,pe_0008.jpg
pe_0009.jpg,C:\Users\mance\Documents\Steffi\Lichen-Dreams\backend\ia\datasets\liquenes_desconocidos\paredes_cemento\pe_0009.jpg,2,desconocido,test,paredes_cemento,false,pe_0009.jpg
pe_0010.jpg,C:\Users\mance\Documents\Steffi\Lichen-Dreams\backend\ia\datasets\liquenes_desconocidos\paredes_cemento\pe_0010.jpg,2,desconocido,test,paredes_cemento,false,pe_0010.jpg
pe_0011.jpg,C:\Users\mance\Documents\Steffi\Lichen-Dreams\backend\ia\datasets\liquenes_desconocidos\paredes_cemento\pe_0011.jpg,2,desconocido,test,paredes_cemento,false,pe_0011.jpg
pe_0012.jpg,C:\Users\mance\Documents\Steffi\Lichen-Dreams\backend\ia\datasets\liquenes_desconocidos\paredes_cemento\pe_0012.jpg,2,desconocido,test,paredes_cemento,false,pe_0012.jpg
pe_0013.jpg,C:\Users\mance\Documents\Steffi\Lichen-Dreams\backend\ia\datasets\liquenes_desconocidos\paredes_cemento\pe_0013.jpg,2,desconocido,test,paredes_cemento,false,pe_0013.jpg
pe_0014.jpg,C:\Users\mance\Documents\Steffi\Lichen-Dreams\backend\ia\datasets\liquenes_desconocidos\paredes_cemento\pe_0014.jpg,2,desconocido,test,paredes_cemento,false,pe_0014.jpg
pe_0015.jpg,C:\Users\mance\Documents\Steffi\Lichen-Dreams\backend\ia\datasets\liquenes_desconocidos\paredes_cemento\pe_0015.jpg,2,desconocido,test,paredes_cemento,false,pe_0015.jpg
pe_0016.jpg,C:\Users\mance\Documents\Steffi\Lichen-Dreams\backend\ia\datasets\liquenes_desconocidos\paredes_cemento\pe_0016.jpg,2,desconocido,test,paredes_cemento,false,pe_0016.jpg
pe_0017.jpg,C:\Users\mance\Documents\Steffi\Lichen-Dreams\backend\ia\datasets\liquenes_desconocidos\paredes_cemento\pe_0017.jpg,2,desconocido,test,paredes_cemento,false,pe_0017.jpg
pe_0018.jpg,C:\Users\mance\Documents\Steffi\Lichen-Dreams\backend\ia\datasets\liquenes_desconocidos\paredes_cemento\pe_0018.jpg,2,desconocido,test,paredes_cemento,false,pe_0018.jpg
pe_0019.jpg,C:\Users\mance\Documents\Steffi\Lichen-Dreams\backend\ia\datasets\liquenes_desconocidos\paredes_cemento\pe_0019.jpg,2,desconocido,test,paredes_cemento,false,pe_0019.jpg
pe_0020.jpg,C:\Users\mance\Documents\Steffi\Lichen-Dreams\backend\ia\datasets\liquenes_desconocidos\paredes_cemento\pe_0020.jpg,2,desconocido,test,paredes_cemento,false,pe_0020.jpg
pe_0021.jpeg,C:\Users\mance\Documents\Steffi\Lichen-Dreams\backend\ia\datasets\liquenes_desconocidos\paredes_cemento\pe_0021.jpeg,2,desconocido,test,paredes_cemento,false,pe_0021.jpeg
pe_0022.jpeg,C:\Users\mance\Documents\Steffi\Lichen-Dreams\backend\ia\datasets\liquenes_desconocidos\paredes_cemento\pe_0022.jpeg,2,desconocido,test,paredes_cemento,false,pe_0022.jpeg
pe_0023.jpg,C:\Users\mance\Documents\Steffi\Lichen-Dreams\backend\ia\datasets\liquenes_desconocidos\paredes_cemento\pe_0023.jpg,2,desconocido,test,paredes_cemento,false,pe_0023.jpg
pe_0024.jpg,C:\Users\mance\Documents\Steffi\Lichen-Dreams\backend\ia\datasets\liquenes_desconocidos\paredes_cemento\pe_0024.jpg,2,desconocido,test,paredes_cemento,false,pe_0024.jpg
pe_0025.webp,C:\Users\mance\Documents\Steffi\Lichen-Dreams\backend\ia\datasets\liquenes_desconocidos\paredes_cemento\pe_0025.webp,2,desconocido,test,paredes_cemento,false,pe_0025.webp
pe_0026.jpg,C:\Users\mance\Documents\Steffi\Lichen-Dreams\backend\ia\datasets\liquenes_desconocidos\paredes_cemento\pe_0026.jpg,2,desconocido,test,paredes_cemento,false,pe_0026.jpg
pe_0027.jpg,C:\Users\mance\Documents\Steffi\Lichen-Dreams\backend\ia\datasets\liquenes_desconocidos\paredes_cemento\pe_0027.jpg,2,desconocido,test,paredes_cemento,false,pe_0027.jpg
pe_0028.jpg,C:\Users\mance\Documents\Steffi\Lichen-Dreams\backend\ia\datasets\liquenes_desconocidos\paredes_cemento\pe_0028.jpg,2,desconocido,test,paredes_cemento,false,pe_0028.jpg
pe_0029.jpg,C:\Users\mance\Documents\Steffi\Lichen-Dreams\backend\ia\datasets\liquenes_desconocidos\paredes_cemento\pe_0029.jpg,2,desconocido,test,paredes_cemento,false,pe_0029.jpg
pe_0030.jpeg,C:\Users\mance\Documents\Steffi\Lichen-Dreams\backend\ia\datasets\liquenes_desconocidos\paredes_cemento\pe_0030.jpeg,2,desconocido,test,paredes_cemento,false,pe_0030.jpeg
pe_0031.jpeg,C:\Users\mance\Documents\Steffi\Lichen-Dreams\backend\ia\datasets\liquenes_desconocidos\paredes_cemento\pe_0031.jpeg,2,desconocido,test,paredes_cemento,false,pe_0031.jpeg
pe_0032.jpeg,C:\Users\mance\Documents\Steffi\Lichen-Dreams\backend\ia\datasets\liquenes_desconocidos\paredes_cemento\pe_0032.jpeg,2,desconocido,test,paredes_cemento,false,pe_0032.jpeg
pe_0033.webp,C:\Users\mance\Documents\Steffi\Lichen-Dreams\backend\ia\datasets\liquenes_desconocidos\paredes_cemento\pe_0033.webp,2,desconocido,test,paredes_cemento,false,pe_0033.webp
pe_0034.jpeg,C:\Users\mance\Documents\Steffi\Lichen-Dreams\backend\ia\datasets\liquenes_desconocidos\paredes_cemento\pe_0034.jpeg,2,desconocido,test,paredes_cemento,false,pe_0034.jpeg
pe_0035.jpeg,C:\Users\mance\Documents\Steffi\Lichen-Dreams\backend\ia\datasets\liquenes_desconocidos\paredes_cemento\pe_0035.jpeg,2,desconocido,test,paredes_cemento,false,pe_0035.jpeg
pe_0036.jpeg,C:\Users\mance\Documents\Steffi\Lichen-Dreams\backend\ia\datasets\liquenes_desconocidos\paredes_cemento\pe_0036.jpeg,2,desconocido,test,paredes_cemento,false,pe_0036.jpeg
pe_0037.jpeg,C:\Users\mance\Documents\Steffi\Lichen-Dreams\backend\ia\datasets\liquenes_desconocidos\paredes_cemento\pe_0037.jpeg,2,desconocido,test,paredes_cemento,false,pe_0037.jpeg
pe_0038.jpeg,C:\Users\mance\Documents\Steffi\Lichen-Dreams\backend\ia\datasets\liquenes_desconocidos\paredes_cemento\pe_0038.jpeg,2,desconocido,test,paredes_cemento,false,pe_0038.jpeg
pe_0039.jpeg,C:\Users\mance\Documents\Steffi\Lichen-Dreams\backend\ia\datasets\liquenes_desconocidos\paredes_cemento\pe_0039.jpeg,2,desconocido,test,paredes_cemento,false,pe_0039.jpeg
pe_0040.jpeg,C:\Users\mance\Documents\Steffi\Lichen-Dreams\backend\ia\datasets\liquenes_desconocidos\paredes_cemento\pe_0040.jpeg,2,desconocido,test,paredes_cemento,false,pe_0040.jpeg
pe_0041.jpeg,C:\Users\mance\Documents\Steffi\Lichen-Dreams\backend\ia\datasets\liquenes_desconocidos\paredes_cemento\pe_0041.jpeg,2,desconocido,test,paredes_cemento,false,pe_0041.jpeg
pe_0042.jpeg,C:\Users\mance\Documents\Steffi\Lichen-Dreams\backend\ia\datasets\liquenes_desconocidos\paredes_cemento\pe_0042.jpeg,2,desconocido,test,paredes_cemento,false,pe_0042.jpeg
pe_0043.jpeg,C:\Users\mance\Documents\Steffi\Lichen-Dreams\backend\ia\datasets\liquenes_desconocidos\paredes_cemento\pe_0043.jpeg,2,desconocido,test,paredes_cemento,false,pe_0043.jpeg
pe_0044.jpeg,C:\Users\mance\Documents\Steffi\Lichen-Dreams\backend\ia\datasets\liquenes_desconocidos\paredes_cemento\pe_0044.jpeg,2,desconocido,test,paredes_cemento,false,pe_0044.jpeg
pe_0045.jpeg,C:\Users\mance\Documents\Steffi\Lichen-Dreams\backend\ia\datasets\liquenes_desconocidos\paredes_cemento\pe_0045.jpeg,2,desconocido,test,paredes_cemento,false,pe_0045.jpeg
pe_0046.jpeg,C:\Users\mance\Documents\Steffi\Lichen-Dreams\backend\ia\datasets\liquenes_desconocidos\paredes_cemento\pe_0046.jpeg,2,desconocido,test,paredes_cemento,false,pe_0046.jpeg
pe_0047.jpeg,C:\Users\mance\Documents\Steffi\Lichen-Dreams\backend\ia\datasets\liquenes_desconocidos\paredes_cemento\pe_0047.jpeg,2,desconocido,test,paredes_cemento,false,pe_0047.jpeg
pe_0048.jpeg,C:\Users\mance\Documents\Steffi\Lichen-Dreams\backend\ia\datasets\liquenes_desconocidos\paredes_cemento\pe_0048.jpeg,2,desconocido,test,paredes_cemento,false,pe_0048.jpeg
pe_0049.jpeg,C:\Users\mance\Documents\Steffi\Lichen-Dreams\backend\ia\datasets\liquenes_desconocidos\paredes_cemento\pe_0049.jpeg,2,desconocido,test,paredes_cemento,false,pe_0049.jpeg
pe_0050.jpeg,C:\Users\mance\Documents\Steffi\Lichen-Dreams\backend\ia\datasets\liquenes_desconocidos\paredes_cemento\pe_0050.jpeg,2,desconocido,test,paredes_cemento,false,pe_0050.jpeg
pe_0051.jpeg,C:\Users\mance\Documents\Steffi\Lichen-Dreams\backend\ia\datasets\liquenes_desconocidos\paredes_cemento\pe_0051.jpeg,2,desconocido,test,paredes_cemento,false,pe_0051.jpeg
pe_0052.jpeg,C:\Users\mance\Documents\Steffi\Lichen-Dreams\backend\ia\datasets\liquenes_desconocidos\paredes_cemento\pe_0052.jpeg,2,desconocido,test,paredes_cemento,false,pe_0052.jpeg
pe_0053.jpeg,C:\Users\mance\Documents\Steffi\Lichen-Dreams\backend\ia\datasets\liquenes_desconocidos\paredes_cemento\pe_0053.jpeg,2,desconocido,test,paredes_cemento,false,pe_0053.jpeg
pe_0054.jpeg,C:\Users\mance\Documents\Steffi\Lichen-Dreams\backend\ia\datasets\liquenes_desconocidos\paredes_cemento\pe_0054.jpeg,2,desconocido,test,paredes_cemento,false,pe_0054.jpeg
pe_0055.jpeg,C:\Users\mance\Documents\Steffi\Lichen-Dreams\backend\ia\datasets\liquenes_desconocidos\paredes_cemento\pe_0055.jpeg,2,desconocido,test,paredes_cemento,false,pe_0055.jpeg
pe_0056.jpeg,C:\Users\mance\Documents\Steffi\Lichen-Dreams\backend\ia\datasets\liquenes_desconocidos\paredes_cemento\pe_0056.jpeg,2,desconocido,test,paredes_cemento,false,pe_0056.jpeg
pe_0057.jpeg,C:\Users\mance\Documents\Steffi\Lichen-Dreams\backend\ia\datasets\liquenes_desconocidos\paredes_cemento\pe_0057.jpeg,2,desconocido,test,paredes_cemento,false,pe_0057.jpeg
pe_0058.webp,C:\Users\mance\Documents\Steffi\Lichen-Dreams\backend\ia\datasets\liquenes_desconocidos\paredes_cemento\pe_0058.webp,2,desconocido,test,paredes_cemento,false,pe_0058.webp
pe_0059.jpeg,C:\Users\mance\Documents\Steffi\Lichen-Dreams\backend\ia\datasets\liquenes_desconocidos\paredes_cemento\pe_0059.jpeg,2,desconocido,test,paredes_cemento,false,pe_0059.jpeg
pe_0060.jpeg,C:\Users\mance\Documents\Steffi\Lichen-Dreams\backend\ia\datasets\liquenes_desconocidos\paredes_cemento\pe_0060.jpeg,2,desconocido,test,paredes_cemento,false,pe_0060.jpeg
pe_0061.jpeg,C:\Users\mance\Documents\Steffi\Lichen-Dreams\backend\ia\datasets\liquenes_desconocidos\paredes_cemento\pe_0061.jpeg,2,desconocido,test,paredes_cemento,false,pe_0061.jpeg
pe_0062.jpeg,C:\Users\mance\Documents\Steffi\Lichen-Dreams\backend\ia\datasets\liquenes_desconocidos\paredes_cemento\pe_0062.jpeg,2,desconocido,test,paredes_cemento,false,pe_0062.jpeg
pe_0063.jpeg,C:\Users\mance\Documents\Steffi\Lichen-Dreams\backend\ia\datasets\liquenes_desconocidos\paredes_cemento\pe_0063.jpeg,2,desconocido,test,paredes_cemento,false,pe_0063.jpeg
pe_0064.jpeg,C:\Users\mance\Documents\Steffi\Lichen-Dreams\backend\ia\datasets\liquenes_desconocidos\paredes_cemento\pe_0064.jpeg,2,desconocido,test,paredes_cemento,false,pe_0064.jpeg
pe_0065.jpeg,C:\Users\mance\Documents\Steffi\Lichen-Dreams\backend\ia\datasets\liquenes_desconocidos\paredes_cemento\pe_0065.jpeg,2,desconocido,test,paredes_cemento,false,pe_0065.jpeg
pe_0066.jpeg,C:\Users\mance\Documents\Steffi\Lichen-Dreams\backend\ia\datasets\liquenes_desconocidos\paredes_cemento\pe_0066.jpeg,2,desconocido,test,paredes_cemento,false,pe_0066.jpeg
pe_0067.jpeg,C:\Users\mance\Documents\Steffi\Lichen-Dreams\backend\ia\datasets\liquenes_desconocidos\paredes_cemento\pe_0067.jpeg,2,desconocido,test,paredes_cemento,false,pe_0067.jpeg
pe_0068.jpeg,C:\Users\mance\Documents\Steffi\Lichen-Dreams\backend\ia\datasets\liquenes_desconocidos\paredes_cemento\pe_0068.jpeg,2,desconocido,test,paredes_cemento,false,pe_0068.jpeg
pe_0069.jpeg,C:\Users\mance\Documents\Steffi\Lichen-Dreams\backend\ia\datasets\liquenes_desconocidos\paredes_cemento\pe_0069.jpeg,2,desconocido,test,paredes_cemento,false,pe_0069.jpeg
pe_0070.jpeg,C:\Users\mance\Documents\Steffi\Lichen-Dreams\backend\ia\datasets\liquenes_desconocidos\paredes_cemento\pe_0070.jpeg,2,desconocido,test,paredes_cemento,false,pe_0070.jpeg
pe_0071.jpeg,C:\Users\mance\Documents\Steffi\Lichen-Dreams\backend\ia\datasets\liquenes_desconocidos\paredes_cemento\pe_0071.jpeg,2,desconocido,test,paredes_cemento,false,pe_0071.jpeg
pe_0072.jpeg,C:\Users\mance\Documents\Steffi\Lichen-Dreams\backend\ia\datasets\liquenes_desconocidos\paredes_cemento\pe_0072.jpeg,2,desconocido,test,paredes_cemento,false,pe_0072.jpeg
pe_0073.jpeg,C:\Users\mance\Documents\Steffi\Lichen-Dreams\backend\ia\datasets\liquenes_desconocidos\paredes_cemento\pe_0073.jpeg,2,desconocido,test,paredes_cemento,false,pe_0073.jpeg
per_0001.jpg,C:\Users\mance\Documents\Steffi\Lichen-Dreams\backend\ia\datasets\liquenes_desconocidos\personas\per_0001.jpg,2,desconocido,train,personas,false,per_0001.jpg
per_0002.jpg,C:\Users\mance\Documents\Steffi\Lichen-Dreams\backend\ia\datasets\liquenes_desconocidos\personas\per_0002.jpg,2,desconocido,train,personas,false,per_0002.jpg
per_0003.jpg,C:\Users\mance\Documents\Steffi\Lichen-Dreams\backend\ia\datasets\liquenes_desconocidos\personas\per_0003.jpg,2,desconocido,train,personas,false,per_0003.jpg
per_0004.jpg,C:\Users\mance\Documents\Steffi\Lichen-Dreams\backend\ia\datasets\liquenes_desconocidos\personas\per_0004.jpg,2,desconocido,train,personas,false,per_0004.jpg
per_0005.jpg,C:\Users\mance\Documents\Steffi\Lichen-Dreams\backend\ia\datasets\liquenes_desconocidos\personas\per_0005.jpg,2,desconocido,train,personas,false,per_0005.jpg
per_0006.jpg,C:\Users\mance\Documents\Steffi\Lichen-Dreams\backend\ia\datasets\liquenes_desconocidos\personas\per_0006.jpg,2,desconocido,train,personas,false,per_0006.jpg
per_0007.jpg,C:\Users\mance\Documents\Steffi\Lichen-Dreams\backend\ia\datasets\liquenes_desconocidos\personas\per_0007.jpg,2,desconocido,train,personas,false,per_0007.jpg
per_0008.jpg,C:\Users\mance\Documents\Steffi\Lichen-Dreams\backend\ia\datasets\liquenes_desconocidos\personas\per_0008.jpg,2,desconocido,train,personas,false,per_0008.jpg
per_0009.jpg,C:\Users\mance\Documents\Steffi\Lichen-Dreams\backend\ia\datasets\liquenes_desconocidos\personas\per_0009.jpg,2,desconocido,train,personas,false,per_0009.jpg
per_0010.jpg,C:\Users\mance\Documents\Steffi\Lichen-Dreams\backend\ia\datasets\liquenes_desconocidos\personas\per_0010.jpg,2,desconocido,train,personas,false,per_0010.jpg
per_0011.jpg,C:\Users\mance\Documents\Steffi\Lichen-Dreams\backend\ia\datasets\liquenes_desconocidos\personas\per_0011.jpg,2,desconocido,train,personas,false,per_0011.jpg
per_0012.jpg,C:\Users\mance\Documents\Steffi\Lichen-Dreams\backend\ia\datasets\liquenes_desconocidos\personas\per_0012.jpg,2,desconocido,train,personas,false,per_0012.jpg
per_0013.jpg,C:\Users\mance\Documents\Steffi\Lichen-Dreams\backend\ia\datasets\liquenes_desconocidos\personas\per_0013.jpg,2,desconocido,train,personas,false,per_0013.jpg
per_0014.jpg,C:\Users\mance\Documents\Steffi\Lichen-Dreams\backend\ia\datasets\liquenes_desconocidos\personas\per_0014.jpg,2,desconocido,train,personas,false,per_0014.jpg
per_0015.jpg,C:\Users\mance\Documents\Steffi\Lichen-Dreams\backend\ia\datasets\liquenes_desconocidos\personas\per_0015.jpg,2,desconocido,train,personas,false,per_0015.jpg
per_0016.jpg,C:\Users\mance\Documents\Steffi\Lichen-Dreams\backend\ia\datasets\liquenes_desconocidos\personas\per_0016.jpg,2,desconocido,train,personas,false,per_0016.jpg
per_0017.jpg,C:\Users\mance\Documents\Steffi\Lichen-Dreams\backend\ia\datasets\liquenes_desconocidos\personas\per_0017.jpg,2,desconocido,train,personas,false,per_0017.jpg
per_0018.jpg,C:\Users\mance\Documents\Steffi\Lichen-Dreams\backend\ia\datasets\liquenes_desconocidos\personas\per_0018.jpg,2,desconocido,train,personas,false,per_0018.jpg
per_0019.webp,C:\Users\mance\Documents\Steffi\Lichen-Dreams\backend\ia\datasets\liquenes_desconocidos\personas\per_0019.webp,2,desconocido,train,personas,false,per_0019.webp
per_0020.jpg,C:\Users\mance\Documents\Steffi\Lichen-Dreams\backend\ia\datasets\liquenes_desconocidos\personas\per_0020.jpg,2,desconocido,train,personas,false,per_0020.jpg
per_0021.jpg,C:\Users\mance\Documents\Steffi\Lichen-Dreams\backend\ia\datasets\liquenes_desconocidos\personas\per_0021.jpg,2,desconocido,train,personas,false,per_0021.jpg
per_0022.jpg,C:\Users\mance\Documents\Steffi\Lichen-Dreams\backend\ia\datasets\liquenes_desconocidos\personas\per_0022.jpg,2,desconocido,train,personas,false,per_0022.jpg
per_0023.jpeg,C:\Users\mance\Documents\Steffi\Lichen-Dreams\backend\ia\datasets\liquenes_desconocidos\personas\per_0023.jpeg,2,desconocido,train,personas,false,per_0023.jpeg
per_0024.jpeg,C:\Users\mance\Documents\Steffi\Lichen-Dreams\backend\ia\datasets\liquenes_desconocidos\personas\per_0024.jpeg,2,desconocido,train,personas,false,per_0024.jpeg
per_0025.jpg,C:\Users\mance\Documents\Steffi\Lichen-Dreams\backend\ia\datasets\liquenes_desconocidos\personas\per_0025.jpg,2,desconocido,train,personas,false,per_0025.jpg
per_0026.jpg,C:\Users\mance\Documents\Steffi\Lichen-Dreams\backend\ia\datasets\liquenes_desconocidos\personas\per_0026.jpg,2,desconocido,train,personas,false,per_0026.jpg
per_0027.jpg,C:\Users\mance\Documents\Steffi\Lichen-Dreams\backend\ia\datasets\liquenes_desconocidos\personas\per_0027.jpg,2,desconocido,train,personas,false,per_0027.jpg
per_0028.jpg,C:\Users\mance\Documents\Steffi\Lichen-Dreams\backend\ia\datasets\liquenes_desconocidos\personas\per_0028.jpg,2,desconocido,train,personas,false,per_0028.jpg
per_0029.jpg,C:\Users\mance\Documents\Steffi\Lichen-Dreams\backend\ia\datasets\liquenes_desconocidos\personas\per_0029.jpg,2,desconocido,train,personas,false,per_0029.jpg
per_0030.jpg,C:\Users\mance\Documents\Steffi\Lichen-Dreams\backend\ia\datasets\liquenes_desconocidos\personas\per_0030.jpg,2,desconocido,train,personas,false,per_0030.jpg
ph_0001.jpg,C:\Users\mance\Documents\Steffi\Lichen-Dreams\backend\ia\datasets\liquenes_desconocidos\pasto_hierba\ph_0001.jpg,2,desconocido,train,pasto_hierba,false,ph_0001.jpg
ph_0002.jpg,C:\Users\mance\Documents\Steffi\Lichen-Dreams\backend\ia\datasets\liquenes_desconocidos\pasto_hierba\ph_0002.jpg,2,desconocido,train,pasto_hierba,false,ph_0002.jpg
ph_0003.jpg,C:\Users\mance\Documents\Steffi\Lichen-Dreams\backend\ia\datasets\liquenes_desconocidos\pasto_hierba\ph_0003.jpg,2,desconocido,train,pasto_hierba,false,ph_0003.jpg
ph_0004.jpeg,C:\Users\mance\Documents\Steffi\Lichen-Dreams\backend\ia\datasets\liquenes_desconocidos\pasto_hierba\ph_0004.jpeg,2,desconocido,train,pasto_hierba,false,ph_0004.jpeg
ph_0005.jpeg,C:\Users\mance\Documents\Steffi\Lichen-Dreams\backend\ia\datasets\liquenes_desconocidos\pasto_hierba\ph_0005.jpeg,2,desconocido,train,pasto_hierba,false,ph_0005.jpeg
ph_0006.jpg,C:\Users\mance\Documents\Steffi\Lichen-Dreams\backend\ia\datasets\liquenes_desconocidos\pasto_hierba\ph_0006.jpg,2,desconocido,train,pasto_hierba,false,ph_0006.jpg
ph_0007.jpg,C:\Users\mance\Documents\Steffi\Lichen-Dreams\backend\ia\datasets\liquenes_desconocidos\pasto_hierba\ph_0007.jpg,2,desconocido,train,pasto_hierba,false,ph_0007.jpg
ph_0008.jpg,C:\Users\mance\Documents\Steffi\Lichen-Dreams\backend\ia\datasets\liquenes_desconocidos\pasto_hierba\ph_0008.jpg,2,desconocido,train,pasto_hierba,false,ph_0008.jpg
ph_0009.jpg,C:\Users\mance\Documents\Steffi\Lichen-Dreams\backend\ia\datasets\liquenes_desconocidos\pasto_hierba\ph_0009.jpg,2,desconocido,train,pasto_hierba,false,ph_0009.jpg
ph_0010.jpg,C:\Users\mance\Documents\Steffi\Lichen-Dreams\backend\ia\datasets\liquenes_desconocidos\pasto_hierba\ph_0010.jpg,2,desconocido,train,pasto_hierba,false,ph_0010.jpg
ph_0011.jpg,C:\Users\mance\Documents\Steffi\Lichen-Dreams\backend\ia\datasets\liquenes_desconocidos\pasto_hierba\ph_0011.jpg,2,desconocido,train,pasto_hierba,false,ph_0011.jpg
ph_0012.jpg,C:\Users\mance\Documents\Steffi\Lichen-Dreams\backend\ia\datasets\liquenes_desconocidos\pasto_hierba\ph_0012.jpg,2,desconocido,train,pasto_hierba,false,ph_0012.jpg
ph_0013.jpeg,C:\Users\mance\Documents\Steffi\Lichen-Dreams\backend\ia\datasets\liquenes_desconocidos\pasto_hierba\ph_0013.jpeg,2,desconocido,train,pasto_hierba,false,ph_0013.jpeg
ph_0014.jpeg,C:\Users\mance\Documents\Steffi\Lichen-Dreams\backend\ia\datasets\liquenes_desconocidos\pasto_hierba\ph_0014.jpeg,2,desconocido,train,pasto_hierba,false,ph_0014.jpeg
ph_0015.jpg,C:\Users\mance\Documents\Steffi\Lichen-Dreams\backend\ia\datasets\liquenes_desconocidos\pasto_hierba\ph_0015.jpg,2,desconocido,train,pasto_hierba,false,ph_0015.jpg
ph_0016.jpeg,C:\Users\mance\Documents\Steffi\Lichen-Dreams\backend\ia\datasets\liquenes_desconocidos\pasto_hierba\ph_0016.jpeg,2,desconocido,train,pasto_hierba,false,ph_0016.jpeg
ph_0017.jpeg,C:\Users\mance\Documents\Steffi\Lichen-Dreams\backend\ia\datasets\liquenes_desconocidos\pasto_hierba\ph_0017.jpeg,2,desconocido,train,pasto_hierba,false,ph_0017.jpeg
ph_0018.jpg,C:\Users\mance\Documents\Steffi\Lichen-Dreams\backend\ia\datasets\liquenes_desconocidos\pasto_hierba\ph_0018.jpg,2,desconocido,train,pasto_hierba,false,ph_0018.jpg
ph_0019.webp,C:\Users\mance\Documents\Steffi\Lichen-Dreams\backend\ia\datasets\liquenes_desconocidos\pasto_hierba\ph_0019.webp,2,desconocido,train,pasto_hierba,false,ph_0019.webp
ph_0020.jpeg,C:\Users\mance\Documents\Steffi\Lichen-Dreams\backend\ia\datasets\liquenes_desconocidos\pasto_hierba\ph_0020.jpeg,2,desconocido,train,pasto_hierba,false,ph_0020.jpeg
ph_0021.jpeg,C:\Users\mance\Documents\Steffi\Lichen-Dreams\backend\ia\datasets\liquenes_desconocidos\pasto_hierba\ph_0021.jpeg,2,desconocido,train,pasto_hierba,false,ph_0021.jpeg
ph_0022.jpeg,C:\Users\mance\Documents\Steffi\Lichen-Dreams\backend\ia\datasets\liquenes_desconocidos\pasto_hierba\ph_0022.jpeg,2,desconocido,train,pasto_hierba,false,ph_0022.jpeg
ph_0023.jpeg,C:\Users\mance\Documents\Steffi\Lichen-Dreams\backend\ia\datasets\liquenes_desconocidos\pasto_hierba\ph_0023.jpeg,2,desconocido,train,pasto_hierba,false,ph_0023.jpeg
ph_0024.webp,C:\Users\mance\Documents\Steffi\Lichen-Dreams\backend\ia\datasets\liquenes_desconocidos\pasto_hierba\ph_0024.webp,2,desconocido,train,pasto_hierba,false,ph_0024.webp
ph_0025.jpeg,C:\Users\mance\Documents\Steffi\Lichen-Dreams\backend\ia\datasets\liquenes_desconocidos\pasto_hierba\ph_0025.jpeg,2,desconocido,train,pasto_hierba,false,ph_0025.jpeg
ph_0026.jpeg,C:\Users\mance\Documents\Steffi\Lichen-Dreams\backend\ia\datasets\liquenes_desconocidos\pasto_hierba\ph_0026.jpeg,2,desconocido,train,pasto_hierba,false,ph_0026.jpeg
ph_0027.jpeg,C:\Users\mance\Documents\Steffi\Lichen-Dreams\backend\ia\datasets\liquenes_desconocidos\pasto_hierba\ph_0027.jpeg,2,desconocido,train,pasto_hierba,false,ph_0027.jpeg
ph_0028.jpeg,C:\Users\mance\Documents\Steffi\Lichen-Dreams\backend\ia\datasets\liquenes_desconocidos\pasto_hierba\ph_0028.jpeg,2,desconocido,train,pasto_hierba,false,ph_0028.jpeg
ph_0029.jpeg,C:\Users\mance\Documents\Steffi\Lichen-Dreams\backend\ia\datasets\liquenes_desconocidos\pasto_hierba\ph_0029.jpeg,2,desconocido,train,pasto_hierba,false,ph_0029.jpeg
ph_0030.jpeg,C:\Users\mance\Documents\Steffi\Lichen-Dreams\backend\ia\datasets\liquenes_desconocidos\pasto_hierba\ph_0030.jpeg,2,desconocido,train,pasto_hierba,false,ph_0030.jpeg
ph_0031.jpeg,C:\Users\mance\Documents\Steffi\Lichen-Dreams\backend\ia\datasets\liquenes_desconocidos\pasto_hierba\ph_0031.jpeg,2,desconocido,train,pasto_hierba,false,ph_0031.jpeg
ph_0032.jpeg,C:\Users\mance\Documents\Steffi\Lichen-Dreams\backend\ia\datasets\liquenes_desconocidos\pasto_hierba\ph_0032.jpeg,2,desconocido,train,pasto_hierba,false,ph_0032.jpeg
ph_0033.jpeg,C:\Users\mance\Documents\Steffi\Lichen-Dreams\backend\ia\datasets\liquenes_desconocidos\pasto_hierba\ph_0033.jpeg,2,desconocido,train,pasto_hierba,false,ph_0033.jpeg
ph_0034.jpeg,C:\Users\mance\Documents\Steffi\Lichen-Dreams\backend\ia\datasets\liquenes_desconocidos\pasto_hierba\ph_0034.jpeg,2,desconocido,train,pasto_hierba,false,ph_0034.jpeg
ph_0035.jpeg,C:\Users\mance\Documents\Steffi\Lichen-Dreams\backend\ia\datasets\liquenes_desconocidos\pasto_hierba\ph_0035.jpeg,2,desconocido,train,pasto_hierba,false,ph_0035.jpeg
ph_0036.jpeg,C:\Users\mance\Documents\Steffi\Lichen-Dreams\backend\ia\datasets\liquenes_desconocidos\pasto_hierba\ph_0036.jpeg,2,desconocido,train,pasto_hierba,false,ph_0036.jpeg
pl_0001.jpg,C:\Users\mance\Documents\Steffi\Lichen-Dreams\backend\ia\datasets\liquenes_desconocidos\plastico\pl_0001.jpg,2,desconocido,train,plastico,false,pl_0001.jpg
pl_0002.jpg,C:\Users\mance\Documents\Steffi\Lichen-Dreams\backend\ia\datasets\liquenes_desconocidos\plastico\pl_0002.jpg,2,desconocido,train,plastico,false,pl_0002.jpg
pl_0003.jpg,C:\Users\mance\Documents\Steffi\Lichen-Dreams\backend\ia\datasets\liquenes_desconocidos\plastico\pl_0003.jpg,2,desconocido,train,plastico,false,pl_0003.jpg
pl_0004.jpg,C:\Users\mance\Documents\Steffi\Lichen-Dreams\backend\ia\datasets\liquenes_desconocidos\plastico\pl_0004.jpg,2,desconocido,train,plastico,false,pl_0004.jpg
pl_0005.jpg,C:\Users\mance\Documents\Steffi\Lichen-Dreams\backend\ia\datasets\liquenes_desconocidos\plastico\pl_0005.jpg,2,desconocido,train,plastico,false,pl_0005.jpg
pl_0006.jpg,C:\Users\mance\Documents\Steffi\Lichen-Dreams\backend\ia\datasets\liquenes_desconocidos\plastico\pl_0006.jpg,2,desconocido,train,plastico,false,pl_0006.jpg
pl_0007.jpg,C:\Users\mance\Documents\Steffi\Lichen-Dreams\backend\ia\datasets\liquenes_desconocidos\plastico\pl_0007.jpg,2,desconocido,train,plastico,false,pl_0007.jpg
pl_0008.webp,C:\Users\mance\Documents\Steffi\Lichen-Dreams\backend\ia\datasets\liquenes_desconocidos\plastico\pl_0008.webp,2,desconocido,train,plastico,false,pl_0008.webp
pl_0009.jpg,C:\Users\mance\Documents\Steffi\Lichen-Dreams\backend\ia\datasets\liquenes_desconocidos\plastico\pl_0009.jpg,2,desconocido,train,plastico,false,pl_0009.jpg
pl_0010.jpg,C:\Users\mance\Documents\Steffi\Lichen-Dreams\backend\ia\datasets\liquenes_desconocidos\plastico\pl_0010.jpg,2,desconocido,train,plastico,false,pl_0010.jpg
pl_0011.jpeg,C:\Users\mance\Documents\Steffi\Lichen-Dreams\backend\ia\datasets\liquenes_desconocidos\plastico\pl_0011.jpeg,2,desconocido,train,plastico,false,pl_0011.jpeg
pl_0012.webp,C:\Users\mance\Documents\Steffi\Lichen-Dreams\backend\ia\datasets\liquenes_desconocidos\plastico\pl_0012.webp,2,desconocido,train,plastico,false,pl_0012.webp
pl_0013.jpg,C:\Users\mance\Documents\Steffi\Lichen-Dreams\backend\ia\datasets\liquenes_desconocidos\plastico\pl_0013.jpg,2,desconocido,train,plastico,false,pl_0013.jpg
pl_0014.jpg,C:\Users\mance\Documents\Steffi\Lichen-Dreams\backend\ia\datasets\liquenes_desconocidos\plastico\pl_0014.jpg,2,desconocido,train,plastico,false,pl_0014.jpg
pl_0015.jpg,C:\Users\mance\Documents\Steffi\Lichen-Dreams\backend\ia\datasets\liquenes_desconocidos\plastico\pl_0015.jpg,2,desconocido,train,plastico,false,pl_0015.jpg
pl_0016.jpg,C:\Users\mance\Documents\Steffi\Lichen-Dreams\backend\ia\datasets\liquenes_desconocidos\plastico\pl_0016.jpg,2,desconocido,train,plastico,false,pl_0016.jpg
pl_0017.jpg,C:\Users\mance\Documents\Steffi\Lichen-Dreams\backend\ia\datasets\liquenes_desconocidos\plastico\pl_0017.jpg,2,desconocido,train,plastico,false,pl_0017.jpg
pl_0018.jpg,C:\Users\mance\Documents\Steffi\Lichen-Dreams\backend\ia\datasets\liquenes_desconocidos\plastico\pl_0018.jpg,2,desconocido,train,plastico,false,pl_0018.jpg
pl_0019.jpg,C:\Users\mance\Documents\Steffi\Lichen-Dreams\backend\ia\datasets\liquenes_desconocidos\plastico\pl_0019.jpg,2,desconocido,train,plastico,false,pl_0019.jpg
pl_0020.jpg,C:\Users\mance\Documents\Steffi\Lichen-Dreams\backend\ia\datasets\liquenes_desconocidos\plastico\pl_0020.jpg,2,desconocido,train,plastico,false,pl_0020.jpg
pl_0021.jpg,C:\Users\mance\Documents\Steffi\Lichen-Dreams\backend\ia\datasets\liquenes_desconocidos\plastico\pl_0021.jpg,2,desconocido,train,plastico,false,pl_0021.jpg
pl_0022.jpg,C:\Users\mance\Documents\Steffi\Lichen-Dreams\backend\ia\datasets\liquenes_desconocidos\plastico\pl_0022.jpg,2,desconocido,train,plastico,false,pl_0022.jpg
pl_0023.jpg,C:\Users\mance\Documents\Steffi\Lichen-Dreams\backend\ia\datasets\liquenes_desconocidos\plastico\pl_0023.jpg,2,desconocido,train,plastico,false,pl_0023.jpg
pl_0024.jpg,C:\Users\mance\Documents\Steffi\Lichen-Dreams\backend\ia\datasets\liquenes_desconocidos\plastico\pl_0024.jpg,2,desconocido,train,plastico,false,pl_0024.jpg
pl_0025.jpg,C:\Users\mance\Documents\Steffi\Lichen-Dreams\backend\ia\datasets\liquenes_desconocidos\plastico\pl_0025.jpg,2,desconocido,train,plastico,false,pl_0025.jpg
pl_0026.png,C:\Users\mance\Documents\Steffi\Lichen-Dreams\backend\ia\datasets\liquenes_desconocidos\plastico\pl_0026.png,2,desconocido,train,plastico,false,pl_0026.png
pl_0027.jpeg,C:\Users\mance\Documents\Steffi\Lichen-Dreams\backend\ia\datasets\liquenes_desconocidos\plastico\pl_0027.jpeg,2,desconocido,train,plastico,false,pl_0027.jpeg
pl_0028.jpeg,C:\Users\mance\Documents\Steffi\Lichen-Dreams\backend\ia\datasets\liquenes_desconocidos\plastico\pl_0028.jpeg,2,desconocido,train,plastico,false,pl_0028.jpeg
pl_0029.jpeg,C:\Users\mance\Documents\Steffi\Lichen-Dreams\backend\ia\datasets\liquenes_desconocidos\plastico\pl_0029.jpeg,2,desconocido,train,plastico,false,pl_0029.jpeg
pl_0030.jpeg,C:\Users\mance\Documents\Steffi\Lichen-Dreams\backend\ia\datasets\liquenes_desconocidos\plastico\pl_0030.jpeg,2,desconocido,train,plastico,false,pl_0030.jpeg
pr_0001.jpg,C:\Users\mance\Documents\Steffi\Lichen-Dreams\backend\ia\datasets\liquenes_desconocidos\piedras_rocas\pr_0001.jpg,2,desconocido,val,piedras_rocas,false,pr_0001.jpg
pr_0002.jpg,C:\Users\mance\Documents\Steffi\Lichen-Dreams\backend\ia\datasets\liquenes_desconocidos\piedras_rocas\pr_0002.jpg,2,desconocido,val,piedras_rocas,false,pr_0002.jpg
pr_0003.jpg,C:\Users\mance\Documents\Steffi\Lichen-Dreams\backend\ia\datasets\liquenes_desconocidos\piedras_rocas\pr_0003.jpg,2,desconocido,val,piedras_rocas,false,pr_0003.jpg
pr_0004.jpg,C:\Users\mance\Documents\Steffi\Lichen-Dreams\backend\ia\datasets\liquenes_desconocidos\piedras_rocas\pr_0004.jpg,2,desconocido,val,piedras_rocas,false,pr_0004.jpg
pr_0005.jpg,C:\Users\mance\Documents\Steffi\Lichen-Dreams\backend\ia\datasets\liquenes_desconocidos\piedras_rocas\pr_0005.jpg,2,desconocido,val,piedras_rocas,false,pr_0005.jpg
pr_0006.jpg,C:\Users\mance\Documents\Steffi\Lichen-Dreams\backend\ia\datasets\liquenes_desconocidos\piedras_rocas\pr_0006.jpg,2,desconocido,val,piedras_rocas,false,pr_0006.jpg
pr_0007.jpg,C:\Users\mance\Documents\Steffi\Lichen-Dreams\backend\ia\datasets\liquenes_desconocidos\piedras_rocas\pr_0007.jpg,2,desconocido,val,piedras_rocas,false,pr_0007.jpg
pr_0008.jpg,C:\Users\mance\Documents\Steffi\Lichen-Dreams\backend\ia\datasets\liquenes_desconocidos\piedras_rocas\pr_0008.jpg,2,desconocido,val,piedras_rocas,false,pr_0008.jpg
pr_0009.jpg,C:\Users\mance\Documents\Steffi\Lichen-Dreams\backend\ia\datasets\liquenes_desconocidos\piedras_rocas\pr_0009.jpg,2,desconocido,val,piedras_rocas,false,pr_0009.jpg
pr_0010.jpg,C:\Users\mance\Documents\Steffi\Lichen-Dreams\backend\ia\datasets\liquenes_desconocidos\piedras_rocas\pr_0010.jpg,2,desconocido,val,piedras_rocas,false,pr_0010.jpg
pr_0011.jpg,C:\Users\mance\Documents\Steffi\Lichen-Dreams\backend\ia\datasets\liquenes_desconocidos\piedras_rocas\pr_0011.jpg,2,desconocido,val,piedras_rocas,false,pr_0011.jpg
pr_0012.jpg,C:\Users\mance\Documents\Steffi\Lichen-Dreams\backend\ia\datasets\liquenes_desconocidos\piedras_rocas\pr_0012.jpg,2,desconocido,val,piedras_rocas,false,pr_0012.jpg
pr_0013.jpg,C:\Users\mance\Documents\Steffi\Lichen-Dreams\backend\ia\datasets\liquenes_desconocidos\piedras_rocas\pr_0013.jpg,2,desconocido,val,piedras_rocas,false,pr_0013.jpg
pr_0014.jpg,C:\Users\mance\Documents\Steffi\Lichen-Dreams\backend\ia\datasets\liquenes_desconocidos\piedras_rocas\pr_0014.jpg,2,desconocido,val,piedras_rocas,false,pr_0014.jpg
pr_0015.jpeg,C:\Users\mance\Documents\Steffi\Lichen-Dreams\backend\ia\datasets\liquenes_desconocidos\piedras_rocas\pr_0015.jpeg,2,desconocido,val,piedras_rocas,false,pr_0015.jpeg
pr_0016.jpeg,C:\Users\mance\Documents\Steffi\Lichen-Dreams\backend\ia\datasets\liquenes_desconocidos\piedras_rocas\pr_0016.jpeg,2,desconocido,val,piedras_rocas,false,pr_0016.jpeg
pr_0017.jpg,C:\Users\mance\Documents\Steffi\Lichen-Dreams\backend\ia\datasets\liquenes_desconocidos\piedras_rocas\pr_0017.jpg,2,desconocido,val,piedras_rocas,false,pr_0017.jpg
pr_0018.jpg,C:\Users\mance\Documents\Steffi\Lichen-Dreams\backend\ia\datasets\liquenes_desconocidos\piedras_rocas\pr_0018.jpg,2,desconocido,val,piedras_rocas,false,pr_0018.jpg
pr_0019.jpeg,C:\Users\mance\Documents\Steffi\Lichen-Dreams\backend\ia\datasets\liquenes_desconocidos\piedras_rocas\pr_0019.jpeg,2,desconocido,val,piedras_rocas,false,pr_0019.jpeg
pr_0020.jpeg,C:\Users\mance\Documents\Steffi\Lichen-Dreams\backend\ia\datasets\liquenes_desconocidos\piedras_rocas\pr_0020.jpeg,2,desconocido,val,piedras_rocas,false,pr_0020.jpeg
pr_0021.jpeg,C:\Users\mance\Documents\Steffi\Lichen-Dreams\backend\ia\datasets\liquenes_desconocidos\piedras_rocas\pr_0021.jpeg,2,desconocido,val,piedras_rocas,false,pr_0021.jpeg
pr_0022.jpeg,C:\Users\mance\Documents\Steffi\Lichen-Dreams\backend\ia\datasets\liquenes_desconocidos\piedras_rocas\pr_0022.jpeg,2,desconocido,val,piedras_rocas,false,pr_0022.jpeg
pr_0023.jpeg,C:\Users\mance\Documents\Steffi\Lichen-Dreams\backend\ia\datasets\liquenes_desconocidos\piedras_rocas\pr_0023.jpeg,2,desconocido,val,piedras_rocas,false,pr_0023.jpeg
pr_0024.jpeg,C:\Users\mance\Documents\Steffi\Lichen-Dreams\backend\ia\datasets\liquenes_desconocidos\piedras_rocas\pr_0024.jpeg,2,desconocido,val,piedras_rocas,false,pr_0024.jpeg
pr_0025.jpeg,C:\Users\mance\Documents\Steffi\Lichen-Dreams\backend\ia\datasets\liquenes_desconocidos\piedras_rocas\pr_0025.jpeg,2,desconocido,val,piedras_rocas,false,pr_0025.jpeg
pr_0026.jpeg,C:\Users\mance\Documents\Steffi\Lichen-Dreams\backend\ia\datasets\liquenes_desconocidos\piedras_rocas\pr_0026.jpeg,2,desconocido,val,piedras_rocas,false,pr_0026.jpeg
pr_0027.jpeg,C:\Users\mance\Documents\Steffi\Lichen-Dreams\backend\ia\datasets\liquenes_desconocidos\piedras_rocas\pr_0027.jpeg,2,desconocido,val,piedras_rocas,false,pr_0027.jpeg
pr_0028.jpeg,C:\Users\mance\Documents\Steffi\Lichen-Dreams\backend\ia\datasets\liquenes_desconocidos\piedras_rocas\pr_0028.jpeg,2,desconocido,val,piedras_rocas,false,pr_0028.jpeg
pr_0029.jpeg,C:\Users\mance\Documents\Steffi\Lichen-Dreams\backend\ia\datasets\liquenes_desconocidos\piedras_rocas\pr_0029.jpeg,2,desconocido,val,piedras_rocas,false,pr_0029.jpeg
pr_0030.jpeg,C:\Users\mance\Documents\Steffi\Lichen-Dreams\backend\ia\datasets\liquenes_desconocidos\piedras_rocas\pr_0030.jpeg,2,desconocido,val,piedras_rocas,false,pr_0030.jpeg
pr_0031.jpeg,C:\Users\mance\Documents\Steffi\Lichen-Dreams\backend\ia\datasets\liquenes_desconocidos\piedras_rocas\pr_0031.jpeg,2,desconocido,val,piedras_rocas,false,pr_0031.jpeg
pr_0032.jpeg,C:\Users\mance\Documents\Steffi\Lichen-Dreams\backend\ia\datasets\liquenes_desconocidos\piedras_rocas\pr_0032.jpeg,2,desconocido,val,piedras_rocas,false,pr_0032.jpeg
pr_0033.jpg,C:\Users\mance\Documents\Steffi\Lichen-Dreams\backend\ia\datasets\liquenes_desconocidos\piedras_rocas\pr_0033.jpg,2,desconocido,val,piedras_rocas,false,pr_0033.jpg
pr_0034.jpg,C:\Users\mance\Documents\Steffi\Lichen-Dreams\backend\ia\datasets\liquenes_desconocidos\piedras_rocas\pr_0034.jpg,2,desconocido,val,piedras_rocas,false,pr_0034.jpg
pr_0035.jpeg,C:\Users\mance\Documents\Steffi\Lichen-Dreams\backend\ia\datasets\liquenes_desconocidos\piedras_rocas\pr_0035.jpeg,2,desconocido,val,piedras_rocas,false,pr_0035.jpeg
pr_0036.jpg,C:\Users\mance\Documents\Steffi\Lichen-Dreams\backend\ia\datasets\liquenes_desconocidos\piedras_rocas\pr_0036.jpg,2,desconocido,val,piedras_rocas,false,pr_0036.jpg
pr_0037.jpeg,C:\Users\mance\Documents\Steffi\Lichen-Dreams\backend\ia\datasets\liquenes_desconocidos\piedras_rocas\pr_0037.jpeg,2,desconocido,val,piedras_rocas,false,pr_0037.jpeg
pr_0038.jpeg,C:\Users\mance\Documents\Steffi\Lichen-Dreams\backend\ia\datasets\liquenes_desconocidos\piedras_rocas\pr_0038.jpeg,2,desconocido,val,piedras_rocas,false,pr_0038.jpeg
pr_0039.jpeg,C:\Users\mance\Documents\Steffi\Lichen-Dreams\backend\ia\datasets\liquenes_desconocidos\piedras_rocas\pr_0039.jpeg,2,desconocido,val,piedras_rocas,false,pr_0039.jpeg
pr_0040.jpeg,C:\Users\mance\Documents\Steffi\Lichen-Dreams\backend\ia\datasets\liquenes_desconocidos\piedras_rocas\pr_0040.jpeg,2,desconocido,val,piedras_rocas,false,pr_0040.jpeg
pr_0041.jpeg,C:\Users\mance\Documents\Steffi\Lichen-Dreams\backend\ia\datasets\liquenes_desconocidos\piedras_rocas\pr_0041.jpeg,2,desconocido,val,piedras_rocas,false,pr_0041.jpeg
pr_0042.jpeg,C:\Users\mance\Documents\Steffi\Lichen-Dreams\backend\ia\datasets\liquenes_desconocidos\piedras_rocas\pr_0042.jpeg,2,desconocido,val,piedras_rocas,false,pr_0042.jpeg
pr_0043.jpeg,C:\Users\mance\Documents\Steffi\Lichen-Dreams\backend\ia\datasets\liquenes_desconocidos\piedras_rocas\pr_0043.jpeg,2,desconocido,val,piedras_rocas,false,pr_0043.jpeg
pr_0044.jpeg,C:\Users\mance\Documents\Steffi\Lichen-Dreams\backend\ia\datasets\liquenes_desconocidos\piedras_rocas\pr_0044.jpeg,2,desconocido,val,piedras_rocas,false,pr_0044.jpeg
pr_0045.jpeg,C:\Users\mance\Documents\Steffi\Lichen-Dreams\backend\ia\datasets\liquenes_desconocidos\piedras_rocas\pr_0045.jpeg,2,desconocido,val,piedras_rocas,false,pr_0045.jpeg
pr_0046.webp,C:\Users\mance\Documents\Steffi\Lichen-Dreams\backend\ia\datasets\liquenes_desconocidos\piedras_rocas\pr_0046.webp,2,desconocido,val,piedras_rocas,false,pr_0046.webp
pr_0047.jpg,C:\Users\mance\Documents\Steffi\Lichen-Dreams\backend\ia\datasets\liquenes_desconocidos\piedras_rocas\pr_0047.jpg,2,desconocido,val,piedras_rocas,false,pr_0047.jpg
pr_0048.jpg,C:\Users\mance\Documents\Steffi\Lichen-Dreams\backend\ia\datasets\liquenes_desconocidos\piedras_rocas\pr_0048.jpg,2,desconocido,val,piedras_rocas,false,pr_0048.jpg
pr_0049.jpg,C:\Users\mance\Documents\Steffi\Lichen-Dreams\backend\ia\datasets\liquenes_desconocidos\piedras_rocas\pr_0049.jpg,2,desconocido,val,piedras_rocas,false,pr_0049.jpg
pr_0050.jpeg,C:\Users\mance\Documents\Steffi\Lichen-Dreams\backend\ia\datasets\liquenes_desconocidos\piedras_rocas\pr_0050.jpeg,2,desconocido,val,piedras_rocas,false,pr_0050.jpeg
pr_0051.jpeg,C:\Users\mance\Documents\Steffi\Lichen-Dreams\backend\ia\datasets\liquenes_desconocidos\piedras_rocas\pr_0051.jpeg,2,desconocido,val,piedras_rocas,false,pr_0051.jpeg
pr_0052.jpg,C:\Users\mance\Documents\Steffi\Lichen-Dreams\backend\ia\datasets\liquenes_desconocidos\piedras_rocas\pr_0052.jpg,2,desconocido,val,piedras_rocas,false,pr_0052.jpg
pr_0053.jpg,C:\Users\mance\Documents\Steffi\Lichen-Dreams\backend\ia\datasets\liquenes_desconocidos\piedras_rocas\pr_0053.jpg,2,desconocido,val,piedras_rocas,false,pr_0053.jpg
pr_0054.jpg,C:\Users\mance\Documents\Steffi\Lichen-Dreams\backend\ia\datasets\liquenes_desconocidos\piedras_rocas\pr_0054.jpg,2,desconocido,val,piedras_rocas,false,pr_0054.jpg
pr_0055.jpg,C:\Users\mance\Documents\Steffi\Lichen-Dreams\backend\ia\datasets\liquenes_desconocidos\piedras_rocas\pr_0055.jpg,2,desconocido,val,piedras_rocas,false,pr_0055.jpg
pr_0056.jpeg,C:\Users\mance\Documents\Steffi\Lichen-Dreams\backend\ia\datasets\liquenes_desconocidos\piedras_rocas\pr_0056.jpeg,2,desconocido,val,piedras_rocas,false,pr_0056.jpeg
pr_0057.jpeg,C:\Users\mance\Documents\Steffi\Lichen-Dreams\backend\ia\datasets\liquenes_desconocidos\piedras_rocas\pr_0057.jpeg,2,desconocido,val,piedras_rocas,false,pr_0057.jpeg
pr_0058.jpeg,C:\Users\mance\Documents\Steffi\Lichen-Dreams\backend\ia\datasets\liquenes_desconocidos\piedras_rocas\pr_0058.jpeg,2,desconocido,val,piedras_rocas,false,pr_0058.jpeg
pr_0059.jpeg,C:\Users\mance\Documents\Steffi\Lichen-Dreams\backend\ia\datasets\liquenes_desconocidos\piedras_rocas\pr_0059.jpeg,2,desconocido,val,piedras_rocas,false,pr_0059.jpeg
pr_0060.jpeg,C:\Users\mance\Documents\Steffi\Lichen-Dreams\backend\ia\datasets\liquenes_desconocidos\piedras_rocas\pr_0060.jpeg,2,desconocido,val,piedras_rocas,false,pr_0060.jpeg
pr_0061.jpeg,C:\Users\mance\Documents\Steffi\Lichen-Dreams\backend\ia\datasets\liquenes_desconocidos\piedras_rocas\pr_0061.jpeg,2,desconocido,val,piedras_rocas,false,pr_0061.jpeg
pr_0062.jpeg,C:\Users\mance\Documents\Steffi\Lichen-Dreams\backend\ia\datasets\liquenes_desconocidos\piedras_rocas\pr_0062.jpeg,2,desconocido,val,piedras_rocas,false,pr_0062.jpeg
pr_0063.jpeg,C:\Users\mance\Documents\Steffi\Lichen-Dreams\backend\ia\datasets\liquenes_desconocidos\piedras_rocas\pr_0063.jpeg,2,desconocido,val,piedras_rocas,false,pr_0063.jpeg
pr_0064.jpeg,C:\Users\mance\Documents\Steffi\Lichen-Dreams\backend\ia\datasets\liquenes_desconocidos\piedras_rocas\pr_0064.jpeg,2,desconocido,val,piedras_rocas,false,pr_0064.jpeg
pr_0065.jpeg,C:\Users\mance\Documents\Steffi\Lichen-Dreams\backend\ia\datasets\liquenes_desconocidos\piedras_rocas\pr_0065.jpeg,2,desconocido,val,piedras_rocas,false,pr_0065.jpeg
pr_0066.jpeg,C:\Users\mance\Documents\Steffi\Lichen-Dreams\backend\ia\datasets\liquenes_desconocidos\piedras_rocas\pr_0066.jpeg,2,desconocido,val,piedras_rocas,false,pr_0066.jpeg
pr_0067.jpeg,C:\Users\mance\Documents\Steffi\Lichen-Dreams\backend\ia\datasets\liquenes_desconocidos\piedras_rocas\pr_0067.jpeg,2,desconocido,val,piedras_rocas,false,pr_0067.jpeg
pr_0068.jpeg,C:\Users\mance\Documents\Steffi\Lichen-Dreams\backend\ia\datasets\liquenes_desconocidos\piedras_rocas\pr_0068.jpeg,2,desconocido,val,piedras_rocas,false,pr_0068.jpeg
pr_0069.jpeg,C:\Users\mance\Documents\Steffi\Lichen-Dreams\backend\ia\datasets\liquenes_desconocidos\piedras_rocas\pr_0069.jpeg,2,desconocido,val,piedras_rocas,false,pr_0069.jpeg
pr_0070.jpeg,C:\Users\mance\Documents\Steffi\Lichen-Dreams\backend\ia\datasets\liquenes_desconocidos\piedras_rocas\pr_0070.jpeg,2,desconocido,val,piedras_rocas,false,pr_0070.jpeg
pr_0071.jpeg,C:\Users\mance\Documents\Steffi\Lichen-Dreams\backend\ia\datasets\liquenes_desconocidos\piedras_rocas\pr_0071.jpeg,2,desconocido,val,piedras_rocas,false,pr_0071.jpeg
pr_0072.jpeg,C:\Users\mance\Documents\Steffi\Lichen-Dreams\backend\ia\datasets\liquenes_desconocidos\piedras_rocas\pr_0072.jpeg,2,desconocido,val,piedras_rocas,false,pr_0072.jpeg
pr_0073.jpeg,C:\Users\mance\Documents\Steffi\Lichen-Dreams\backend\ia\datasets\liquenes_desconocidos\piedras_rocas\pr_0073.jpeg,2,desconocido,val,piedras_rocas,false,pr_0073.jpeg
pr_0074.jpeg,C:\Users\mance\Documents\Steffi\Lichen-Dreams\backend\ia\datasets\liquenes_desconocidos\piedras_rocas\pr_0074.jpeg,2,desconocido,val,piedras_rocas,false,pr_0074.jpeg
rb_0001.jpg,C:\Users\mance\Documents\Steffi\Lichen-Dreams\backend\ia\datasets\liquenes_desconocidos\residuos_basura\rb_0001.jpg,2,desconocido,test,residuos_basura,false,rb_0001.jpg
rb_0002.jpg,C:\Users\mance\Documents\Steffi\Lichen-Dreams\backend\ia\datasets\liquenes_desconocidos\residuos_basura\rb_0002.jpg,2,desconocido,test,residuos_basura,false,rb_0002.jpg
rb_0003.jpg,C:\Users\mance\Documents\Steffi\Lichen-Dreams\backend\ia\datasets\liquenes_desconocidos\residuos_basura\rb_0003.jpg,2,desconocido,test,residuos_basura,false,rb_0003.jpg
rb_0004.jpg,C:\Users\mance\Documents\Steffi\Lichen-Dreams\backend\ia\datasets\liquenes_desconocidos\residuos_basura\rb_0004.jpg,2,desconocido,test,residuos_basura,false,rb_0004.jpg
rb_0005.jpg,C:\Users\mance\Documents\Steffi\Lichen-Dreams\backend\ia\datasets\liquenes_desconocidos\residuos_basura\rb_0005.jpg,2,desconocido,test,residuos_basura,false,rb_0005.jpg
rb_0006.jpg,C:\Users\mance\Documents\Steffi\Lichen-Dreams\backend\ia\datasets\liquenes_desconocidos\residuos_basura\rb_0006.jpg,2,desconocido,test,residuos_basura,false,rb_0006.jpg
rb_0007.jpg,C:\Users\mance\Documents\Steffi\Lichen-Dreams\backend\ia\datasets\liquenes_desconocidos\residuos_basura\rb_0007.jpg,2,desconocido,test,residuos_basura,false,rb_0007.jpg
rb_0008.jpg,C:\Users\mance\Documents\Steffi\Lichen-Dreams\backend\ia\datasets\liquenes_desconocidos\residuos_basura\rb_0008.jpg,2,desconocido,test,residuos_basura,false,rb_0008.jpg
rb_0009.jpg,C:\Users\mance\Documents\Steffi\Lichen-Dreams\backend\ia\datasets\liquenes_desconocidos\residuos_basura\rb_0009.jpg,2,desconocido,test,residuos_basura,false,rb_0009.jpg
rb_0010.jpg,C:\Users\mance\Documents\Steffi\Lichen-Dreams\backend\ia\datasets\liquenes_desconocidos\residuos_basura\rb_0010.jpg,2,desconocido,test,residuos_basura,false,rb_0010.jpg
rb_0011.jpg,C:\Users\mance\Documents\Steffi\Lichen-Dreams\backend\ia\datasets\liquenes_desconocidos\residuos_basura\rb_0011.jpg,2,desconocido,test,residuos_basura,false,rb_0011.jpg
rb_0012.jpg,C:\Users\mance\Documents\Steffi\Lichen-Dreams\backend\ia\datasets\liquenes_desconocidos\residuos_basura\rb_0012.jpg,2,desconocido,test,residuos_basura,false,rb_0012.jpg
rb_0013.jpg,C:\Users\mance\Documents\Steffi\Lichen-Dreams\backend\ia\datasets\liquenes_desconocidos\residuos_basura\rb_0013.jpg,2,desconocido,test,residuos_basura,false,rb_0013.jpg
rb_0014.jpg,C:\Users\mance\Documents\Steffi\Lichen-Dreams\backend\ia\datasets\liquenes_desconocidos\residuos_basura\rb_0014.jpg,2,desconocido,test,residuos_basura,false,rb_0014.jpg
rb_0015.jpg,C:\Users\mance\Documents\Steffi\Lichen-Dreams\backend\ia\datasets\liquenes_desconocidos\residuos_basura\rb_0015.jpg,2,desconocido,test,residuos_basura,false,rb_0015.jpg
rb_0016.jpg,C:\Users\mance\Documents\Steffi\Lichen-Dreams\backend\ia\datasets\liquenes_desconocidos\residuos_basura\rb_0016.jpg,2,desconocido,test,residuos_basura,false,rb_0016.jpg
rb_0017.jpg,C:\Users\mance\Documents\Steffi\Lichen-Dreams\backend\ia\datasets\liquenes_desconocidos\residuos_basura\rb_0017.jpg,2,desconocido,test,residuos_basura,false,rb_0017.jpg
rb_0018.jpg,C:\Users\mance\Documents\Steffi\Lichen-Dreams\backend\ia\datasets\liquenes_desconocidos\residuos_basura\rb_0018.jpg,2,desconocido,test,residuos_basura,false,rb_0018.jpg
rb_0019.jpg,C:\Users\mance\Documents\Steffi\Lichen-Dreams\backend\ia\datasets\liquenes_desconocidos\residuos_basura\rb_0019.jpg,2,desconocido,test,residuos_basura,false,rb_0019.jpg
rb_0020.jpg,C:\Users\mance\Documents\Steffi\Lichen-Dreams\backend\ia\datasets\liquenes_desconocidos\residuos_basura\rb_0020.jpg,2,desconocido,test,residuos_basura,false,rb_0020.jpg
rb_0021.jpg,C:\Users\mance\Documents\Steffi\Lichen-Dreams\backend\ia\datasets\liquenes_desconocidos\residuos_basura\rb_0021.jpg,2,desconocido,test,residuos_basura,false,rb_0021.jpg
rb_0022.jpg,C:\Users\mance\Documents\Steffi\Lichen-Dreams\backend\ia\datasets\liquenes_desconocidos\residuos_basura\rb_0022.jpg,2,desconocido,test,residuos_basura,false,rb_0022.jpg
rb_0023.jpg,C:\Users\mance\Documents\Steffi\Lichen-Dreams\backend\ia\datasets\liquenes_desconocidos\residuos_basura\rb_0023.jpg,2,desconocido,test,residuos_basura,false,rb_0023.jpg
rb_0024.jpg,C:\Users\mance\Documents\Steffi\Lichen-Dreams\backend\ia\datasets\liquenes_desconocidos\residuos_basura\rb_0024.jpg,2,desconocido,test,residuos_basura,false,rb_0024.jpg
rb_0025.jpg,C:\Users\mance\Documents\Steffi\Lichen-Dreams\backend\ia\datasets\liquenes_desconocidos\residuos_basura\rb_0025.jpg,2,desconocido,test,residuos_basura,false,rb_0025.jpg
rb_0026.jpg,C:\Users\mance\Documents\Steffi\Lichen-Dreams\backend\ia\datasets\liquenes_desconocidos\residuos_basura\rb_0026.jpg,2,desconocido,test,residuos_basura,false,rb_0026.jpg
rb_0027.jpg,C:\Users\mance\Documents\Steffi\Lichen-Dreams\backend\ia\datasets\liquenes_desconocidos\residuos_basura\rb_0027.jpg,2,desconocido,test,residuos_basura,false,rb_0027.jpg
rb_0028.jpg,C:\Users\mance\Documents\Steffi\Lichen-Dreams\backend\ia\datasets\liquenes_desconocidos\residuos_basura\rb_0028.jpg,2,desconocido,test,residuos_basura,false,rb_0028.jpg
rb_0029.jpg,C:\Users\mance\Documents\Steffi\Lichen-Dreams\backend\ia\datasets\liquenes_desconocidos\residuos_basura\rb_0029.jpg,2,desconocido,test,residuos_basura,false,rb_0029.jpg
rb_0030.jpg,C:\Users\mance\Documents\Steffi\Lichen-Dreams\backend\ia\datasets\liquenes_desconocidos\residuos_basura\rb_0030.jpg,2,desconocido,test,residuos_basura,false,rb_0030.jpg
rb_0031.jpg,C:\Users\mance\Documents\Steffi\Lichen-Dreams\backend\ia\datasets\liquenes_desconocidos\residuos_basura\rb_0031.jpg,2,desconocido,test,residuos_basura,false,rb_0031.jpg
rb_0032.jpg,C:\Users\mance\Documents\Steffi\Lichen-Dreams\backend\ia\datasets\liquenes_desconocidos\residuos_basura\rb_0032.jpg,2,desconocido,test,residuos_basura,false,rb_0032.jpg
rb_0033.jpg,C:\Users\mance\Documents\Steffi\Lichen-Dreams\backend\ia\datasets\liquenes_desconocidos\residuos_basura\rb_0033.jpg,2,desconocido,test,residuos_basura,false,rb_0033.jpg
rb_0034.jpg,C:\Users\mance\Documents\Steffi\Lichen-Dreams\backend\ia\datasets\liquenes_desconocidos\residuos_basura\rb_0034.jpg,2,desconocido,test,residuos_basura,false,rb_0034.jpg
rb_0035.jpeg,C:\Users\mance\Documents\Steffi\Lichen-Dreams\backend\ia\datasets\liquenes_desconocidos\residuos_basura\rb_0035.jpeg,2,desconocido,test,residuos_basura,false,rb_0035.jpeg
rb_0036.jpeg,C:\Users\mance\Documents\Steffi\Lichen-Dreams\backend\ia\datasets\liquenes_desconocidos\residuos_basura\rb_0036.jpeg,2,desconocido,test,residuos_basura,false,rb_0036.jpeg
ro_0001.jpg,C:\Users\mance\Documents\Steffi\Lichen-Dreams\backend\ia\datasets\liquenes_desconocidos\ropa\ro_0001.jpg,2,desconocido,train,ropa,false,ro_0001.jpg
ro_0002.jpg,C:\Users\mance\Documents\Steffi\Lichen-Dreams\backend\ia\datasets\liquenes_desconocidos\ropa\ro_0002.jpg,2,desconocido,train,ropa,false,ro_0002.jpg
ro_0003.jpg,C:\Users\mance\Documents\Steffi\Lichen-Dreams\backend\ia\datasets\liquenes_desconocidos\ropa\ro_0003.jpg,2,desconocido,train,ropa,false,ro_0003.jpg
ro_0004.jpg,C:\Users\mance\Documents\Steffi\Lichen-Dreams\backend\ia\datasets\liquenes_desconocidos\ropa\ro_0004.jpg,2,desconocido,train,ropa,false,ro_0004.jpg
ro_0005.jpg,C:\Users\mance\Documents\Steffi\Lichen-Dreams\backend\ia\datasets\liquenes_desconocidos\ropa\ro_0005.jpg,2,desconocido,train,ropa,false,ro_0005.jpg
ro_0006.jpg,C:\Users\mance\Documents\Steffi\Lichen-Dreams\backend\ia\datasets\liquenes_desconocidos\ropa\ro_0006.jpg,2,desconocido,train,ropa,false,ro_0006.jpg
ro_0007.jpg,C:\Users\mance\Documents\Steffi\Lichen-Dreams\backend\ia\datasets\liquenes_desconocidos\ropa\ro_0007.jpg,2,desconocido,train,ropa,false,ro_0007.jpg
ro_0008.jpg,C:\Users\mance\Documents\Steffi\Lichen-Dreams\backend\ia\datasets\liquenes_desconocidos\ropa\ro_0008.jpg,2,desconocido,train,ropa,false,ro_0008.jpg
ro_0009.jpg,C:\Users\mance\Documents\Steffi\Lichen-Dreams\backend\ia\datasets\liquenes_desconocidos\ropa\ro_0009.jpg,2,desconocido,train,ropa,false,ro_0009.jpg
ro_0010.jpg,C:\Users\mance\Documents\Steffi\Lichen-Dreams\backend\ia\datasets\liquenes_desconocidos\ropa\ro_0010.jpg,2,desconocido,train,ropa,false,ro_0010.jpg
ro_0011.jpg,C:\Users\mance\Documents\Steffi\Lichen-Dreams\backend\ia\datasets\liquenes_desconocidos\ropa\ro_0011.jpg,2,desconocido,train,ropa,false,ro_0011.jpg
ro_0012.jpg,C:\Users\mance\Documents\Steffi\Lichen-Dreams\backend\ia\datasets\liquenes_desconocidos\ropa\ro_0012.jpg,2,desconocido,train,ropa,false,ro_0012.jpg
ro_0013.jpg,C:\Users\mance\Documents\Steffi\Lichen-Dreams\backend\ia\datasets\liquenes_desconocidos\ropa\ro_0013.jpg,2,desconocido,train,ropa,false,ro_0013.jpg
ro_0014.jpg,C:\Users\mance\Documents\Steffi\Lichen-Dreams\backend\ia\datasets\liquenes_desconocidos\ropa\ro_0014.jpg,2,desconocido,train,ropa,false,ro_0014.jpg
ro_0015.jpg,C:\Users\mance\Documents\Steffi\Lichen-Dreams\backend\ia\datasets\liquenes_desconocidos\ropa\ro_0015.jpg,2,desconocido,train,ropa,false,ro_0015.jpg
ro_0016.jpg,C:\Users\mance\Documents\Steffi\Lichen-Dreams\backend\ia\datasets\liquenes_desconocidos\ropa\ro_0016.jpg,2,desconocido,train,ropa,false,ro_0016.jpg
ro_0017.webp,C:\Users\mance\Documents\Steffi\Lichen-Dreams\backend\ia\datasets\liquenes_desconocidos\ropa\ro_0017.webp,2,desconocido,train,ropa,false,ro_0017.webp
ro_0018.jpg,C:\Users\mance\Documents\Steffi\Lichen-Dreams\backend\ia\datasets\liquenes_desconocidos\ropa\ro_0018.jpg,2,desconocido,train,ropa,false,ro_0018.jpg
ro_0019.jpg,C:\Users\mance\Documents\Steffi\Lichen-Dreams\backend\ia\datasets\liquenes_desconocidos\ropa\ro_0019.jpg,2,desconocido,train,ropa,false,ro_0019.jpg
ro_0020.jpg,C:\Users\mance\Documents\Steffi\Lichen-Dreams\backend\ia\datasets\liquenes_desconocidos\ropa\ro_0020.jpg,2,desconocido,train,ropa,false,ro_0020.jpg
ro_0021.jpg,C:\Users\mance\Documents\Steffi\Lichen-Dreams\backend\ia\datasets\liquenes_desconocidos\ropa\ro_0021.jpg,2,desconocido,train,ropa,false,ro_0021.jpg
ro_0022.jpg,C:\Users\mance\Documents\Steffi\Lichen-Dreams\backend\ia\datasets\liquenes_desconocidos\ropa\ro_0022.jpg,2,desconocido,train,ropa,false,ro_0022.jpg
ro_0023.jpeg,C:\Users\mance\Documents\Steffi\Lichen-Dreams\backend\ia\datasets\liquenes_desconocidos\ropa\ro_0023.jpeg,2,desconocido,train,ropa,false,ro_0023.jpeg
ro_0024.jpeg,C:\Users\mance\Documents\Steffi\Lichen-Dreams\backend\ia\datasets\liquenes_desconocidos\ropa\ro_0024.jpeg,2,desconocido,train,ropa,false,ro_0024.jpeg
ro_0025.png,C:\Users\mance\Documents\Steffi\Lichen-Dreams\backend\ia\datasets\liquenes_desconocidos\ropa\ro_0025.png,2,desconocido,train,ropa,false,ro_0025.png
ro_0026.webp,C:\Users\mance\Documents\Steffi\Lichen-Dreams\backend\ia\datasets\liquenes_desconocidos\ropa\ro_0026.webp,2,desconocido,train,ropa,false,ro_0026.webp
ro_0027.jpg,C:\Users\mance\Documents\Steffi\Lichen-Dreams\backend\ia\datasets\liquenes_desconocidos\ropa\ro_0027.jpg,2,desconocido,train,ropa,false,ro_0027.jpg
ro_0028.jpg,C:\Users\mance\Documents\Steffi\Lichen-Dreams\backend\ia\datasets\liquenes_desconocidos\ropa\ro_0028.jpg,2,desconocido,train,ropa,false,ro_0028.jpg
ro_0029.webp,C:\Users\mance\Documents\Steffi\Lichen-Dreams\backend\ia\datasets\liquenes_desconocidos\ropa\ro_0029.webp,2,desconocido,train,ropa,false,ro_0029.webp
sm_0001.jpg,C:\Users\mance\Documents\Steffi\Lichen-Dreams\backend\ia\datasets\liquenes_desconocidos\superficies_manchadas\sm_0001.jpg,2,desconocido,train,superficies_manchadas,false,sm_0001.jpg
sm_0002.jpg,C:\Users\mance\Documents\Steffi\Lichen-Dreams\backend\ia\datasets\liquenes_desconocidos\superficies_manchadas\sm_0002.jpg,2,desconocido,train,superficies_manchadas,false,sm_0002.jpg
sm_0003.jpg,C:\Users\mance\Documents\Steffi\Lichen-Dreams\backend\ia\datasets\liquenes_desconocidos\superficies_manchadas\sm_0003.jpg,2,desconocido,train,superficies_manchadas,false,sm_0003.jpg
sm_0004.jpg,C:\Users\mance\Documents\Steffi\Lichen-Dreams\backend\ia\datasets\liquenes_desconocidos\superficies_manchadas\sm_0004.jpg,2,desconocido,train,superficies_manchadas,false,sm_0004.jpg
sm_0005.jpg,C:\Users\mance\Documents\Steffi\Lichen-Dreams\backend\ia\datasets\liquenes_desconocidos\superficies_manchadas\sm_0005.jpg,2,desconocido,train,superficies_manchadas,false,sm_0005.jpg
sm_0006.jpg,C:\Users\mance\Documents\Steffi\Lichen-Dreams\backend\ia\datasets\liquenes_desconocidos\superficies_manchadas\sm_0006.jpg,2,desconocido,train,superficies_manchadas,false,sm_0006.jpg
sm_0007.jpg,C:\Users\mance\Documents\Steffi\Lichen-Dreams\backend\ia\datasets\liquenes_desconocidos\superficies_manchadas\sm_0007.jpg,2,desconocido,train,superficies_manchadas,false,sm_0007.jpg
sm_0008.jpg,C:\Users\mance\Documents\Steffi\Lichen-Dreams\backend\ia\datasets\liquenes_desconocidos\superficies_manchadas\sm_0008.jpg,2,desconocido,train,superficies_manchadas,false,sm_0008.jpg
sm_0009.jpg,C:\Users\mance\Documents\Steffi\Lichen-Dreams\backend\ia\datasets\liquenes_desconocidos\superficies_manchadas\sm_0009.jpg,2,desconocido,train,superficies_manchadas,false,sm_0009.jpg
sm_0010.jpg,C:\Users\mance\Documents\Steffi\Lichen-Dreams\backend\ia\datasets\liquenes_desconocidos\superficies_manchadas\sm_0010.jpg,2,desconocido,train,superficies_manchadas,false,sm_0010.jpg
sm_0011.jpg,C:\Users\mance\Documents\Steffi\Lichen-Dreams\backend\ia\datasets\liquenes_desconocidos\superficies_manchadas\sm_0011.jpg,2,desconocido,train,superficies_manchadas,false,sm_0011.jpg
sm_0012.jpg,C:\Users\mance\Documents\Steffi\Lichen-Dreams\backend\ia\datasets\liquenes_desconocidos\superficies_manchadas\sm_0012.jpg,2,desconocido,train,superficies_manchadas,false,sm_0012.jpg
sm_0013.jpg,C:\Users\mance\Documents\Steffi\Lichen-Dreams\backend\ia\datasets\liquenes_desconocidos\superficies_manchadas\sm_0013.jpg,2,desconocido,train,superficies_manchadas,false,sm_0013.jpg
sm_0014.jpg,C:\Users\mance\Documents\Steffi\Lichen-Dreams\backend\ia\datasets\liquenes_desconocidos\superficies_manchadas\sm_0014.jpg,2,desconocido,train,superficies_manchadas,false,sm_0014.jpg
sm_0015.jpg,C:\Users\mance\Documents\Steffi\Lichen-Dreams\backend\ia\datasets\liquenes_desconocidos\superficies_manchadas\sm_0015.jpg,2,desconocido,train,superficies_manchadas,false,sm_0015.jpg
sm_0016.jpg,C:\Users\mance\Documents\Steffi\Lichen-Dreams\backend\ia\datasets\liquenes_desconocidos\superficies_manchadas\sm_0016.jpg,2,desconocido,train,superficies_manchadas,false,sm_0016.jpg
sm_0017.jpg,C:\Users\mance\Documents\Steffi\Lichen-Dreams\backend\ia\datasets\liquenes_desconocidos\superficies_manchadas\sm_0017.jpg,2,desconocido,train,superficies_manchadas,false,sm_0017.jpg
sm_0018.jpg,C:\Users\mance\Documents\Steffi\Lichen-Dreams\backend\ia\datasets\liquenes_desconocidos\superficies_manchadas\sm_0018.jpg,2,desconocido,train,superficies_manchadas,false,sm_0018.jpg
sm_0019.jpg,C:\Users\mance\Documents\Steffi\Lichen-Dreams\backend\ia\datasets\liquenes_desconocidos\superficies_manchadas\sm_0019.jpg,2,desconocido,train,superficies_manchadas,false,sm_0019.jpg
sm_0020.jpg,C:\Users\mance\Documents\Steffi\Lichen-Dreams\backend\ia\datasets\liquenes_desconocidos\superficies_manchadas\sm_0020.jpg,2,desconocido,train,superficies_manchadas,false,sm_0020.jpg
sm_0021.jpeg,C:\Users\mance\Documents\Steffi\Lichen-Dreams\backend\ia\datasets\liquenes_desconocidos\superficies_manchadas\sm_0021.jpeg,2,desconocido,train,superficies_manchadas,false,sm_0021.jpeg
sm_0022.jpeg,C:\Users\mance\Documents\Steffi\Lichen-Dreams\backend\ia\datasets\liquenes_desconocidos\superficies_manchadas\sm_0022.jpeg,2,desconocido,train,superficies_manchadas,false,sm_0022.jpeg
sm_0023.jpeg,C:\Users\mance\Documents\Steffi\Lichen-Dreams\backend\ia\datasets\liquenes_desconocidos\superficies_manchadas\sm_0023.jpeg,2,desconocido,train,superficies_manchadas,false,sm_0023.jpeg
sm_0024.jpeg,C:\Users\mance\Documents\Steffi\Lichen-Dreams\backend\ia\datasets\liquenes_desconocidos\superficies_manchadas\sm_0024.jpeg,2,desconocido,train,superficies_manchadas,false,sm_0024.jpeg
sm_0025.jpeg,C:\Users\mance\Documents\Steffi\Lichen-Dreams\backend\ia\datasets\liquenes_desconocidos\superficies_manchadas\sm_0025.jpeg,2,desconocido,train,superficies_manchadas,false,sm_0025.jpeg
sm_0026.jpeg,C:\Users\mance\Documents\Steffi\Lichen-Dreams\backend\ia\datasets\liquenes_desconocidos\superficies_manchadas\sm_0026.jpeg,2,desconocido,train,superficies_manchadas,false,sm_0026.jpeg
sm_0027.jpeg,C:\Users\mance\Documents\Steffi\Lichen-Dreams\backend\ia\datasets\liquenes_desconocidos\superficies_manchadas\sm_0027.jpeg,2,desconocido,train,superficies_manchadas,false,sm_0027.jpeg
sm_0028.jpeg,C:\Users\mance\Documents\Steffi\Lichen-Dreams\backend\ia\datasets\liquenes_desconocidos\superficies_manchadas\sm_0028.jpeg,2,desconocido,train,superficies_manchadas,false,sm_0028.jpeg
sm_0029.jpeg,C:\Users\mance\Documents\Steffi\Lichen-Dreams\backend\ia\datasets\liquenes_desconocidos\superficies_manchadas\sm_0029.jpeg,2,desconocido,train,superficies_manchadas,false,sm_0029.jpeg
sm_0030.jpeg,C:\Users\mance\Documents\Steffi\Lichen-Dreams\backend\ia\datasets\liquenes_desconocidos\superficies_manchadas\sm_0030.jpeg,2,desconocido,train,superficies_manchadas,false,sm_0030.jpeg
sm_0031.jpeg,C:\Users\mance\Documents\Steffi\Lichen-Dreams\backend\ia\datasets\liquenes_desconocidos\superficies_manchadas\sm_0031.jpeg,2,desconocido,train,superficies_manchadas,false,sm_0031.jpeg
sp_0001.jpg,C:\Users\mance\Documents\Steffi\Lichen-Dreams\backend\ia\datasets\liquenes_desconocidos\superficies_pintadas\sp_0001.jpg,2,desconocido,val,superficies_pintadas,false,sp_0001.jpg
sp_0002.jpg,C:\Users\mance\Documents\Steffi\Lichen-Dreams\backend\ia\datasets\liquenes_desconocidos\superficies_pintadas\sp_0002.jpg,2,desconocido,val,superficies_pintadas,false,sp_0002.jpg
sp_0003.jpg,C:\Users\mance\Documents\Steffi\Lichen-Dreams\backend\ia\datasets\liquenes_desconocidos\superficies_pintadas\sp_0003.jpg,2,desconocido,val,superficies_pintadas,false,sp_0003.jpg
sp_0004.jpg,C:\Users\mance\Documents\Steffi\Lichen-Dreams\backend\ia\datasets\liquenes_desconocidos\superficies_pintadas\sp_0004.jpg,2,desconocido,val,superficies_pintadas,false,sp_0004.jpg
sp_0005.jpg,C:\Users\mance\Documents\Steffi\Lichen-Dreams\backend\ia\datasets\liquenes_desconocidos\superficies_pintadas\sp_0005.jpg,2,desconocido,val,superficies_pintadas,false,sp_0005.jpg
sp_0006.jpg,C:\Users\mance\Documents\Steffi\Lichen-Dreams\backend\ia\datasets\liquenes_desconocidos\superficies_pintadas\sp_0006.jpg,2,desconocido,val,superficies_pintadas,false,sp_0006.jpg
sp_0007.jpg,C:\Users\mance\Documents\Steffi\Lichen-Dreams\backend\ia\datasets\liquenes_desconocidos\superficies_pintadas\sp_0007.jpg,2,desconocido,val,superficies_pintadas,false,sp_0007.jpg
sp_0008.jpg,C:\Users\mance\Documents\Steffi\Lichen-Dreams\backend\ia\datasets\liquenes_desconocidos\superficies_pintadas\sp_0008.jpg,2,desconocido,val,superficies_pintadas,false,sp_0008.jpg
sp_0009.jpg,C:\Users\mance\Documents\Steffi\Lichen-Dreams\backend\ia\datasets\liquenes_desconocidos\superficies_pintadas\sp_0009.jpg,2,desconocido,val,superficies_pintadas,false,sp_0009.jpg
sp_0010.jpg,C:\Users\mance\Documents\Steffi\Lichen-Dreams\backend\ia\datasets\liquenes_desconocidos\superficies_pintadas\sp_0010.jpg,2,desconocido,val,superficies_pintadas,false,sp_0010.jpg
sp_0011.jpg,C:\Users\mance\Documents\Steffi\Lichen-Dreams\backend\ia\datasets\liquenes_desconocidos\superficies_pintadas\sp_0011.jpg,2,desconocido,val,superficies_pintadas,false,sp_0011.jpg
sp_0012.jpg,C:\Users\mance\Documents\Steffi\Lichen-Dreams\backend\ia\datasets\liquenes_desconocidos\superficies_pintadas\sp_0012.jpg,2,desconocido,val,superficies_pintadas,false,sp_0012.jpg
sp_0013.jpg,C:\Users\mance\Documents\Steffi\Lichen-Dreams\backend\ia\datasets\liquenes_desconocidos\superficies_pintadas\sp_0013.jpg,2,desconocido,val,superficies_pintadas,false,sp_0013.jpg
sp_0014.jpg,C:\Users\mance\Documents\Steffi\Lichen-Dreams\backend\ia\datasets\liquenes_desconocidos\superficies_pintadas\sp_0014.jpg,2,desconocido,val,superficies_pintadas,false,sp_0014.jpg
sp_0015.jpg,C:\Users\mance\Documents\Steffi\Lichen-Dreams\backend\ia\datasets\liquenes_desconocidos\superficies_pintadas\sp_0015.jpg,2,desconocido,val,superficies_pintadas,false,sp_0015.jpg
sp_0016.jpg,C:\Users\mance\Documents\Steffi\Lichen-Dreams\backend\ia\datasets\liquenes_desconocidos\superficies_pintadas\sp_0016.jpg,2,desconocido,val,superficies_pintadas,false,sp_0016.jpg
sp_0017.jpg,C:\Users\mance\Documents\Steffi\Lichen-Dreams\backend\ia\datasets\liquenes_desconocidos\superficies_pintadas\sp_0017.jpg,2,desconocido,val,superficies_pintadas,false,sp_0017.jpg
sp_0018.jpg,C:\Users\mance\Documents\Steffi\Lichen-Dreams\backend\ia\datasets\liquenes_desconocidos\superficies_pintadas\sp_0018.jpg,2,desconocido,val,superficies_pintadas,false,sp_0018.jpg
sp_0019.jpg,C:\Users\mance\Documents\Steffi\Lichen-Dreams\backend\ia\datasets\liquenes_desconocidos\superficies_pintadas\sp_0019.jpg,2,desconocido,val,superficies_pintadas,false,sp_0019.jpg
sp_0020.jpg,C:\Users\mance\Documents\Steffi\Lichen-Dreams\backend\ia\datasets\liquenes_desconocidos\superficies_pintadas\sp_0020.jpg,2,desconocido,val,superficies_pintadas,false,sp_0020.jpg
sp_0021.jpeg,C:\Users\mance\Documents\Steffi\Lichen-Dreams\backend\ia\datasets\liquenes_desconocidos\superficies_pintadas\sp_0021.jpeg,2,desconocido,val,superficies_pintadas,false,sp_0021.jpeg
sp_0022.jpeg,C:\Users\mance\Documents\Steffi\Lichen-Dreams\backend\ia\datasets\liquenes_desconocidos\superficies_pintadas\sp_0022.jpeg,2,desconocido,val,superficies_pintadas,false,sp_0022.jpeg
sp_0023.jpeg,C:\Users\mance\Documents\Steffi\Lichen-Dreams\backend\ia\datasets\liquenes_desconocidos\superficies_pintadas\sp_0023.jpeg,2,desconocido,val,superficies_pintadas,false,sp_0023.jpeg
sp_0024.jpeg,C:\Users\mance\Documents\Steffi\Lichen-Dreams\backend\ia\datasets\liquenes_desconocidos\superficies_pintadas\sp_0024.jpeg,2,desconocido,val,superficies_pintadas,false,sp_0024.jpeg
sp_0025.jpeg,C:\Users\mance\Documents\Steffi\Lichen-Dreams\backend\ia\datasets\liquenes_desconocidos\superficies_pintadas\sp_0025.jpeg,2,desconocido,val,superficies_pintadas,false,sp_0025.jpeg
sp_0026.jpeg,C:\Users\mance\Documents\Steffi\Lichen-Dreams\backend\ia\datasets\liquenes_desconocidos\superficies_pintadas\sp_0026.jpeg,2,desconocido,val,superficies_pintadas,false,sp_0026.jpeg
sp_0027.jpeg,C:\Users\mance\Documents\Steffi\Lichen-Dreams\backend\ia\datasets\liquenes_desconocidos\superficies_pintadas\sp_0027.jpeg,2,desconocido,val,superficies_pintadas,false,sp_0027.jpeg
sp_0028.jpeg,C:\Users\mance\Documents\Steffi\Lichen-Dreams\backend\ia\datasets\liquenes_desconocidos\superficies_pintadas\sp_0028.jpeg,2,desconocido,val,superficies_pintadas,false,sp_0028.jpeg
sp_0029.jpeg,C:\Users\mance\Documents\Steffi\Lichen-Dreams\backend\ia\datasets\liquenes_desconocidos\superficies_pintadas\sp_0029.jpeg,2,desconocido,val,superficies_pintadas,false,sp_0029.jpeg
sp_0030.jpeg,C:\Users\mance\Documents\Steffi\Lichen-Dreams\backend\ia\datasets\liquenes_desconocidos\superficies_pintadas\sp_0030.jpeg,2,desconocido,val,superficies_pintadas,false,sp_0030.jpeg
sp_0031.jpeg,C:\Users\mance\Documents\Steffi\Lichen-Dreams\backend\ia\datasets\liquenes_desconocidos\superficies_pintadas\sp_0031.jpeg,2,desconocido,val,superficies_pintadas,false,sp_0031.jpeg
sp_0032.jpeg,C:\Users\mance\Documents\Steffi\Lichen-Dreams\backend\ia\datasets\liquenes_desconocidos\superficies_pintadas\sp_0032.jpeg,2,desconocido,val,superficies_pintadas,false,sp_0032.jpeg
sp_0033.jpeg,C:\Users\mance\Documents\Steffi\Lichen-Dreams\backend\ia\datasets\liquenes_desconocidos\superficies_pintadas\sp_0033.jpeg,2,desconocido,val,superficies_pintadas,false,sp_0033.jpeg
sp_0034.jpeg,C:\Users\mance\Documents\Steffi\Lichen-Dreams\backend\ia\datasets\liquenes_desconocidos\superficies_pintadas\sp_0034.jpeg,2,desconocido,val,superficies_pintadas,false,sp_0034.jpeg
sr_0001.jpg,C:\Users\mance\Documents\Steffi\Lichen-Dreams\backend\ia\datasets\liquenes_desconocidos\sombras_reflejos\sr_0001.jpg,2,desconocido,test,sombras_reflejos,false,sr_0001.jpg
sr_0002.jpg,C:\Users\mance\Documents\Steffi\Lichen-Dreams\backend\ia\datasets\liquenes_desconocidos\sombras_reflejos\sr_0002.jpg,2,desconocido,test,sombras_reflejos,false,sr_0002.jpg
sr_0003.jpg,C:\Users\mance\Documents\Steffi\Lichen-Dreams\backend\ia\datasets\liquenes_desconocidos\sombras_reflejos\sr_0003.jpg,2,desconocido,test,sombras_reflejos,false,sr_0003.jpg
sr_0004.jpg,C:\Users\mance\Documents\Steffi\Lichen-Dreams\backend\ia\datasets\liquenes_desconocidos\sombras_reflejos\sr_0004.jpg,2,desconocido,test,sombras_reflejos,false,sr_0004.jpg
sr_0005.jpg,C:\Users\mance\Documents\Steffi\Lichen-Dreams\backend\ia\datasets\liquenes_desconocidos\sombras_reflejos\sr_0005.jpg,2,desconocido,test,sombras_reflejos,false,sr_0005.jpg
sr_0006.jpg,C:\Users\mance\Documents\Steffi\Lichen-Dreams\backend\ia\datasets\liquenes_desconocidos\sombras_reflejos\sr_0006.jpg,2,desconocido,test,sombras_reflejos,false,sr_0006.jpg
sr_0007.jpg,C:\Users\mance\Documents\Steffi\Lichen-Dreams\backend\ia\datasets\liquenes_desconocidos\sombras_reflejos\sr_0007.jpg,2,desconocido,test,sombras_reflejos,false,sr_0007.jpg
sr_0008.jpg,C:\Users\mance\Documents\Steffi\Lichen-Dreams\backend\ia\datasets\liquenes_desconocidos\sombras_reflejos\sr_0008.jpg,2,desconocido,test,sombras_reflejos,false,sr_0008.jpg
sr_0009.jpg,C:\Users\mance\Documents\Steffi\Lichen-Dreams\backend\ia\datasets\liquenes_desconocidos\sombras_reflejos\sr_0009.jpg,2,desconocido,test,sombras_reflejos,false,sr_0009.jpg
sr_0010.jpg,C:\Users\mance\Documents\Steffi\Lichen-Dreams\backend\ia\datasets\liquenes_desconocidos\sombras_reflejos\sr_0010.jpg,2,desconocido,test,sombras_reflejos,false,sr_0010.jpg
sr_0011.jpg,C:\Users\mance\Documents\Steffi\Lichen-Dreams\backend\ia\datasets\liquenes_desconocidos\sombras_reflejos\sr_0011.jpg,2,desconocido,test,sombras_reflejos,false,sr_0011.jpg
sr_0012.jpg,C:\Users\mance\Documents\Steffi\Lichen-Dreams\backend\ia\datasets\liquenes_desconocidos\sombras_reflejos\sr_0012.jpg,2,desconocido,test,sombras_reflejos,false,sr_0012.jpg
sr_0013.jpg,C:\Users\mance\Documents\Steffi\Lichen-Dreams\backend\ia\datasets\liquenes_desconocidos\sombras_reflejos\sr_0013.jpg,2,desconocido,test,sombras_reflejos,false,sr_0013.jpg
sr_0014.jpg,C:\Users\mance\Documents\Steffi\Lichen-Dreams\backend\ia\datasets\liquenes_desconocidos\sombras_reflejos\sr_0014.jpg,2,desconocido,test,sombras_reflejos,false,sr_0014.jpg
sr_0015.jpg,C:\Users\mance\Documents\Steffi\Lichen-Dreams\backend\ia\datasets\liquenes_desconocidos\sombras_reflejos\sr_0015.jpg,2,desconocido,test,sombras_reflejos,false,sr_0015.jpg
sr_0016.jpg,C:\Users\mance\Documents\Steffi\Lichen-Dreams\backend\ia\datasets\liquenes_desconocidos\sombras_reflejos\sr_0016.jpg,2,desconocido,test,sombras_reflejos,false,sr_0016.jpg
st_0001.jpg,C:\Users\mance\Documents\Steffi\Lichen-Dreams\backend\ia\datasets\liquenes_desconocidos\suelo_tierra\st_0001.jpg,2,desconocido,val,suelo_tierra,false,st_0001.jpg
st_0002.jpg,C:\Users\mance\Documents\Steffi\Lichen-Dreams\backend\ia\datasets\liquenes_desconocidos\suelo_tierra\st_0002.jpg,2,desconocido,val,suelo_tierra,false,st_0002.jpg
st_0003.jpg,C:\Users\mance\Documents\Steffi\Lichen-Dreams\backend\ia\datasets\liquenes_desconocidos\suelo_tierra\st_0003.jpg,2,desconocido,val,suelo_tierra,false,st_0003.jpg
st_0004.jpg,C:\Users\mance\Documents\Steffi\Lichen-Dreams\backend\ia\datasets\liquenes_desconocidos\suelo_tierra\st_0004.jpg,2,desconocido,val,suelo_tierra,false,st_0004.jpg
st_0005.jpg,C:\Users\mance\Documents\Steffi\Lichen-Dreams\backend\ia\datasets\liquenes_desconocidos\suelo_tierra\st_0005.jpg,2,desconocido,val,suelo_tierra,false,st_0005.jpg
st_0006.jpg,C:\Users\mance\Documents\Steffi\Lichen-Dreams\backend\ia\datasets\liquenes_desconocidos\suelo_tierra\st_0006.jpg,2,desconocido,val,suelo_tierra,false,st_0006.jpg
st_0007.jpg,C:\Users\mance\Documents\Steffi\Lichen-Dreams\backend\ia\datasets\liquenes_desconocidos\suelo_tierra\st_0007.jpg,2,desconocido,val,suelo_tierra,false,st_0007.jpg
st_0008.jpg,C:\Users\mance\Documents\Steffi\Lichen-Dreams\backend\ia\datasets\liquenes_desconocidos\suelo_tierra\st_0008.jpg,2,desconocido,val,suelo_tierra,false,st_0008.jpg
st_0009.jpg,C:\Users\mance\Documents\Steffi\Lichen-Dreams\backend\ia\datasets\liquenes_desconocidos\suelo_tierra\st_0009.jpg,2,desconocido,val,suelo_tierra,false,st_0009.jpg
st_0010.jpg,C:\Users\mance\Documents\Steffi\Lichen-Dreams\backend\ia\datasets\liquenes_desconocidos\suelo_tierra\st_0010.jpg,2,desconocido,val,suelo_tierra,false,st_0010.jpg
st_0011.jpg,C:\Users\mance\Documents\Steffi\Lichen-Dreams\backend\ia\datasets\liquenes_desconocidos\suelo_tierra\st_0011.jpg,2,desconocido,val,suelo_tierra,false,st_0011.jpg
st_0012.jpg,C:\Users\mance\Documents\Steffi\Lichen-Dreams\backend\ia\datasets\liquenes_desconocidos\suelo_tierra\st_0012.jpg,2,desconocido,val,suelo_tierra,false,st_0012.jpg
st_0013.jpg,C:\Users\mance\Documents\Steffi\Lichen-Dreams\backend\ia\datasets\liquenes_desconocidos\suelo_tierra\st_0013.jpg,2,desconocido,val,suelo_tierra,false,st_0013.jpg
st_0014.jpg,C:\Users\mance\Documents\Steffi\Lichen-Dreams\backend\ia\datasets\liquenes_desconocidos\suelo_tierra\st_0014.jpg,2,desconocido,val,suelo_tierra,false,st_0014.jpg
st_0015.jpg,C:\Users\mance\Documents\Steffi\Lichen-Dreams\backend\ia\datasets\liquenes_desconocidos\suelo_tierra\st_0015.jpg,2,desconocido,val,suelo_tierra,false,st_0015.jpg
st_0016.jpg,C:\Users\mance\Documents\Steffi\Lichen-Dreams\backend\ia\datasets\liquenes_desconocidos\suelo_tierra\st_0016.jpg,2,desconocido,val,suelo_tierra,false,st_0016.jpg
st_0017.jpg,C:\Users\mance\Documents\Steffi\Lichen-Dreams\backend\ia\datasets\liquenes_desconocidos\suelo_tierra\st_0017.jpg,2,desconocido,val,suelo_tierra,false,st_0017.jpg
st_0018.jpg,C:\Users\mance\Documents\Steffi\Lichen-Dreams\backend\ia\datasets\liquenes_desconocidos\suelo_tierra\st_0018.jpg,2,desconocido,val,suelo_tierra,false,st_0018.jpg
st_0019.jpg,C:\Users\mance\Documents\Steffi\Lichen-Dreams\backend\ia\datasets\liquenes_desconocidos\suelo_tierra\st_0019.jpg,2,desconocido,val,suelo_tierra,false,st_0019.jpg
st_0020.jpg,C:\Users\mance\Documents\Steffi\Lichen-Dreams\backend\ia\datasets\liquenes_desconocidos\suelo_tierra\st_0020.jpg,2,desconocido,val,suelo_tierra,false,st_0020.jpg
st_0021.jpg,C:\Users\mance\Documents\Steffi\Lichen-Dreams\backend\ia\datasets\liquenes_desconocidos\suelo_tierra\st_0021.jpg,2,desconocido,val,suelo_tierra,false,st_0021.jpg
st_0022.jpg,C:\Users\mance\Documents\Steffi\Lichen-Dreams\backend\ia\datasets\liquenes_desconocidos\suelo_tierra\st_0022.jpg,2,desconocido,val,suelo_tierra,false,st_0022.jpg
st_0023.jpg,C:\Users\mance\Documents\Steffi\Lichen-Dreams\backend\ia\datasets\liquenes_desconocidos\suelo_tierra\st_0023.jpg,2,desconocido,val,suelo_tierra,false,st_0023.jpg
st_0024.jpg,C:\Users\mance\Documents\Steffi\Lichen-Dreams\backend\ia\datasets\liquenes_desconocidos\suelo_tierra\st_0024.jpg,2,desconocido,val,suelo_tierra,false,st_0024.jpg
st_0025.jpg,C:\Users\mance\Documents\Steffi\Lichen-Dreams\backend\ia\datasets\liquenes_desconocidos\suelo_tierra\st_0025.jpg,2,desconocido,val,suelo_tierra,false,st_0025.jpg
st_0026.jpg,C:\Users\mance\Documents\Steffi\Lichen-Dreams\backend\ia\datasets\liquenes_desconocidos\suelo_tierra\st_0026.jpg,2,desconocido,val,suelo_tierra,false,st_0026.jpg
st_0027.jpg,C:\Users\mance\Documents\Steffi\Lichen-Dreams\backend\ia\datasets\liquenes_desconocidos\suelo_tierra\st_0027.jpg,2,desconocido,val,suelo_tierra,false,st_0027.jpg
st_0028.jpg,C:\Users\mance\Documents\Steffi\Lichen-Dreams\backend\ia\datasets\liquenes_desconocidos\suelo_tierra\st_0028.jpg,2,desconocido,val,suelo_tierra,false,st_0028.jpg
st_0029.jpg,C:\Users\mance\Documents\Steffi\Lichen-Dreams\backend\ia\datasets\liquenes_desconocidos\suelo_tierra\st_0029.jpg,2,desconocido,val,suelo_tierra,false,st_0029.jpg
st_0030.jpg,C:\Users\mance\Documents\Steffi\Lichen-Dreams\backend\ia\datasets\liquenes_desconocidos\suelo_tierra\st_0030.jpg,2,desconocido,val,suelo_tierra,false,st_0030.jpg
st_0031.jpg,C:\Users\mance\Documents\Steffi\Lichen-Dreams\backend\ia\datasets\liquenes_desconocidos\suelo_tierra\st_0031.jpg,2,desconocido,val,suelo_tierra,false,st_0031.jpg
st_0032.jpg,C:\Users\mance\Documents\Steffi\Lichen-Dreams\backend\ia\datasets\liquenes_desconocidos\suelo_tierra\st_0032.jpg,2,desconocido,val,suelo_tierra,false,st_0032.jpg
st_0033.jpg,C:\Users\mance\Documents\Steffi\Lichen-Dreams\backend\ia\datasets\liquenes_desconocidos\suelo_tierra\st_0033.jpg,2,desconocido,val,suelo_tierra,false,st_0033.jpg
st_0034.jpg,C:\Users\mance\Documents\Steffi\Lichen-Dreams\backend\ia\datasets\liquenes_desconocidos\suelo_tierra\st_0034.jpg,2,desconocido,val,suelo_tierra,false,st_0034.jpg
st_0035.jpg,C:\Users\mance\Documents\Steffi\Lichen-Dreams\backend\ia\datasets\liquenes_desconocidos\suelo_tierra\st_0035.jpg,2,desconocido,val,suelo_tierra,false,st_0035.jpg
st_0036.jpg,C:\Users\mance\Documents\Steffi\Lichen-Dreams\backend\ia\datasets\liquenes_desconocidos\suelo_tierra\st_0036.jpg,2,desconocido,val,suelo_tierra,false,st_0036.jpg
st_0037.jpg,C:\Users\mance\Documents\Steffi\Lichen-Dreams\backend\ia\datasets\liquenes_desconocidos\suelo_tierra\st_0037.jpg,2,desconocido,val,suelo_tierra,false,st_0037.jpg
st_0038.jpg,C:\Users\mance\Documents\Steffi\Lichen-Dreams\backend\ia\datasets\liquenes_desconocidos\suelo_tierra\st_0038.jpg,2,desconocido,val,suelo_tierra,false,st_0038.jpg
st_0039.jpg,C:\Users\mance\Documents\Steffi\Lichen-Dreams\backend\ia\datasets\liquenes_desconocidos\suelo_tierra\st_0039.jpg,2,desconocido,val,suelo_tierra,false,st_0039.jpg
st_0040.jpg,C:\Users\mance\Documents\Steffi\Lichen-Dreams\backend\ia\datasets\liquenes_desconocidos\suelo_tierra\st_0040.jpg,2,desconocido,val,suelo_tierra,false,st_0040.jpg
ve_0001.jpg,C:\Users\mance\Documents\Steffi\Lichen-Dreams\backend\ia\datasets\liquenes_desconocidos\vehiculos\ve_0001.jpg,2,desconocido,train,vehiculos,false,ve_0001.jpg
ve_0002.jpg,C:\Users\mance\Documents\Steffi\Lichen-Dreams\backend\ia\datasets\liquenes_desconocidos\vehiculos\ve_0002.jpg,2,desconocido,train,vehiculos,false,ve_0002.jpg
ve_0003.jpg,C:\Users\mance\Documents\Steffi\Lichen-Dreams\backend\ia\datasets\liquenes_desconocidos\vehiculos\ve_0003.jpg,2,desconocido,train,vehiculos,false,ve_0003.jpg
ve_0004.jpg,C:\Users\mance\Documents\Steffi\Lichen-Dreams\backend\ia\datasets\liquenes_desconocidos\vehiculos\ve_0004.jpg,2,desconocido,train,vehiculos,false,ve_0004.jpg
ve_0005.jpg,C:\Users\mance\Documents\Steffi\Lichen-Dreams\backend\ia\datasets\liquenes_desconocidos\vehiculos\ve_0005.jpg,2,desconocido,train,vehiculos,false,ve_0005.jpg
ve_0006.jpg,C:\Users\mance\Documents\Steffi\Lichen-Dreams\backend\ia\datasets\liquenes_desconocidos\vehiculos\ve_0006.jpg,2,desconocido,train,vehiculos,false,ve_0006.jpg
ve_0007.jpg,C:\Users\mance\Documents\Steffi\Lichen-Dreams\backend\ia\datasets\liquenes_desconocidos\vehiculos\ve_0007.jpg,2,desconocido,train,vehiculos,false,ve_0007.jpg
ve_0008.jpg,C:\Users\mance\Documents\Steffi\Lichen-Dreams\backend\ia\datasets\liquenes_desconocidos\vehiculos\ve_0008.jpg,2,desconocido,train,vehiculos,false,ve_0008.jpg
ve_0009.jpg,C:\Users\mance\Documents\Steffi\Lichen-Dreams\backend\ia\datasets\liquenes_desconocidos\vehiculos\ve_0009.jpg,2,desconocido,train,vehiculos,false,ve_0009.jpg
ve_0010.jpg,C:\Users\mance\Documents\Steffi\Lichen-Dreams\backend\ia\datasets\liquenes_desconocidos\vehiculos\ve_0010.jpg,2,desconocido,train,vehiculos,false,ve_0010.jpg
ve_0011.jpg,C:\Users\mance\Documents\Steffi\Lichen-Dreams\backend\ia\datasets\liquenes_desconocidos\vehiculos\ve_0011.jpg,2,desconocido,train,vehiculos,false,ve_0011.jpg
ve_0012.jpg,C:\Users\mance\Documents\Steffi\Lichen-Dreams\backend\ia\datasets\liquenes_desconocidos\vehiculos\ve_0012.jpg,2,desconocido,train,vehiculos,false,ve_0012.jpg
ve_0013.jpeg,C:\Users\mance\Documents\Steffi\Lichen-Dreams\backend\ia\datasets\liquenes_desconocidos\vehiculos\ve_0013.jpeg,2,desconocido,train,vehiculos,false,ve_0013.jpeg
ve_0014.jpeg,C:\Users\mance\Documents\Steffi\Lichen-Dreams\backend\ia\datasets\liquenes_desconocidos\vehiculos\ve_0014.jpeg,2,desconocido,train,vehiculos,false,ve_0014.jpeg
ve_0015.jpg,C:\Users\mance\Documents\Steffi\Lichen-Dreams\backend\ia\datasets\liquenes_desconocidos\vehiculos\ve_0015.jpg,2,desconocido,train,vehiculos,false,ve_0015.jpg
ve_0016.webp,C:\Users\mance\Documents\Steffi\Lichen-Dreams\backend\ia\datasets\liquenes_desconocidos\vehiculos\ve_0016.webp,2,desconocido,train,vehiculos,false,ve_0016.webp
ve_0017.jpg,C:\Users\mance\Documents\Steffi\Lichen-Dreams\backend\ia\datasets\liquenes_desconocidos\vehiculos\ve_0017.jpg,2,desconocido,train,vehiculos,false,ve_0017.jpg
ve_0018.jpg,C:\Users\mance\Documents\Steffi\Lichen-Dreams\backend\ia\datasets\liquenes_desconocidos\vehiculos\ve_0018.jpg,2,desconocido,train,vehiculos,false,ve_0018.jpg
ve_0019.jpg,C:\Users\mance\Documents\Steffi\Lichen-Dreams\backend\ia\datasets\liquenes_desconocidos\vehiculos\ve_0019.jpg,2,desconocido,train,vehiculos,false,ve_0019.jpg
ve_0020.jpeg,C:\Users\mance\Documents\Steffi\Lichen-Dreams\backend\ia\datasets\liquenes_desconocidos\vehiculos\ve_0020.jpeg,2,desconocido,train,vehiculos,false,ve_0020.jpeg
ve_0021.jpeg,C:\Users\mance\Documents\Steffi\Lichen-Dreams\backend\ia\datasets\liquenes_desconocidos\vehiculos\ve_0021.jpeg,2,desconocido,train,vehiculos,false,ve_0021.jpeg
ve_0022.jpeg,C:\Users\mance\Documents\Steffi\Lichen-Dreams\backend\ia\datasets\liquenes_desconocidos\vehiculos\ve_0022.jpeg,2,desconocido,train,vehiculos,false,ve_0022.jpeg
ve_0023.jpeg,C:\Users\mance\Documents\Steffi\Lichen-Dreams\backend\ia\datasets\liquenes_desconocidos\vehiculos\ve_0023.jpeg,2,desconocido,train,vehiculos,false,ve_0023.jpeg
ve_0024.jpeg,C:\Users\mance\Documents\Steffi\Lichen-Dreams\backend\ia\datasets\liquenes_desconocidos\vehiculos\ve_0024.jpeg,2,desconocido,train,vehiculos,false,ve_0024.jpeg
ve_0025.webp,C:\Users\mance\Documents\Steffi\Lichen-Dreams\backend\ia\datasets\liquenes_desconocidos\vehiculos\ve_0025.webp,2,desconocido,train,vehiculos,false,ve_0025.webp
ve_0026.jpeg,C:\Users\mance\Documents\Steffi\Lichen-Dreams\backend\ia\datasets\liquenes_desconocidos\vehiculos\ve_0026.jpeg,2,desconocido,train,vehiculos,false,ve_0026.jpeg
ve_0027.jpeg,C:\Users\mance\Documents\Steffi\Lichen-Dreams\backend\ia\datasets\liquenes_desconocidos\vehiculos\ve_0027.jpeg,2,desconocido,train,vehiculos,false,ve_0027.jpeg
ve_0028.jpeg,C:\Users\mance\Documents\Steffi\Lichen-Dreams\backend\ia\datasets\liquenes_desconocidos\vehiculos\ve_0028.jpeg,2,desconocido,train,vehiculos,false,ve_0028.jpeg
ve_0029.jpeg,C:\Users\mance\Documents\Steffi\Lichen-Dreams\backend\ia\datasets\liquenes_desconocidos\vehiculos\ve_0029.jpeg,2,desconocido,train,vehiculos,false,ve_0029.jpeg
ve_0030.jpeg,C:\Users\mance\Documents\Steffi\Lichen-Dreams\backend\ia\datasets\liquenes_desconocidos\vehiculos\ve_0030.jpeg,2,desconocido,train,vehiculos,false,ve_0030.jpeg
ve_0031.jpeg,C:\Users\mance\Documents\Steffi\Lichen-Dreams\backend\ia\datasets\liquenes_desconocidos\vehiculos\ve_0031.jpeg,2,desconocido,train,vehiculos,false,ve_0031.jpeg
ve_0032.jpeg,C:\Users\mance\Documents\Steffi\Lichen-Dreams\backend\ia\datasets\liquenes_desconocidos\vehiculos\ve_0032.jpeg,2,desconocido,train,vehiculos,false,ve_0032.jpeg
ve_0033.jpeg,C:\Users\mance\Documents\Steffi\Lichen-Dreams\backend\ia\datasets\liquenes_desconocidos\vehiculos\ve_0033.jpeg,2,desconocido,train,vehiculos,false,ve_0033.jpeg
ve_0034.jpeg,C:\Users\mance\Documents\Steffi\Lichen-Dreams\backend\ia\datasets\liquenes_desconocidos\vehiculos\ve_0034.jpeg,2,desconocido,train,vehiculos,false,ve_0034.jpeg
ve_0035.jpeg,C:\Users\mance\Documents\Steffi\Lichen-Dreams\backend\ia\datasets\liquenes_desconocidos\vehiculos\ve_0035.jpeg,2,desconocido,train,vehiculos,false,ve_0035.jpeg
ve_0036.jpeg,C:\Users\mance\Documents\Steffi\Lichen-Dreams\backend\ia\datasets\liquenes_desconocidos\vehiculos\ve_0036.jpeg,2,desconocido,train,vehiculos,false,ve_0036.jpeg
ve_0037.jpeg,C:\Users\mance\Documents\Steffi\Lichen-Dreams\backend\ia\datasets\liquenes_desconocidos\vehiculos\ve_0037.jpeg,2,desconocido,train,vehiculos,false,ve_0037.jpeg
ve_0038.jpeg,C:\Users\mance\Documents\Steffi\Lichen-Dreams\backend\ia\datasets\liquenes_desconocidos\vehiculos\ve_0038.jpeg,2,desconocido,train,vehiculos,false,ve_0038.jpeg
ve_0039.jpeg,C:\Users\mance\Documents\Steffi\Lichen-Dreams\backend\ia\datasets\liquenes_desconocidos\vehiculos\ve_0039.jpeg,2,desconocido,train,vehiculos,false,ve_0039.jpeg
ve_0040.jpeg,C:\Users\mance\Documents\Steffi\Lichen-Dreams\backend\ia\datasets\liquenes_desconocidos\vehiculos\ve_0040.jpeg,2,desconocido,train,vehiculos,false,ve_0040.jpeg
ve_0041.jpeg,C:\Users\mance\Documents\Steffi\Lichen-Dreams\backend\ia\datasets\liquenes_desconocidos\vehiculos\ve_0041.jpeg,2,desconocido,train,vehiculos,false,ve_0041.jpeg
ve_0042.jpeg,C:\Users\mance\Documents\Steffi\Lichen-Dreams\backend\ia\datasets\liquenes_desconocidos\vehiculos\ve_0042.jpeg,2,desconocido,train,vehiculos,false,ve_0042.jpeg
ve_0043.jpeg,C:\Users\mance\Documents\Steffi\Lichen-Dreams\backend\ia\datasets\liquenes_desconocidos\vehiculos\ve_0043.jpeg,2,desconocido,train,vehiculos,false,ve_0043.jpeg
ve_0044.jpeg,C:\Users\mance\Documents\Steffi\Lichen-Dreams\backend\ia\datasets\liquenes_desconocidos\vehiculos\ve_0044.jpeg,2,desconocido,train,vehiculos,false,ve_0044.jpeg
ve_0045.jpeg,C:\Users\mance\Documents\Steffi\Lichen-Dreams\backend\ia\datasets\liquenes_desconocidos\vehiculos\ve_0045.jpeg,2,desconocido,train,vehiculos,false,ve_0045.jpeg
ve_0046.jpeg,C:\Users\mance\Documents\Steffi\Lichen-Dreams\backend\ia\datasets\liquenes_desconocidos\vehiculos\ve_0046.jpeg,2,desconocido,train,vehiculos,false,ve_0046.jpeg
ve_0047.jpeg,C:\Users\mance\Documents\Steffi\Lichen-Dreams\backend\ia\datasets\liquenes_desconocidos\vehiculos\ve_0047.jpeg,2,desconocido,train,vehiculos,false,ve_0047.jpeg
ve_0048.jpg,C:\Users\mance\Documents\Steffi\Lichen-Dreams\backend\ia\datasets\liquenes_desconocidos\vehiculos\ve_0048.jpg,2,desconocido,train,vehiculos,false,ve_0048.jpg
vi_0001.jpg,C:\Users\mance\Documents\Steffi\Lichen-Dreams\backend\ia\datasets\liquenes_desconocidos\vidrio\vi_0001.jpg,2,desconocido,val,vidrio,false,vi_0001.jpg
vi_0002.jpg,C:\Users\mance\Documents\Steffi\Lichen-Dreams\backend\ia\datasets\liquenes_desconocidos\vidrio\vi_0002.jpg,2,desconocido,val,vidrio,false,vi_0002.jpg
vi_0003.jpg,C:\Users\mance\Documents\Steffi\Lichen-Dreams\backend\ia\datasets\liquenes_desconocidos\vidrio\vi_0003.jpg,2,desconocido,val,vidrio,false,vi_0003.jpg
vi_0004.jpg,C:\Users\mance\Documents\Steffi\Lichen-Dreams\backend\ia\datasets\liquenes_desconocidos\vidrio\vi_0004.jpg,2,desconocido,val,vidrio,false,vi_0004.jpg
vi_0005.jpg,C:\Users\mance\Documents\Steffi\Lichen-Dreams\backend\ia\datasets\liquenes_desconocidos\vidrio\vi_0005.jpg,2,desconocido,val,vidrio,false,vi_0005.jpg
vi_0006.jpg,C:\Users\mance\Documents\Steffi\Lichen-Dreams\backend\ia\datasets\liquenes_desconocidos\vidrio\vi_0006.jpg,2,desconocido,val,vidrio,false,vi_0006.jpg
vi_0007.jpg,C:\Users\mance\Documents\Steffi\Lichen-Dreams\backend\ia\datasets\liquenes_desconocidos\vidrio\vi_0007.jpg,2,desconocido,val,vidrio,false,vi_0007.jpg
vi_0008.jpg,C:\Users\mance\Documents\Steffi\Lichen-Dreams\backend\ia\datasets\liquenes_desconocidos\vidrio\vi_0008.jpg,2,desconocido,val,vidrio,false,vi_0008.jpg
vi_0009.jpg,C:\Users\mance\Documents\Steffi\Lichen-Dreams\backend\ia\datasets\liquenes_desconocidos\vidrio\vi_0009.jpg,2,desconocido,val,vidrio,false,vi_0009.jpg
vi_0010.jpg,C:\Users\mance\Documents\Steffi\Lichen-Dreams\backend\ia\datasets\liquenes_desconocidos\vidrio\vi_0010.jpg,2,desconocido,val,vidrio,false,vi_0010.jpg
vi_0011.jpg,C:\Users\mance\Documents\Steffi\Lichen-Dreams\backend\ia\datasets\liquenes_desconocidos\vidrio\vi_0011.jpg,2,desconocido,val,vidrio,false,vi_0011.jpg
vi_0012.jpg,C:\Users\mance\Documents\Steffi\Lichen-Dreams\backend\ia\datasets\liquenes_desconocidos\vidrio\vi_0012.jpg,2,desconocido,val,vidrio,false,vi_0012.jpg
vi_0013.jpg,C:\Users\mance\Documents\Steffi\Lichen-Dreams\backend\ia\datasets\liquenes_desconocidos\vidrio\vi_0013.jpg,2,desconocido,val,vidrio,false,vi_0013.jpg
vi_0014.jpg,C:\Users\mance\Documents\Steffi\Lichen-Dreams\backend\ia\datasets\liquenes_desconocidos\vidrio\vi_0014.jpg,2,desconocido,val,vidrio,false,vi_0014.jpg
vi_0015.jpeg,C:\Users\mance\Documents\Steffi\Lichen-Dreams\backend\ia\datasets\liquenes_desconocidos\vidrio\vi_0015.jpeg,2,desconocido,val,vidrio,false,vi_0015.jpeg
vi_0016.jpeg,C:\Users\mance\Documents\Steffi\Lichen-Dreams\backend\ia\datasets\liquenes_desconocidos\vidrio\vi_0016.jpeg,2,desconocido,val,vidrio,false,vi_0016.jpeg
vi_0017.jpg,C:\Users\mance\Documents\Steffi\Lichen-Dreams\backend\ia\datasets\liquenes_desconocidos\vidrio\vi_0017.jpg,2,desconocido,val,vidrio,false,vi_0017.jpg
vi_0018.jpg,C:\Users\mance\Documents\Steffi\Lichen-Dreams\backend\ia\datasets\liquenes_desconocidos\vidrio\vi_0018.jpg,2,desconocido,val,vidrio,false,vi_0018.jpg
